Time [s],Channel 0,Channel 2
0.000000000,0,1
6.953942720,0,0
6.953991840,0,1
10.825758720,1,1
10.826258720,0,1
10.826373760,0,0
10.826758560,1,0
10.826817760,1,1
10.827258560,0,1
10.827312320,0,0
10.827758560,1,0
10.827814560,1,1
10.828258560,0,1
10.828311200,0,0
10.828758560,1,0
10.828813920,1,1
10.829258560,0,1
10.829310400,0,0
10.829758400,1,0
10.829810080,1,1
10.830258400,0,1
10.830310400,0,0
10.830758400,1,0
10.830810240,1,1
10.831258400,0,1
10.831313280,0,0
10.831758400,1,0
10.831810720,1,1
10.832258240,0,1
10.832313760,0,0
10.832758240,1,0
10.832810240,1,1
10.833258240,0,1
10.833313120,0,0
10.833758240,1,0
10.833810080,1,1
10.834258240,0,1
10.834313600,0,0
10.834758080,1,0
10.834809920,1,1
10.835258080,0,1
10.835313440,0,0
10.835758080,1,0
10.835809600,1,1
10.836258080,0,1
10.836313120,0,0
10.836758080,1,0
10.836809600,1,1
10.837258080,0,1
10.837312640,0,0
10.837757920,1,0
10.837809920,1,1
10.838257920,0,1
10.838313280,0,0
10.838757920,1,0
10.838809600,1,1
10.839257920,0,1
10.839313280,0,0
10.839757920,1,0
10.839809760,1,1
10.840257920,0,1
10.840309760,0,0
10.840757760,1,0
10.840809760,1,1
10.841257760,0,1
10.841309280,0,0
10.841757760,1,0
10.841812480,1,1
10.842257760,0,1
10.842309120,0,0
10.842757760,1,0
10.842812960,1,1
10.843257600,0,1
10.843309280,0,0
10.843757600,1,0
10.843814400,1,1
10.844257600,0,1
10.844309120,0,0
10.844757600,1,0
10.844812480,1,1
10.845257600,0,1
10.845309120,0,0
10.845757440,1,0
10.845812320,1,1
10.846257440,0,1
10.846309280,0,0
10.846757440,1,0
10.846812960,1,1
10.847257440,0,1
10.847321600,0,0
10.847757440,1,0
10.847814880,1,1
10.848257440,0,1
10.848309920,0,0
10.848757280,1,0
10.848813120,1,1
10.849257280,0,1
10.849308800,0,0
10.849757280,1,0
10.849812640,1,1
10.850257280,0,1
10.850308960,0,0
10.850757280,1,0
10.850812320,1,1
10.851257280,0,1
10.851308960,0,0
10.851757120,1,0
10.851808800,1,1
10.852257120,0,1
10.852309120,0,0
10.852757120,1,0
10.852808480,1,1
10.853257120,0,1
10.853312640,0,0
10.853757120,1,0
10.853809280,1,1
10.854256960,0,1
10.854312320,0,0
10.854756960,1,0
10.854809120,1,1
10.855256960,0,1
10.855312320,0,0
10.855756960,1,0
10.855808800,1,1
10.856256960,0,1
10.856312320,0,0
10.856756800,1,0
10.856808640,1,1
10.857256800,0,1
10.857312160,0,0
10.857756800,1,0
10.857808480,1,1
10.858256800,0,1
10.858312160,0,0
10.858756800,1,0
10.858808160,1,1
10.859256800,0,1
10.859312320,0,0
10.859756640,1,0
10.859808320,1,1
10.860256640,0,1
10.860312320,0,0
10.860756640,1,0
10.860808480,1,1
10.861256640,0,1
10.861311840,0,0
10.861756640,1,0
10.861808320,1,1
10.862256640,0,1
10.862308000,0,0
10.862756480,1,0
10.862808480,1,1
10.863256480,0,1
10.863308480,0,0
10.863756480,1,0
10.863812320,1,1
10.864256480,0,1
10.864308000,0,0
10.864756480,1,0
10.864811840,1,1
10.865256320,0,1
10.865308160,0,0
10.865756320,1,0
10.865812000,1,1
10.866256320,0,1
10.866308000,0,0
10.866756320,1,0
10.866810880,1,1
10.867256320,0,1
10.867308000,0,0
10.867756160,1,0
10.867811520,1,1
10.868256160,0,1
10.868308000,0,0
10.868756160,1,0
10.868811680,1,1
10.869256160,0,1
10.869307840,0,0
10.869756160,1,0
10.869811840,1,1
10.870256160,0,1
10.870307840,0,0
10.870756000,1,0
10.870811520,1,1
10.871256000,0,1
10.871308160,0,0
10.871756000,1,0
10.871811200,1,1
10.872256000,0,1
10.872307680,0,0
10.872756000,1,0
10.872807360,1,1
10.873256000,0,1
10.873308000,0,0
10.873755840,1,0
10.873808640,1,1
10.874255840,0,1
10.874306880,0,0
10.874755840,1,0
10.874803360,1,1
10.875255840,0,1
10.875307040,0,0
10.875755840,1,0
10.875803040,1,1
10.876255680,0,1
10.876306560,0,0
10.876755680,1,0
10.876803360,1,1
10.877255680,0,1
10.877306720,0,0
10.877755680,1,0
10.877803200,1,1
10.878255680,0,1
10.878306400,0,0
10.878755520,1,0
10.878802720,1,1
10.879255520,0,1
10.879306880,0,0
10.879755520,1,0
10.879803040,1,1
10.880255520,0,1
10.880306240,0,0
10.880755520,1,0
10.880802720,1,1
10.881255520,0,1
10.881306400,0,0
10.881755360,1,0
10.881802880,1,1
10.882255360,0,1
10.882305920,0,0
10.882755360,1,0
10.882802880,1,1
10.883255360,0,1
10.883305760,0,0
10.883755360,1,0
10.883810560,1,1
10.884255360,0,1
10.884307680,0,0
10.884755200,1,0
10.884807520,1,1
10.885255200,0,1
10.885306720,0,0
10.885755200,1,0
10.885810240,1,1
10.886255200,0,1
10.886307040,0,0
10.886755200,1,0
10.886810240,1,1
10.887255040,0,1
10.887306240,0,0
10.887755040,1,0
10.887810240,1,1
10.888255040,0,1
10.888306560,0,0
10.888755040,1,0
10.888810240,1,1
10.889255040,0,1
10.889306880,0,0
10.889754880,1,0
10.889809920,1,1
10.890254880,0,1
10.890306720,0,0
10.890754880,1,0
10.890810400,1,1
10.891254880,0,1
10.891306560,0,0
10.891754880,1,0
10.891810080,1,1
10.892254880,0,1
10.892306720,0,0
10.892754720,1,0
10.892810400,1,1
10.893254720,0,1
10.893306240,0,0
10.893754720,1,0
10.893811040,1,1
10.894254720,0,1
10.894306560,0,0
10.894754720,1,0
10.894806560,1,1
10.895254720,0,1
10.895306880,0,0
10.895754560,1,0
10.895806560,1,1
10.896254560,0,1
10.896309440,0,0
10.896754560,1,0
10.896806240,1,1
10.897254560,0,1
10.897309440,0,0
10.897754560,1,0
10.897806080,1,1
10.898254400,0,1
10.898309280,0,0
10.898754400,1,0
10.898806400,1,1
10.899254400,0,1
10.899309600,0,0
10.899754400,1,0
10.899806240,1,1
10.900254400,0,1
10.900309600,0,0
10.900754240,1,0
10.900805760,1,1
10.901254240,0,1
10.901309440,0,0
10.901754240,1,0
10.901805600,1,1
10.902254240,0,1
10.902310240,0,0
10.902754240,1,0
10.902805440,1,1
10.903254240,0,1
10.903309120,0,0
10.903754080,1,0
10.903806720,1,1
10.904254080,0,1
10.904309600,0,0
10.904754080,1,0
10.904805760,1,1
10.905254080,0,1
10.905305760,0,0
10.905754080,1,0
10.905806080,1,1
10.906254080,0,1
10.906305440,0,0
10.906753920,1,0
10.906808800,1,1
10.907253920,0,1
10.907305440,0,0
10.907753920,1,0
10.907808960,1,1
10.908253920,0,1
10.908305600,0,0
10.908753920,1,0
10.908808640,1,1
10.909253760,0,1
10.909306080,0,0
10.909753760,1,0
10.909808960,1,1
10.910253760,0,1
10.910305120,0,0
10.910753760,1,0
10.910808640,1,1
10.911253760,0,1
10.911305280,0,0
10.911753600,1,0
10.911808640,1,1
10.912253600,0,1
10.912305600,0,0
10.912753600,1,0
10.912808640,1,1
10.913253600,0,1
10.913304960,0,0
10.913753600,1,0
10.913809440,1,1
10.914253600,0,1
10.914305920,0,0
10.914753440,1,0
10.914808800,1,1
10.915253440,0,1
10.915304960,0,0
10.915753440,1,0
10.915808640,1,1
10.916253440,0,1
10.916305280,0,0
10.916753440,1,0
10.916804800,1,1
10.917253440,0,1
10.917305760,0,0
10.917753280,1,0
10.917805120,1,1
10.918253280,0,1
10.918308640,0,0
10.918753280,1,0
10.918805440,1,1
10.919253280,0,1
10.919308320,0,0
10.919753280,1,0
10.919804640,1,1
10.920253120,0,1
10.920307840,0,0
10.920753120,1,0
10.920805280,1,1
10.921253120,0,1
10.921307520,0,0
10.921753120,1,0
10.921804800,1,1
10.922253120,0,1
10.922308160,0,0
10.922752960,1,0
10.922804320,1,1
10.923252960,0,1
10.923308480,0,0
10.923752960,1,0
10.923805600,1,1
10.924252960,0,1
10.924307840,0,0
10.924752960,1,0
10.924804960,1,1
10.925252960,0,1
10.925308320,0,0
10.925752800,1,0
10.925804320,1,1
10.926252800,0,1
10.926308160,0,0
10.926752800,1,0
10.926804160,1,1
10.927252800,0,1
10.927304640,0,0
10.927752800,1,0
10.927804960,1,1
10.928252800,0,1
10.928304320,0,0
10.928752640,1,0
10.928807680,1,1
10.929252640,0,1
10.929304160,0,0
10.929752640,1,0
10.929807200,1,1
10.930252640,0,1
10.930304480,0,0
10.930752640,1,0
10.930807360,1,1
10.931252480,0,1
10.931304480,0,0
10.931752480,1,0
10.931807680,1,1
10.932252480,0,1
10.932304000,0,0
10.932752480,1,0
10.932807520,1,1
10.933252480,0,1
10.933304160,0,0
10.933752320,1,0
10.933808000,1,1
10.934252320,0,1
10.934304000,0,0
10.934752320,1,0
10.934807680,1,1
10.935252320,0,1
10.935303840,0,0
10.935752320,1,0
10.935807360,1,1
10.936252320,0,1
10.936304160,0,0
10.936752160,1,0
10.936807360,1,1
10.937252160,0,1
10.937303840,0,0
10.937752160,1,0
10.937803520,1,1
10.938252160,0,1
10.938304000,0,0
10.938752160,1,0
10.938803680,1,1
10.939252160,0,1
10.939307040,0,0
10.939752000,1,0
10.939803520,1,1
10.940252000,0,1
10.940307040,0,0
10.940752000,1,0
10.940803360,1,1
10.941252000,0,1
10.941306880,0,0
10.941752000,1,0
10.941803520,1,1
10.942251840,0,1
10.942306880,0,0
10.942751840,1,0
10.942803360,1,1
10.943251840,0,1
10.943306560,0,0
10.943751840,1,0
10.943804480,1,1
10.944251840,0,1
10.944307040,0,0
10.944751680,1,0
10.944803360,1,1
10.945251680,0,1
10.945306560,0,0
10.945751680,1,0
10.945803520,1,1
10.946251680,0,1
10.946306400,0,0
10.946751680,1,0
10.946803520,1,1
10.947251680,0,1
10.947306240,0,0
10.947751520,1,0
10.947803360,1,1
10.948251520,0,1
10.948306560,0,0
10.948751520,1,0
10.948803360,1,1
10.949251520,0,1
10.949303040,0,0
10.949751520,1,0
10.949803200,1,1
10.950251520,0,1
10.950302720,0,0
10.950751360,1,0
10.950806400,1,1
10.951251360,0,1
10.951303040,0,0
10.951751360,1,0
10.951805920,1,1
10.952251360,0,1
10.952303040,0,0
10.952751360,1,0
10.952806240,1,1
10.953251200,0,1
10.953303040,0,0
10.953751200,1,0
10.953803200,1,1
10.954251200,0,1
10.954294560,0,0
10.954751200,1,0
10.954797440,1,1
10.955251200,0,1
10.955294720,0,0
10.955751040,1,0
10.955797440,1,1
10.956251040,0,1
10.956294560,0,0
10.956751040,1,0
10.956797600,1,1
10.957251040,0,1
10.957294400,0,0
10.957751040,1,0
10.957797280,1,1
10.958251040,0,1
10.958294240,0,0
10.958750880,1,0
10.958797440,1,1
10.959250880,0,1
10.959294400,0,0
10.959750880,1,0
10.959794240,1,1
10.960250880,0,1
10.960294240,0,0
10.960750880,1,0
10.960794400,1,1
10.961250880,0,1
10.961297440,0,0
10.961750720,1,0
10.961794240,1,1
10.962250720,0,1
10.962296800,0,0
10.962750720,1,0
10.962793760,1,1
10.963250720,0,1
10.963297120,0,0
10.963750720,1,0
10.963808800,1,1
10.964250560,0,1
10.964304480,0,0
10.964750560,1,0
10.964800320,1,1
10.965250560,0,1
10.965303040,0,0
10.965750560,1,0
10.965799840,1,1
10.966250560,0,1
10.966303040,0,0
10.966750400,1,0
10.966799520,1,1
10.967250400,0,1
10.967302880,0,0
10.967750400,1,0
10.967799360,1,1
10.968250400,0,1
10.968302720,0,0
10.968750400,1,0
10.968799680,1,1
10.969250400,0,1
10.969303040,0,0
10.969750240,1,0
10.969799520,1,1
10.970250240,0,1
10.970334720,0,0
10.970750240,1,0
10.970808160,1,1
10.971250240,0,1
10.971301120,0,0
10.971750240,1,0
10.971804000,1,1
10.972250240,0,1
10.972300640,0,0
10.972750080,1,0
10.972803360,1,1
10.973250080,0,1
10.973300320,0,0
10.973750080,1,0
10.973804320,1,1
10.974250080,0,1
10.974299360,0,0
10.974750080,1,0
10.974802240,1,1
10.975249920,0,1
10.975300000,0,0
10.975749920,1,0
10.975802880,1,1
10.976249920,0,1
10.976299520,0,0
10.976749920,1,0
10.976803040,1,1
10.977249920,0,1
10.977299360,0,0
10.977749760,1,0
10.977802560,1,1
10.978249760,0,1
10.978299360,0,0
10.978749760,1,0
10.978802400,1,1
10.979249760,0,1
10.979299360,0,0
10.979749760,1,0
10.979802240,1,1
10.980249760,0,1
10.980303520,0,0
10.980749600,1,0
10.980804000,1,1
10.981249600,0,1
10.981300160,0,0
10.981749600,1,0
10.981799680,1,1
10.982249600,0,1
10.982300000,0,0
10.982749600,1,0
10.982800000,1,1
10.983249600,0,1
10.983303040,0,0
10.983749440,1,0
10.983800640,1,1
10.984249440,0,1
10.984303040,0,0
10.984749440,1,0
10.984799840,1,1
10.985249440,0,1
10.985302720,0,0
10.985749440,1,0
10.985799520,1,1
10.986249280,0,1
10.986302720,0,0
10.986749280,1,0
10.986799680,1,1
10.987249280,0,1
10.987302560,0,0
10.987749280,1,0
10.987799520,1,1
10.988249280,0,1
10.988302400,0,0
10.988749120,1,0
10.988799360,1,1
10.989249120,0,1
10.989302080,0,0
10.989749120,1,0
10.989799360,1,1
10.990249120,0,1
10.990302720,0,0
10.990749120,1,0
10.990799360,1,1
10.991249120,0,1
10.991302720,0,0
10.991748960,1,0
10.991799520,1,1
10.992248960,0,1
10.992299040,0,0
10.992748960,1,0
10.992799840,1,1
10.993248960,0,1
10.993299360,0,0
10.993748960,1,0
10.993802560,1,1
10.994248960,0,1
10.994297920,0,0
10.994748800,1,0
10.994805120,1,1
10.995248800,0,1
10.995298080,0,0
10.995748800,1,0
10.995808480,1,1
10.996248800,0,1
10.996302880,0,0
10.996748800,1,0
10.996803200,1,1
10.997248640,0,1
10.997300160,0,0
10.997748640,1,0
10.997802880,1,1
10.998248640,0,1
10.998299520,0,0
10.998748640,1,0
10.998802880,1,1
10.999248640,0,1
10.999300480,0,0
10.999748480,1,0
10.999802880,1,1
11.000248480,0,1
11.000299520,0,0
11.000748480,1,0
11.000803200,1,1
11.001248480,0,1
11.001299520,0,0
11.001748480,1,0
11.001802720,1,1
11.002248480,0,1
11.002299360,0,0
11.002748320,1,0
11.002798880,1,1
11.003248320,0,1
11.003299520,0,0
11.003748320,1,0
11.003799680,1,1
11.004248320,0,1
11.004302720,0,0
11.004748320,1,0
11.004798560,1,1
11.005248320,0,1
11.005302080,0,0
11.005748160,1,0
11.005801440,1,1
11.006248160,0,1
11.006303040,0,0
11.006748160,1,0
11.006799520,1,1
11.007248160,0,1
11.007302240,0,0
11.007748160,1,0
11.007799520,1,1
11.008248000,0,1
11.008302560,0,0
11.008748000,1,0
11.008799360,1,1
11.009248000,0,1
11.009302560,0,0
11.009748000,1,0
11.009799200,1,1
11.010248000,0,1
11.010302560,0,0
11.010747840,1,0
11.010799520,1,1
11.011247840,0,1
11.011302080,0,0
11.011747840,1,0
11.011798720,1,1
11.012247840,0,1
11.012302080,0,0
11.012747840,1,0
11.012798880,1,1
11.013247840,0,1
11.013301920,0,0
11.013747680,1,0
11.013799680,1,1
11.014247680,0,1
11.014299360,0,0
11.014747680,1,0
11.014799360,1,1
11.015247680,0,1
11.015298880,0,0
11.015747680,1,0
11.015802560,1,1
11.016247680,0,1
11.016298240,0,0
11.016747520,1,0
11.016801600,1,1
11.017247520,0,1
11.017298400,0,0
11.017747520,1,0
11.017801760,1,1
11.018247520,0,1
11.018298560,0,0
11.018747520,1,0
11.018801760,1,1
11.019247360,0,1
11.019298080,0,0
11.019747360,1,0
11.019801760,1,1
11.020247360,0,1
11.020298560,0,0
11.020747360,1,0
11.020801440,1,1
11.021247360,0,1
11.021298240,0,0
11.021747200,1,0
11.021801600,1,1
11.022247200,0,1
11.022298400,0,0
11.022747200,1,0
11.022801280,1,1
11.023247200,0,1
11.023298400,0,0
11.023747200,1,0
11.023802560,1,1
11.024247200,0,1
11.024298400,0,0
11.024747040,1,0
11.024798080,1,1
11.025247040,0,1
11.025298880,0,0
11.025747040,1,0
11.025798400,1,1
11.026247040,0,1
11.026301120,0,0
11.026747040,1,0
11.026797600,1,1
11.027247040,0,1
11.027301440,0,0
11.027746880,1,0
11.027798400,1,1
11.028246880,0,1
11.028301440,0,0
11.028746880,1,0
11.028797760,1,1
11.029246880,0,1
11.029301280,0,0
11.029746880,1,0
11.029797920,1,1
11.030246720,0,1
11.030301280,0,0
11.030746720,1,0
11.030797760,1,1
11.031246720,0,1
11.031301280,0,0
11.031746720,1,0
11.031797440,1,1
11.032246720,0,1
11.032301280,0,0
11.032746560,1,0
11.032797760,1,1
11.033246560,0,1
11.033301120,0,0
11.033746560,1,0
11.033795040,1,1
11.034246560,0,1
11.034296800,0,0
11.034746560,1,0
11.034793280,1,1
11.035246560,0,1
11.035293120,0,0
11.035746400,1,0
11.035793600,1,1
11.036246400,0,1
11.036293760,0,0
11.036746400,1,0
11.036796960,1,1
11.037246400,0,1
11.037293440,0,0
11.037746400,1,0
11.037796160,1,1
11.038246400,0,1
11.038293440,0,0
11.038746240,1,0
11.038796320,1,1
11.039246240,0,1
11.039293600,0,0
11.039746240,1,0
11.039796800,1,1
11.040246240,0,1
11.040293440,0,0
11.040746240,1,0
11.040796480,1,1
11.041246080,0,1
11.041293600,0,0
11.041746080,1,0
11.041796160,1,1
11.042246080,0,1
11.042293440,0,0
11.042746080,1,0
11.042796320,1,1
11.043246080,0,1
11.043293120,0,0
11.043745920,1,0
11.043800800,1,1
11.044245920,0,1
11.044296320,0,0
11.044745920,1,0
11.044799520,1,1
11.045245920,0,1
11.045296160,0,0
11.045745920,1,0
11.045799360,1,1
11.046245920,0,1
11.046296000,0,0
11.046745760,1,0
11.046795840,1,1
11.047245760,0,1
11.047299040,0,0
11.047745760,1,0
11.047795840,1,1
11.048245760,0,1
11.048299200,0,0
11.048745760,1,0
11.048796000,1,1
11.049245760,0,1
11.049298560,0,0
11.049745600,1,0
11.049796320,1,1
11.050245600,0,1
11.050299040,0,0
11.050745600,1,0
11.050795680,1,1
11.051245600,0,1
11.051298880,0,0
11.051745600,1,0
11.051796000,1,1
11.052245440,0,1
11.052298720,0,0
11.052745440,1,0
11.052795680,1,1
11.053245440,0,1
11.053299040,0,0
11.053745440,1,0
11.053796640,1,1
11.054245440,0,1
11.054298720,0,0
11.054745280,1,0
11.054795680,1,1
11.055245280,0,1
11.055298880,0,0
11.055745280,1,0
11.055796000,1,1
11.056245280,0,1
11.056298720,0,0
11.056745280,1,0
11.056795520,1,1
11.057245280,0,1
11.057295200,0,0
11.057745120,1,0
11.057795680,1,1
11.058245120,0,1
11.058295360,0,0
11.058745120,1,0
11.058798720,1,1
11.059245120,0,1
11.059295520,0,0
11.059745120,1,0
11.059798080,1,1
11.060245120,0,1
11.060295520,0,0
11.060744960,1,0
11.060798080,1,1
11.061244960,0,1
11.061295200,0,0
11.061744960,1,0
11.061798080,1,1
11.062244960,0,1
11.062294880,0,0
11.062744960,1,0
11.062798400,1,1
11.063244800,0,1
11.063294720,0,0
11.063744800,1,0
11.063799840,1,1
11.064244800,0,1
11.064294880,0,0
11.064744800,1,0
11.064798240,1,1
11.065244800,0,1
11.065295360,0,0
11.065744640,1,0
11.065798400,1,1
11.066244640,0,1
11.066294880,0,0
11.066744640,1,0
11.066797920,1,1
11.067244640,0,1
11.067295040,0,0
11.067744640,1,0
11.067795040,1,1
11.068244640,0,1
11.068295200,0,0
11.068744480,1,0
11.068794560,1,1
11.069244480,0,1
11.069297920,0,0
11.069744480,1,0
11.069794720,1,1
11.070244480,0,1
11.070297440,0,0
11.070744480,1,0
11.070795040,1,1
11.071244480,0,1
11.071297760,0,0
11.071744320,1,0
11.071794400,1,1
11.072244320,0,1
11.072297440,0,0
11.072744320,1,0
11.072794560,1,1
11.073244320,0,1
11.073297920,0,0
11.073744320,1,0
11.073795360,1,1
11.074244160,0,1
11.074297920,0,0
11.074744160,1,0
11.074794240,1,1
11.075244160,0,1
11.075297920,0,0
11.075744160,1,0
11.075794560,1,1
11.076244160,0,1
11.076297600,0,0
11.076744000,1,0
11.076794080,1,1
11.077244000,0,1
11.077297600,0,0
11.077744000,1,0
11.077794400,1,1
11.078244000,0,1
11.078297440,0,0
11.078744000,1,0
11.078793920,1,1
11.079244000,0,1
11.079294240,0,0
11.079743840,1,0
11.079797120,1,1
11.080243840,0,1
11.080294080,0,0
11.080743840,1,0
11.080797920,1,1
11.081243840,0,1
11.081290560,0,0
11.081743840,1,0
11.081793760,1,1
11.082243840,0,1
11.082290720,0,0
11.082743680,1,0
11.082793280,1,1
11.083243680,0,1
11.083290240,0,0
11.083743680,1,0
11.083798880,1,1
11.084243680,0,1
11.084294720,0,0
11.084743680,1,0
11.084797280,1,1
11.085243520,0,1
11.085293920,0,0
11.085743520,1,0
11.085797280,1,1
11.086243520,0,1
11.086293760,0,0
11.086743520,1,0
11.086796960,1,1
11.087243520,0,1
11.087293760,0,0
11.087743360,1,0
11.087796800,1,1
11.088243360,0,1
11.088293760,0,0
11.088743360,1,0
11.088796960,1,1
11.089243360,0,1
11.089293600,0,0
11.089743360,1,0
11.089793280,1,1
11.090243360,0,1
11.090293920,0,0
11.090743200,1,0
11.090793440,1,1
11.091243200,0,1
11.091296960,0,0
11.091743200,1,0
11.091793440,1,1
11.092243200,0,1
11.092296800,0,0
11.092743200,1,0
11.092793440,1,1
11.093243200,0,1
11.093296480,0,0
11.093743040,1,0
11.093794240,1,1
11.094243040,0,1
11.094296640,0,0
11.094743040,1,0
11.094793120,1,1
11.095243040,0,1
11.095296640,0,0
11.095743040,1,0
11.095793280,1,1
11.096242880,0,1
11.096296480,0,0
11.096742880,1,0
11.096793120,1,1
11.097242880,0,1
11.097296320,0,0
11.097742880,1,0
11.097793120,1,1
11.098242880,0,1
11.098296160,0,0
11.098742720,1,0
11.098793120,1,1
11.099242720,0,1
11.099296800,0,0
11.099742720,1,0
11.099793440,1,1
11.100242720,0,1
11.100292800,0,0
11.100742720,1,0
11.100792960,1,1
11.101242720,0,1
11.101293120,0,0
11.101742560,1,0
11.101796480,1,1
11.102242560,0,1
11.102292640,0,0
11.102742560,1,0
11.102795840,1,1
11.103242560,0,1
11.103292800,0,0
11.103742560,1,0
11.103796640,1,1
11.104242560,0,1
11.104292960,0,0
11.104742400,1,0
11.104795680,1,1
11.105242400,0,1
11.105292800,0,0
11.105742400,1,0
11.105796000,1,1
11.106242400,0,1
11.106292960,0,0
11.106742400,1,0
11.106795840,1,1
11.107242240,0,1
11.107292160,0,0
11.107742240,1,0
11.107795520,1,1
11.108242240,0,1
11.108292640,0,0
11.108742240,1,0
11.108796000,1,1
11.109242240,0,1
11.109292480,0,0
11.109742080,1,0
11.109795520,1,1
11.110242080,0,1
11.110292320,0,0
11.110742080,1,0
11.110792000,1,1
11.111242080,0,1
11.111292160,0,0
11.111742080,1,0
11.111792160,1,1
11.112242080,0,1
11.112296000,0,0
11.112741920,1,0
11.112792480,1,1
11.113241920,0,1
11.113295360,0,0
11.113741920,1,0
11.113792800,1,1
11.114241920,0,1
11.114295040,0,0
11.114741920,1,0
11.114791840,1,1
11.115241920,0,1
11.115295040,0,0
11.115741760,1,0
11.115792000,1,1
11.116241760,0,1
11.116294880,0,0
11.116741760,1,0
11.116792320,1,1
11.117241760,0,1
11.117295040,0,0
11.117741760,1,0
11.117792160,1,1
11.118241600,0,1
11.118295040,0,0
11.118741600,1,0
11.118792000,1,1
11.119241600,0,1
11.119294880,0,0
11.119741600,1,0
11.119792000,1,1
11.120241600,0,1
11.120295200,0,0
11.120741440,1,0
11.120792160,1,1
11.121241440,0,1
11.121294880,0,0
11.121741440,1,0
11.121791520,1,1
11.122241440,0,1
11.122291360,0,0
11.122741440,1,0
11.122791680,1,1
11.123241440,0,1
11.123291360,0,0
11.123741280,1,0
11.123795520,1,1
11.124241280,0,1
11.124292000,0,0
11.124741280,1,0
11.124794400,1,1
11.125241280,0,1
11.125291200,0,0
11.125741280,1,0
11.125794560,1,1
11.126241280,0,1
11.126291040,0,0
11.126741120,1,0
11.126794400,1,1
11.127241120,0,1
11.127291360,0,0
11.127741120,1,0
11.127794240,1,1
11.128241120,0,1
11.128291520,0,0
11.128741120,1,0
11.128794560,1,1
11.129240960,0,1
11.129290880,0,0
11.129740960,1,0
11.129794240,1,1
11.130240960,0,1
11.130291040,0,0
11.130740960,1,0
11.130793920,1,1
11.131240960,0,1
11.131291360,0,0
11.131740800,1,0
11.131794240,1,1
11.132240800,0,1
11.132291200,0,0
11.132740800,1,0
11.132790560,1,1
11.133240800,0,1
11.133291040,0,0
11.133740800,1,0
11.133792320,1,1
11.134240800,0,1
11.134293920,0,0
11.134740640,1,0
11.134790880,1,1
11.135240640,0,1
11.135294080,0,0
11.135740640,1,0
11.135791040,1,1
11.136240640,0,1
11.136293760,0,0
11.136740640,1,0
11.136790720,1,1
11.137240640,0,1
11.137293920,0,0
11.137740480,1,0
11.137790880,1,1
11.138240480,0,1
11.138293920,0,0
11.138740480,1,0
11.138790560,1,1
11.139240480,0,1
11.139293760,0,0
11.139740480,1,0
11.139790560,1,1
11.140240320,0,1
11.140293760,0,0
11.140740320,1,0
11.140790560,1,1
11.141240320,0,1
11.141293600,0,0
11.141740320,1,0
11.141790880,1,1
11.142240320,0,1
11.142293600,0,0
11.142740160,1,0
11.142790560,1,1
11.143240160,0,1
11.143290400,0,0
11.143740160,1,0
11.143791200,1,1
11.144240160,0,1
11.144290560,0,0
11.144740160,1,0
11.144793280,1,1
11.145240160,0,1
11.145289920,0,0
11.145740000,1,0
11.145793440,1,1
11.146240000,0,1
11.146290080,0,0
11.146740000,1,0
11.146793280,1,1
11.147240000,0,1
11.147290240,0,0
11.147740000,1,0
11.147793120,1,1
11.148240000,0,1
11.148290080,0,0
11.148739840,1,0
11.148793120,1,1
11.149239840,0,1
11.149290080,0,0
11.149739840,1,0
11.149793280,1,1
11.150239840,0,1
11.150289920,0,0
11.150739840,1,0
11.150793280,1,1
11.151239680,0,1
11.151290080,0,0
11.151739680,1,0
11.151793440,1,1
11.152239680,0,1
11.152290080,0,0
11.152739680,1,0
11.152792960,1,1
11.153239680,0,1
11.153289920,0,0
11.153739520,1,0
11.153793280,1,1
11.154239520,0,1
11.154289920,0,0
11.154739520,1,0
11.154789280,1,1
11.155239520,0,1
11.155290400,0,0
11.155739520,1,0
11.155789760,1,1
11.156239520,0,1
11.156292800,0,0
11.156739360,1,0
11.156789760,1,1
11.157239360,0,1
11.157292640,0,0
11.157739360,1,0
11.157789760,1,1
11.158239360,0,1
11.158292480,0,0
11.158739360,1,0
11.158789760,1,1
11.159239360,0,1
11.159292800,0,0
11.159739200,1,0
11.159789600,1,1
11.160239200,0,1
11.160292640,0,0
11.160739200,1,0
11.160789440,1,1
11.161239200,0,1
11.161292800,0,0
11.161739040,1,0
11.161789280,1,1
11.162239040,0,1
11.162292480,0,0
11.162739040,1,0
11.162789280,1,1
11.163239040,0,1
11.163292320,0,0
11.163739040,1,0
11.163788800,1,1
11.164239040,0,1
11.164291040,0,0
11.164738880,1,0
11.164788160,1,1
11.165238880,0,1
11.165287680,0,0
11.165738880,1,0
11.165787840,1,1
11.166238880,0,1
11.166288160,0,0
11.166738880,1,0
11.166790560,1,1
11.167238880,0,1
11.167287520,0,0
11.167738720,1,0
11.167790720,1,1
11.168238720,0,1
11.168287840,0,0
11.168738720,1,0
11.168790560,1,1
11.169238720,0,1
11.169287520,0,0
11.169738720,1,0
11.169790720,1,1
11.170238720,0,1
11.170289440,0,0
11.170738560,1,0
11.170802560,1,1
11.171238560,0,1
11.171297440,0,0
11.171738560,1,0
11.171793440,1,1
11.172238560,0,1
11.172289120,0,0
11.172738400,1,0
11.172792160,1,1
11.173238400,0,1
11.173288640,0,0
11.173738400,1,0
11.173792160,1,1
11.174238400,0,1
11.174288000,0,0
11.174738400,1,0
11.174791040,1,1
11.175238400,0,1
11.175288160,0,0
11.175738240,1,0
11.175788000,1,1
11.176238240,0,1
11.176288000,0,0
11.176738240,1,0
11.176787520,1,1
11.177238240,0,1
11.177291360,0,0
11.177738240,1,0
11.177787520,1,1
11.178238240,0,1
11.178290720,0,0
11.178738080,1,0
11.178787520,1,1
11.179238080,0,1
11.179290880,0,0
11.179738080,1,0
11.179787200,1,1
11.180238080,0,1
11.180290560,0,0
11.180738080,1,0
11.180787360,1,1
11.181237920,0,1
11.181293600,0,0
11.181737920,1,0
11.181788800,1,1
11.182237920,0,1
11.182291840,0,0
11.182737920,1,0
11.182789280,1,1
11.183237920,0,1
11.183291680,0,0
11.183737760,1,0
11.183789600,1,1
11.184237760,0,1
11.184291840,0,0
11.184737760,1,0
11.184788640,1,1
11.185237760,0,1
11.185292000,0,0
11.185737760,1,0
11.185788320,1,1
11.186237760,0,1
11.186291520,0,0
11.186737600,1,0
11.186788640,1,1
11.187237600,0,1
11.187288800,0,0
11.187737600,1,0
11.187788960,1,1
11.188237600,0,1
11.188288160,0,0
11.188737600,1,0
11.188792000,1,1
11.189237600,0,1
11.189288640,0,0
11.189737440,1,0
11.189791680,1,1
11.190237440,0,1
11.190288640,0,0
11.190737440,1,0
11.190791200,1,1
11.191237440,0,1
11.191288000,0,0
11.191737440,1,0
11.191791200,1,1
11.192237280,0,1
11.192288800,0,0
11.192737280,1,0
11.192791200,1,1
11.193237280,0,1
11.193288160,0,0
11.193737280,1,0
11.193792160,1,1
11.194237280,0,1
11.194284160,0,0
11.194737120,1,0
11.194786560,1,1
11.195237120,0,1
11.195283680,0,0
11.195737120,1,0
11.195786560,1,1
11.196237120,0,1
11.196283680,0,0
11.196737120,1,0
11.196786720,1,1
11.197237120,0,1
11.197283840,0,0
11.197736960,1,0
11.197783520,1,1
11.198236960,0,1
11.198283520,0,0
11.198736960,1,0
11.198783360,1,1
11.199236960,0,1
11.199286240,0,0
11.199736960,1,0
11.199783680,1,1
11.200236960,0,1
11.200286240,0,0
11.200736800,1,0
11.200783200,1,1
11.201236800,0,1
11.201286240,0,0
11.201736800,1,0
11.201783200,1,1
11.202236800,0,1
11.202286400,0,0
11.202736800,1,0
11.202783200,1,1
11.203236640,0,1
11.203286560,0,0
11.203736640,1,0
11.203789280,1,1
11.204236640,0,1
11.204291520,0,0
11.204736640,1,0
11.204787520,1,1
11.205236640,0,1
11.205290560,0,0
11.205736480,1,0
11.205787840,1,1
11.206236480,0,1
11.206290560,0,0
11.206736480,1,0
11.206787360,1,1
11.207236480,0,1
11.207290560,0,0
11.207736480,1,0
11.207787040,1,1
11.208236480,0,1
11.208287200,0,0
11.208736320,1,0
11.208787840,1,1
11.209236320,0,1
11.209287520,0,0
11.209736320,1,0
11.209790560,1,1
11.210236320,0,1
11.210287200,0,0
11.210736320,1,0
11.210789760,1,1
11.211236320,0,1
11.211286880,0,0
11.211736160,1,0
11.211790080,1,1
11.212236160,0,1
11.212287360,0,0
11.212736160,1,0
11.212789920,1,1
11.213236160,0,1
11.213287040,0,0
11.213736160,1,0
11.213790720,1,1
11.214236000,0,1
11.214286880,0,0
11.214736000,1,0
11.214790240,1,1
11.215236000,0,1
11.215287360,0,0
11.215736000,1,0
11.215790240,1,1
11.216236000,0,1
11.216287040,0,0
11.216735840,1,0
11.216789760,1,1
11.217235840,0,1
11.217287040,0,0
11.217735840,1,0
11.217789920,1,1
11.218235840,0,1
11.218286560,0,0
11.218735840,1,0
11.218789120,1,1
11.219235840,0,1
11.219286720,0,0
11.219735680,1,0
11.219786560,1,1
11.220235680,0,1
11.220286400,0,0
11.220735680,1,0
11.220786560,1,1
11.221235680,0,1
11.221289440,0,0
11.221735680,1,0
11.221786560,1,1
11.222235680,0,1
11.222289280,0,0
11.222735520,1,0
11.222786080,1,1
11.223235520,0,1
11.223289440,0,0
11.223735520,1,0
11.223787200,1,1
11.224235520,0,1
11.224289440,0,0
11.224735520,1,0
11.224786080,1,1
11.225235360,0,1
11.225288960,0,0
11.225735360,1,0
11.225786400,1,1
11.226235360,0,1
11.226289440,0,0
11.226735360,1,0
11.226786080,1,1
11.227235360,0,1
11.227289120,0,0
11.227735200,1,0
11.227786080,1,1
11.228235200,0,1
11.228289600,0,0
11.228735200,1,0
11.228785920,1,1
11.229235200,0,1
11.229289760,0,0
11.229735200,1,0
11.229786080,1,1
11.230235200,0,1
11.230285920,0,0
11.230735040,1,0
11.230786080,1,1
11.231235040,0,1
11.231286240,0,0
11.231735040,1,0
11.231789440,1,1
11.232235040,0,1
11.232285920,0,0
11.232735040,1,0
11.232788480,1,1
11.233235040,0,1
11.233286080,0,0
11.233734880,1,0
11.233789920,1,1
11.234234880,0,1
11.234285280,0,0
11.234734880,1,0
11.234788480,1,1
11.235234880,0,1
11.235285760,0,0
11.235734880,1,0
11.235788320,1,1
11.236234880,0,1
11.236285760,0,0
11.236734720,1,0
11.236788640,1,1
11.237234720,0,1
11.237285920,0,0
11.237734720,1,0
11.237788640,1,1
11.238234720,0,1
11.238285440,0,0
11.238734560,1,0
11.238788800,1,1
11.239234560,0,1
11.239285440,0,0
11.239734560,1,0
11.239788800,1,1
11.240234560,0,1
11.240285280,0,0
11.240734560,1,0
11.240785280,1,1
11.241234560,0,1
11.241285600,0,0
11.241734400,1,0
11.241785120,1,1
11.242234400,0,1
11.242288320,0,0
11.242734400,1,0
11.242784800,1,1
11.243234400,0,1
11.243288320,0,0
11.243734400,1,0
11.243786080,1,1
11.244234400,0,1
11.244288320,0,0
11.244734240,1,0
11.244785120,1,1
11.245234240,0,1
11.245288320,0,0
11.245734240,1,0
11.245784800,1,1
11.246234240,0,1
11.246288000,0,0
11.246734240,1,0
11.246784800,1,1
11.247234240,0,1
11.247288320,0,0
11.247734080,1,0
11.247785120,1,1
11.248234080,0,1
11.248287840,0,0
11.248734080,1,0
11.248784960,1,1
11.249234080,0,1
11.249288160,0,0
11.249733920,1,0
11.249785120,1,1
11.250233920,0,1
11.250287680,0,0
11.250733920,1,0
11.250784480,1,1
11.251233920,0,1
11.251287680,0,0
11.251733920,1,0
11.251784960,1,1
11.252233920,0,1
11.252284960,0,0
11.252733760,1,0
11.252785280,1,1
11.253233760,0,1
11.253284320,0,0
11.253733760,1,0
11.253788800,1,1
11.254233760,0,1
11.254285120,0,0
11.254733760,1,0
11.254787520,1,1
11.255233760,0,1
11.255284640,0,0
11.255733600,1,0
11.255787520,1,1
11.256233600,0,1
11.256284480,0,0
11.256733600,1,0
11.256787200,1,1
11.257233600,0,1
11.257284160,0,0
11.257733600,1,0
11.257787680,1,1
11.258233600,0,1
11.258284320,0,0
11.258733440,1,0
11.258787200,1,1
11.259233440,0,1
11.259284160,0,0
11.259733440,1,0
11.259787520,1,1
11.260233440,0,1
11.260284480,0,0
11.260733280,1,0
11.260787360,1,1
11.261233280,0,1
11.261284640,0,0
11.261733280,1,0
11.261787520,1,1
11.262233280,0,1
11.262283840,0,0
11.262733280,1,0
11.262784160,1,1
11.263233280,0,1
11.263284800,0,0
11.263733120,1,0
11.263784960,1,1
11.264233120,0,1
11.264287360,0,0
11.264733120,1,0
11.264784160,1,1
11.265233120,0,1
11.265286880,0,0
11.265733120,1,0
11.265783840,1,1
11.266233120,0,1
11.266286880,0,0
11.266732960,1,0
11.266783840,1,1
11.267232960,0,1
11.267287520,0,0
11.267732960,1,0
11.267784160,1,1
11.268232960,0,1
11.268286880,0,0
11.268732960,1,0
11.268784000,1,1
11.269232960,0,1
11.269286880,0,0
11.269732800,1,0
11.269783680,1,1
11.270232800,0,1
11.270287040,0,0
11.270732800,1,0
11.270783840,1,1
11.271232800,0,1
11.271286560,0,0
11.271732640,1,0
11.271783680,1,1
11.272232640,0,1
11.272286400,0,0
11.272732640,1,0
11.272783520,1,1
11.273232640,0,1
11.273283360,0,0
11.273732640,1,0
11.273780640,1,1
11.274232640,0,1
11.274275360,0,0
11.274732480,1,0
11.274778080,1,1
11.275232480,0,1
11.275275040,0,0
11.275732480,1,0
11.275778240,1,1
11.276232480,0,1
11.276274720,0,0
11.276732480,1,0
11.276777600,1,1
11.277232480,0,1
11.277275200,0,0
11.277732320,1,0
11.277777600,1,1
11.278232320,0,1
11.278274880,0,0
11.278732320,1,0
11.278777760,1,1
11.279232320,0,1
11.279274720,0,0
11.279732320,1,0
11.279777760,1,1
11.280232320,0,1
11.280274400,0,0
11.280732160,1,0
11.280777920,1,1
11.281232160,0,1
11.281274720,0,0
11.281732160,1,0
11.281777760,1,1
11.282232160,0,1
11.282274400,0,0
11.282732000,1,0
11.282777600,1,1
11.283232000,0,1
11.283274080,0,0
11.283732000,1,0
11.283817600,1,1
11.284232000,0,1
11.284283200,0,0
11.284732000,1,0
11.284781760,1,1
11.285232000,0,1
11.285281760,0,0
11.285731840,1,0
11.285780800,1,1
11.286231840,0,1
11.286284960,0,0
11.286731840,1,0
11.286781280,1,1
11.287231840,0,1
11.287290400,0,0
11.287731840,1,0
11.287782720,1,1
11.288231840,0,1
11.288283840,0,0
11.288731680,1,0
11.288780640,1,1
11.289231680,0,1
11.289289280,0,0
11.289731680,1,0
11.289781440,1,1
11.290231680,0,1
11.290288640,0,0
11.290731680,1,0
11.290781920,1,1
11.291231680,0,1
11.291284160,0,0
11.291731520,1,0
11.291780960,1,1
11.292231520,0,1
11.292284160,0,0
11.292731520,1,0
11.292780480,1,1
11.293231520,0,1
11.293284320,0,0
11.293731360,1,0
11.293781600,1,1
11.294231360,0,1
11.294284000,0,0
11.294731360,1,0
11.294780960,1,1
11.295231360,0,1
11.295280800,0,0
11.295731360,1,0
11.295780480,1,1
11.296231360,0,1
11.296280480,0,0
11.296731200,1,0
11.296783840,1,1
11.297231200,0,1
11.297280640,0,0
11.297731200,1,0
11.297783520,1,1
11.298231200,0,1
11.298280160,0,0
11.298731200,1,0
11.298783680,1,1
11.299231200,0,1
11.299280160,0,0
11.299731040,1,0
11.299783200,1,1
11.300231040,0,1
11.300280320,0,0
11.300731040,1,0
11.300783680,1,1
11.301231040,0,1
11.301280160,0,0
11.301731040,1,0
11.301783520,1,1
11.302231040,0,1
11.302280000,0,0
11.302730880,1,0
11.302784160,1,1
11.303230880,0,1
11.303280000,0,0
11.303730880,1,0
11.303784000,1,1
11.304230880,0,1
11.304280160,0,0
11.304730720,1,0
11.304783360,1,1
11.305230720,0,1
11.305279840,0,0
11.305730720,1,0
11.305779840,1,1
11.306230720,0,1
11.306279840,0,0
11.306730720,1,0
11.306780160,1,1
11.307230720,0,1
11.307283040,0,0
11.307730560,1,0
11.307779680,1,1
11.308230560,0,1
11.308282560,0,0
11.308730560,1,0
11.308779520,1,1
11.309230560,0,1
11.309282560,0,0
11.309730560,1,0
11.309779840,1,1
11.310230560,0,1
11.310283040,0,0
11.310730400,1,0
11.310779520,1,1
11.311230400,0,1
11.311283040,0,0
11.311730400,1,0
11.311779680,1,1
11.312230400,0,1
11.312282560,0,0
11.312730400,1,0
11.312779520,1,1
11.313230400,0,1
11.313282880,0,0
11.313730240,1,0
11.313779680,1,1
11.314230240,0,1
11.314283360,0,0
11.314730240,1,0
11.314779200,1,1
11.315230240,0,1
11.315282400,0,0
11.315730080,1,0
11.315779040,1,1
11.316230080,0,1
11.316282240,0,0
11.316730080,1,0
11.316779200,1,1
11.317230080,0,1
11.317278880,0,0
11.317730080,1,0
11.317779360,1,1
11.318230080,0,1
11.318279040,0,0
11.318729920,1,0
11.318782240,1,1
11.319229920,0,1
11.319279200,0,0
11.319729920,1,0
11.319781920,1,1
11.320229920,0,1
11.320278880,0,0
11.320729920,1,0
11.320781920,1,1
11.321229920,0,1
11.321278720,0,0
11.321729760,1,0
11.321781920,1,1
11.322229760,0,1
11.322278720,0,0
11.322729760,1,0
11.322782080,1,1
11.323229760,0,1
11.323278560,0,0
11.323729760,1,0
11.323783520,1,1
11.324229760,0,1
11.324279200,0,0
11.324729600,1,0
11.324782720,1,1
11.325229600,0,1
11.325278880,0,0
11.325729600,1,0
11.325781920,1,1
11.326229600,0,1
11.326278560,0,0
11.326729440,1,0
11.326781920,1,1
11.327229440,0,1
11.327278880,0,0
11.327729440,1,0
11.327778560,1,1
11.328229440,0,1
11.328279200,0,0
11.328729440,1,0
11.328778400,1,1
11.329229440,0,1
11.329281920,0,0
11.329729280,1,0
11.329778400,1,1
11.330229280,0,1
11.330281760,0,0
11.330729280,1,0
11.330778720,1,1
11.331229280,0,1
11.331280960,0,0
11.331729280,1,0
11.331778560,1,1
11.332229280,0,1
11.332281760,0,0
11.332729120,1,0
11.332778400,1,1
11.333229120,0,1
11.333281280,0,0
11.333729120,1,0
11.333779200,1,1
11.334229120,0,1
11.334281440,0,0
11.334729120,1,0
11.334778400,1,1
11.335229120,0,1
11.335281120,0,0
11.335728960,1,0
11.335778080,1,1
11.336228960,0,1
11.336281120,0,0
11.336728960,1,0
11.336778400,1,1
11.337228960,0,1
11.337282720,0,0
11.337728800,1,0
11.337774880,1,1
11.338228800,0,1
11.338274080,0,0
11.338728800,1,0
11.338774400,1,1
11.339228800,0,1
11.339274560,0,0
11.339728800,1,0
11.339777440,1,1
11.340228800,0,1
11.340274240,0,0
11.340728640,1,0
11.340777600,1,1
11.341228640,0,1
11.341274400,0,0
11.341728640,1,0
11.341777280,1,1
11.342228640,0,1
11.342274080,0,0
11.342728640,1,0
11.342777120,1,1
11.343228640,0,1
11.343273920,0,0
11.343728480,1,0
11.343785600,1,1
11.344228480,0,1
11.344278560,0,0
11.344728480,1,0
11.344781120,1,1
11.345228480,0,1
11.345278080,0,0
11.345728480,1,0
11.345781120,1,1
11.346228320,0,1
11.346277440,0,0
11.346728320,1,0
11.346780960,1,1
11.347228320,0,1
11.347277600,0,0
11.347728320,1,0
11.347780960,1,1
11.348228320,0,1
11.348277440,0,0
11.348728160,1,0
11.348781120,1,1
11.349228160,0,1
11.349277760,0,0
11.349728160,1,0
11.349777760,1,1
11.350228160,0,1
11.350280160,0,0
11.350728160,1,0
11.350777440,1,1
11.351228160,0,1
11.351280640,0,0
11.351728000,1,0
11.351777600,1,1
11.352228000,0,1
11.352280000,0,0
11.352728000,1,0
11.352777280,1,1
11.353228000,0,1
11.353280320,0,0
11.353728000,1,0
11.353778080,1,1
11.354228000,0,1
11.354279680,0,0
11.354727840,1,0
11.354776960,1,1
11.355227840,0,1
11.355280640,0,0
11.355727840,1,0
11.355777120,1,1
11.356227840,0,1
11.356280160,0,0
11.356727840,1,0
11.356777120,1,1
11.357227840,0,1
11.357279680,0,0
11.357727680,1,0
11.357777120,1,1
11.358227680,0,1
11.358280480,0,0
11.358727680,1,0
11.358776640,1,1
11.359227680,0,1
11.359279840,0,0
11.359727520,1,0
11.359776480,1,1
11.360227520,0,1
11.360276800,0,0
11.360727520,1,0
11.360776960,1,1
11.361227520,0,1
11.361276480,0,0
11.361727520,1,0
11.361780160,1,1
11.362227520,0,1
11.362276640,0,0
11.362727360,1,0
11.362779680,1,1
11.363227360,0,1
11.363276800,0,0
11.363727360,1,0
11.363780480,1,1
11.364227360,0,1
11.364276800,0,0
11.364727360,1,0
11.364779360,1,1
11.365227360,0,1
11.365276800,0,0
11.365727200,1,0
11.365779680,1,1
11.366227200,0,1
11.366276640,0,0
11.366727200,1,0
11.366780000,1,1
11.367227200,0,1
11.367276480,0,0
11.367727200,1,0
11.367779360,1,1
11.368227200,0,1
11.368276480,0,0
11.368727040,1,0
11.368779360,1,1
11.369227040,0,1
11.369275840,0,0
11.369727040,1,0
11.369780000,1,1
11.370227040,0,1
11.370276160,0,0
11.370726880,1,0
11.370775520,1,1
11.371226880,0,1
11.371276160,0,0
11.371726880,1,0
11.371776320,1,1
11.372226880,0,1
11.372279680,0,0
11.372726880,1,0
11.372776160,1,1
11.373226880,0,1
11.373279680,0,0
11.373726720,1,0
11.373776320,1,1
11.374226720,0,1
11.374279040,0,0
11.374726720,1,0
11.374776000,1,1
11.375226720,0,1
11.375278720,0,0
11.375726720,1,0
11.375776160,1,1
11.376226720,0,1
11.376279040,0,0
11.376726560,1,0
11.376775840,1,1
11.377226560,0,1
11.377279520,0,0
11.377726560,1,0
11.377776000,1,1
11.378226560,0,1
11.378279040,0,0
11.378726560,1,0
11.378775520,1,1
11.379226560,0,1
11.379278880,0,0
11.379726400,1,0
11.379775840,1,1
11.380226400,0,1
11.380278880,0,0
11.380726400,1,0
11.380775360,1,1
11.381226400,0,1
11.381278560,0,0
11.381726240,1,0
11.381775520,1,1
11.382226240,0,1
11.382275360,0,0
11.382726240,1,0
11.382778400,1,1
11.383226240,0,1
11.383275680,0,0
11.383726240,1,0
11.383779040,1,1
11.384226240,0,1
11.384275360,0,0
11.384726080,1,0
11.384778080,1,1
11.385226080,0,1
11.385275680,0,0
11.385726080,1,0
11.385778240,1,1
11.386226080,0,1
11.386275680,0,0
11.386726080,1,0
11.386778400,1,1
11.387226080,0,1
11.387275040,0,0
11.387725920,1,0
11.387778720,1,1
11.388225920,0,1
11.388275360,0,0
11.388725920,1,0
11.388778240,1,1
11.389225920,0,1
11.389275040,0,0
11.389725920,1,0
11.389777920,1,1
11.390225920,0,1
11.390275520,0,0
11.390725760,1,0
11.390778240,1,1
11.391225760,0,1
11.391275040,0,0
11.391725760,1,0
11.391778400,1,1
11.392225760,0,1
11.392275360,0,0
11.392725600,1,0
11.392775040,1,1
11.393225600,0,1
11.393275040,0,0
11.393725600,1,0
11.393775680,1,1
11.394225600,0,1
11.394278240,0,0
11.394725600,1,0
11.394774720,1,1
11.395225600,0,1
11.395278240,0,0
11.395725440,1,0
11.395774720,1,1
11.396225440,0,1
11.396278080,0,0
11.396725440,1,0
11.396774720,1,1
11.397225440,0,1
11.397277600,0,0
11.397725440,1,0
11.397774560,1,1
11.398225440,0,1
11.398278080,0,0
11.398725280,1,0
11.398774720,1,1
11.399225280,0,1
11.399277760,0,0
11.399725280,1,0
11.399774240,1,1
11.400225280,0,1
11.400277920,0,0
11.400725280,1,0
11.400774560,1,1
11.401225120,0,1
11.401277760,0,0
11.401725120,1,0
11.401774400,1,1
11.402225120,0,1
11.402277120,0,0
11.402725120,1,0
11.402774080,1,1
11.403225120,0,1
11.403274400,0,0
11.403724960,1,0
11.403775200,1,1
11.404224960,0,1
11.404274080,0,0
11.404724960,1,0
11.404776960,1,1
11.405224960,0,1
11.405274240,0,0
11.405724960,1,0
11.405777280,1,1
11.406224960,0,1
11.406274240,0,0
11.406724800,1,0
11.406777120,1,1
11.407224800,0,1
11.407274400,0,0
11.407724800,1,0
11.407777120,1,1
11.408224800,0,1
11.408273920,0,0
11.408724800,1,0
11.408776960,1,1
11.409224800,0,1
11.409273440,0,0
11.409724640,1,0
11.409777440,1,1
11.410224640,0,1
11.410273920,0,0
11.410724640,1,0
11.410776960,1,1
11.411224640,0,1
11.411273760,0,0
11.411724640,1,0
11.411777120,1,1
11.412224480,0,1
11.412274240,0,0
11.412724480,1,0
11.412777280,1,1
11.413224480,0,1
11.413274080,0,0
11.413724480,1,0
11.413777120,1,1
11.414224480,0,1
11.414274080,0,0
11.414724320,1,0
11.414773760,1,1
11.415224320,0,1
11.415276480,0,0
11.415724320,1,0
11.415773440,1,1
11.416224320,0,1
11.416276800,0,0
11.416724320,1,0
11.416773760,1,1
11.417224320,0,1
11.417276480,0,0
11.417724160,1,0
11.417773120,1,1
11.418224160,0,1
11.418276320,0,0
11.418724160,1,0
11.418773440,1,1
11.419224160,0,1
11.419276320,0,0
11.419724160,1,0
11.419773120,1,1
11.420224160,0,1
11.420276160,0,0
11.420724000,1,0
11.420773440,1,1
11.421224000,0,1
11.421276800,0,0
11.421724000,1,0
11.421773120,1,1
11.422224000,0,1
11.422276160,0,0
11.422724000,1,0
11.422772960,1,1
11.423223840,0,1
11.423276320,0,0
11.423723840,1,0
11.423773920,1,1
11.424223840,0,1
11.424276160,0,0
11.424723840,1,0
11.424773120,1,1
11.425223840,0,1
11.425272960,0,0
11.425723680,1,0
11.425773440,1,1
11.426223680,0,1
11.426272960,0,0
11.426723680,1,0
11.426775680,1,1
11.427223680,0,1
11.427272960,0,0
11.427723680,1,0
11.427776160,1,1
11.428223680,0,1
11.428273120,0,0
11.428723520,1,0
11.428776000,1,1
11.429223520,0,1
11.429273120,0,0
11.429723520,1,0
11.429775840,1,1
11.430223520,0,1
11.430272960,0,0
11.430723520,1,0
11.430776000,1,1
11.431223520,0,1
11.431272480,0,0
11.431723360,1,0
11.431775840,1,1
11.432223360,0,1
11.432272960,0,0
11.432723360,1,0
11.432775840,1,1
11.433223360,0,1
11.433272800,0,0
11.433723360,1,0
11.433777280,1,1
11.434223200,0,1
11.434272480,0,0
11.434723200,1,0
11.434775520,1,1
11.435223200,0,1
11.435272480,0,0
11.435723200,1,0
11.435772480,1,1
11.436223200,0,1
11.436272640,0,0
11.436723040,1,0
11.436772000,1,1
11.437223040,0,1
11.437275360,0,0
11.437723040,1,0
11.437772800,1,1
11.438223040,0,1
11.438275360,0,0
11.438723040,1,0
11.438772320,1,1
11.439223040,0,1
11.439274560,0,0
11.439722880,1,0
11.439772320,1,1
11.440222880,0,1
11.440275200,0,0
11.440722880,1,0
11.440772000,1,1
11.441222880,0,1
11.441275840,0,0
11.441722880,1,0
11.441772160,1,1
11.442222880,0,1
11.442275360,0,0
11.442722720,1,0
11.442772160,1,1
11.443222720,0,1
11.443275200,0,0
11.443722720,1,0
11.443772800,1,1
11.444222720,0,1
11.444275360,0,0
11.444722720,1,0
11.444771680,1,1
11.445222560,0,1
11.445275200,0,0
11.445722560,1,0
11.445771840,1,1
11.446222560,0,1
11.446271520,0,0
11.446722560,1,0
11.446772160,1,1
11.447222560,0,1
11.447271360,0,0
11.447722400,1,0
11.447774560,1,1
11.448222400,0,1
11.448272000,0,0
11.448722400,1,0
11.448774880,1,1
11.449222400,0,1
11.449271680,0,0
11.449722400,1,0
11.449774560,1,1
11.450222400,0,1
11.450271360,0,0
11.450722240,1,0
11.450774720,1,1
11.451222240,0,1
11.451271360,0,0
11.451722240,1,0
11.451774400,1,1
11.452222240,0,1
11.452271200,0,0
11.452722240,1,0
11.452774720,1,1
11.453222240,0,1
11.453271200,0,0
11.453722080,1,0
11.453775360,1,1
11.454222080,0,1
11.454271520,0,0
11.454722080,1,0
11.454774400,1,1
11.455222080,0,1
11.455271680,0,0
11.455722080,1,0
11.455774080,1,1
11.456221920,0,1
11.456271360,0,0
11.456721920,1,0
11.456774240,1,1
11.457221920,0,1
11.457270880,0,0
11.457721920,1,0
11.457771040,1,1
11.458221920,0,1
11.458272000,0,0
11.458721760,1,0
11.458771520,1,1
11.459221760,0,1
11.459274240,0,0
11.459721760,1,0
11.459771040,1,1
11.460221760,0,1
11.460274080,0,0
11.460721760,1,0
11.460770720,1,1
11.461221760,0,1
11.461273920,0,0
11.461721600,1,0
11.461771040,1,1
11.462221600,0,1
11.462273920,0,0
11.462721600,1,0
11.462770720,1,1
11.463221600,0,1
11.463273760,0,0
11.463721600,1,0
11.463771840,1,1
11.464221600,0,1
11.464274400,0,0
11.464721440,1,0
11.464770560,1,1
11.465221440,0,1
11.465274240,0,0
11.465721440,1,0
11.465770400,1,1
11.466221440,0,1
11.466274080,0,0
11.466721440,1,0
11.466770720,1,1
11.467221280,0,1
11.467273600,0,0
11.467721280,1,0
11.467771040,1,1
11.468221280,0,1
11.468270400,0,0
11.468721280,1,0
11.468770400,1,1
11.469221280,0,1
11.469270720,0,0
11.469721120,1,0
11.469773760,1,1
11.470221120,0,1
11.470270720,0,0
11.470721120,1,0
11.470773280,1,1
11.471221120,0,1
11.471270400,0,0
11.471721120,1,0
11.471773600,1,1
11.472221120,0,1
11.472270560,0,0
11.472720960,1,0
11.472772960,1,1
11.473220960,0,1
11.473270240,0,0
11.473720960,1,0
11.473774080,1,1
11.474220960,0,1
11.474270080,0,0
11.474720960,1,0
11.474773440,1,1
11.475220960,0,1
11.475270080,0,0
11.475720800,1,0
11.475773600,1,1
11.476220800,0,1
11.476270400,0,0
11.476720800,1,0
11.476773440,1,1
11.477220800,0,1
11.477270080,0,0
11.477720800,1,0
11.477773120,1,1
11.478220640,0,1
11.478270080,0,0
11.478720640,1,0
11.478769760,1,1
11.479220640,0,1
11.479270400,0,0
11.479720640,1,0
11.479770080,1,1
11.480220640,0,1
11.480272800,0,0
11.480720480,1,0
11.480769600,1,1
11.481220480,0,1
11.481272800,0,0
11.481720480,1,0
11.481769760,1,1
11.482220480,0,1
11.482272800,0,0
11.482720480,1,0
11.482769600,1,1
11.483220480,0,1
11.483272960,0,0
11.483720320,1,0
11.483770560,1,1
11.484220320,0,1
11.484272480,0,0
11.484720320,1,0
11.484769760,1,1
11.485220320,0,1
11.485272960,0,0
11.485720320,1,0
11.485769440,1,1
11.486220320,0,1
11.486272640,0,0
11.486720160,1,0
11.486769440,1,1
11.487220160,0,1
11.487272800,0,0
11.487720160,1,0
11.487769120,1,1
11.488220160,0,1
11.488272480,0,0
11.488720160,1,0
11.488769600,1,1
11.489220000,0,1
11.489272000,0,0
11.489720000,1,0
11.489768800,1,1
11.490220000,0,1
11.490269280,0,0
11.490720000,1,0
11.490769120,1,1
11.491220000,0,1
11.491268960,0,0
11.491719840,1,0
11.491772320,1,1
11.492219840,0,1
11.492269280,0,0
11.492719840,1,0
11.492772000,1,1
11.493219840,0,1
11.493269280,0,0
11.493719840,1,0
11.493772800,1,1
11.494219840,0,1
11.494269280,0,0
11.494719680,1,0
11.494771840,1,1
11.495219680,0,1
11.495268960,0,0
11.495719680,1,0
11.495772000,1,1
11.496219680,0,1
11.496268960,0,0
11.496719680,1,0
11.496771840,1,1
11.497219680,0,1
11.497268960,0,0
11.497719520,1,0
11.497771680,1,1
11.498219520,0,1
11.498268800,0,0
11.498719520,1,0
11.498772000,1,1
11.499219520,0,1
11.499268640,0,0
11.499719520,1,0
11.499772000,1,1
11.500219360,0,1
11.500268480,0,0
11.500719360,1,0
11.500768480,1,1
11.501219360,0,1
11.501268800,0,0
11.501719360,1,0
11.501768640,1,1
11.502219360,0,1
11.502271520,0,0
11.502719200,1,0
11.502768640,1,1
11.503219200,0,1
11.503271520,0,0
11.503719200,1,0
11.503769760,1,1
11.504219200,0,1
11.504271200,0,0
11.504719200,1,0
11.504768640,1,1
11.505219200,0,1
11.505271360,0,0
11.505719040,1,0
11.505768640,1,1
11.506219040,0,1
11.506271520,0,0
11.506719040,1,0
11.506768160,1,1
11.507219040,0,1
11.507271520,0,0
11.507719040,1,0
11.507768160,1,1
11.508219040,0,1
11.508271520,0,0
11.508718880,1,0
11.508768480,1,1
11.509218880,0,1
11.509271520,0,0
11.509718880,1,0
11.509768160,1,1
11.510218880,0,1
11.510271360,0,0
11.510718880,1,0
11.510768320,1,1
11.511218720,0,1
11.511267680,0,0
11.511718720,1,0
11.511768160,1,1
11.512218720,0,1
11.512267680,0,0
11.512718720,1,0
11.512771040,1,1
11.513218720,0,1
11.513268320,0,0
11.513718560,1,0
11.513771360,1,1
11.514218560,0,1
11.514267840,0,0
11.514718560,1,0
11.514770880,1,1
11.515218560,0,1
11.515267840,0,0
11.515718560,1,0
11.515770560,1,1
11.516218560,0,1
11.516268160,0,0
11.516718400,1,0
11.516770400,1,1
11.517218400,0,1
11.517267520,0,0
11.517718400,1,0
11.517771360,1,1
11.518218400,0,1
11.518267360,0,0
11.518718400,1,0
11.518770880,1,1
11.519218400,0,1
11.519267520,0,0
11.519718240,1,0
11.519770720,1,1
11.520218240,0,1
11.520267360,0,0
11.520718240,1,0
11.520770720,1,1
11.521218240,0,1
11.521267520,0,0
11.521718240,1,0
11.521770240,1,1
11.522218080,0,1
11.522267520,0,0
11.522718080,1,0
11.522767360,1,1
11.523218080,0,1
11.523267680,0,0
11.523718080,1,0
11.523768160,1,1
11.524218080,0,1
11.524270240,0,0
11.524717920,1,0
11.524767680,1,1
11.525217920,0,1
11.525270560,0,0
11.525717920,1,0
11.525767360,1,1
11.526217920,0,1
11.526270080,0,0
11.526717920,1,0
11.526767360,1,1
11.527217920,0,1
11.527270240,0,0
11.527717760,1,0
11.527766560,1,1
11.528217760,0,1
11.528270720,0,0
11.528717760,1,0
11.528766880,1,1
11.529217760,0,1
11.529270240,0,0
11.529717760,1,0
11.529767040,1,1
11.530217760,0,1
11.530270400,0,0
11.530717600,1,0
11.530766720,1,1
11.531217600,0,1
11.531270240,0,0
11.531717600,1,0
11.531767040,1,1
11.532217600,0,1
11.532269920,0,0
11.532717600,1,0
11.532766720,1,1
11.533217440,0,1
11.533266720,0,0
11.533717440,1,0
11.533767840,1,1
11.534217440,0,1
11.534266880,0,0
11.534717440,1,0
11.534769600,1,1
11.535217440,0,1
11.535266240,0,0
11.535717280,1,0
11.535769440,1,1
11.536217280,0,1
11.536266720,0,0
11.536717280,1,0
11.536769760,1,1
11.537217280,0,1
11.537266400,0,0
11.537717280,1,0
11.537769600,1,1
11.538217280,0,1
11.538266400,0,0
11.538717120,1,0
11.538769280,1,1
11.539217120,0,1
11.539266400,0,0
11.539717120,1,0
11.539769600,1,1
11.540217120,0,1
11.540266240,0,0
11.540717120,1,0
11.540769280,1,1
11.541217120,0,1
11.541266560,0,0
11.541716960,1,0
11.541769440,1,1
11.542216960,0,1
11.542266560,0,0
11.542716960,1,0
11.542769280,1,1
11.543216960,0,1
11.543266240,0,0
11.543716960,1,0
11.543767040,1,1
11.544216800,0,1
11.544266240,0,0
11.544716800,1,0
11.544766080,1,1
11.545216800,0,1
11.545269120,0,0
11.545716800,1,0
11.545766080,1,1
11.546216800,0,1
11.546268640,0,0
11.546716640,1,0
11.546765920,1,1
11.547216640,0,1
11.547268800,0,0
11.547716640,1,0
11.547765760,1,1
11.548216640,0,1
11.548268960,0,0
11.548716640,1,0
11.548765600,1,1
11.549216640,0,1
11.549269280,0,0
11.549716480,1,0
11.549766080,1,1
11.550216480,0,1
11.550269120,0,0
11.550716480,1,0
11.550765920,1,1
11.551216480,0,1
11.551268960,0,0
11.551716480,1,0
11.551765920,1,1
11.552216480,0,1
11.552268640,0,0
11.552716320,1,0
11.552765440,1,1
11.553216320,0,1
11.553268800,0,0
11.553716320,1,0
11.553766400,1,1
11.554216320,0,1
11.554268640,0,0
11.554716320,1,0
11.554765920,1,1
11.555216160,0,1
11.555265600,0,0
11.555716160,1,0
11.555765760,1,1
11.556216160,0,1
11.556265120,0,0
11.556716160,1,0
11.556768480,1,1
11.557216160,0,1
11.557265600,0,0
11.557716000,1,0
11.557768160,1,1
11.558216000,0,1
11.558265280,0,0
11.558716000,1,0
11.558768160,1,1
11.559216000,0,1
11.559265440,0,0
11.559716000,1,0
11.559768640,1,1
11.560216000,0,1
11.560265440,0,0
11.560715840,1,0
11.560768640,1,1
11.561215840,0,1
11.561264960,0,0
11.561715840,1,0
11.561768320,1,1
11.562215840,0,1
11.562265280,0,0
11.562715840,1,0
11.562768320,1,1
11.563215840,0,1
11.563265280,0,0
11.563715680,1,0
11.563769120,1,1
11.564215680,0,1
11.564265280,0,0
11.564715680,1,0
11.564768000,1,1
11.565215680,0,1
11.565265440,0,0
11.565715680,1,0
11.565764640,1,1
11.566215520,0,1
11.566264960,0,0
11.566715520,1,0
11.566764640,1,1
11.567215520,0,1
11.567268000,0,0
11.567715520,1,0
11.567765120,1,1
11.568215520,0,1
11.568267840,0,0
11.568715360,1,0
11.568764800,1,1
11.569215360,0,1
11.569267680,0,0
11.569715360,1,0
11.569764800,1,1
11.570215360,0,1
11.570267680,0,0
11.570715360,1,0
11.570764160,1,1
11.571215360,0,1
11.571267680,0,0
11.571715200,1,0
11.571764320,1,1
11.572215200,0,1
11.572267360,0,0
11.572715200,1,0
11.572764160,1,1
11.573215200,0,1
11.573267360,0,0
11.573715200,1,0
11.573765280,1,1
11.574215200,0,1
11.574267680,0,0
11.574715040,1,0
11.574764320,1,1
11.575215040,0,1
11.575267520,0,0
11.575715040,1,0
11.575764000,1,1
11.576215040,0,1
11.576264000,0,0
11.576715040,1,0
11.576764320,1,1
11.577214880,0,1
11.577264000,0,0
11.577714880,1,0
11.577767200,1,1
11.578214880,0,1
11.578264320,0,0
11.578714880,1,0
11.578767200,1,1
11.579214880,0,1
11.579264000,0,0
11.579714720,1,0
11.579766720,1,1
11.580214720,0,1
11.580264000,0,0
11.580714720,1,0
11.580766880,1,1
11.581214720,0,1
11.581264160,0,0
11.581714720,1,0
11.581767200,1,1
11.582214720,0,1
11.582264160,0,0
11.582714560,1,0
11.582767200,1,1
11.583214560,0,1
11.583264160,0,0
11.583714560,1,0
11.583766560,1,1
11.584214560,0,1
11.584262400,0,0
11.584714560,1,0
11.584765280,1,1
11.585214560,0,1
11.585262720,0,0
11.585714400,1,0
11.585765600,1,1
11.586214400,0,1
11.586262560,0,0
11.586714400,1,0
11.586765120,1,1
11.587214400,0,1
11.587262720,0,0
11.587714240,1,0
11.587761920,1,1
11.588214240,0,1
11.588262560,0,0
11.588714240,1,0
11.588762080,1,1
11.589214240,0,1
11.589265440,0,0
11.589714240,1,0
11.589762240,1,1
11.590214240,0,1
11.590265280,0,0
11.590714080,1,0
11.590762080,1,1
11.591214080,0,1
11.591264960,0,0
11.591714080,1,0
11.591785280,1,1
11.592214080,0,1
11.592280000,0,0
11.592714080,1,0
11.592765920,1,1
11.593214080,0,1
11.593268320,0,0
11.593713920,1,0
11.593764160,1,1
11.594213920,0,1
11.594266560,0,0
11.594713920,1,0
11.594763360,1,1
11.595213920,0,1
11.595266720,0,0
11.595713920,1,0
11.595763680,1,1
11.596213920,0,1
11.596267040,0,0
11.596713760,1,0
11.596763200,1,1
11.597213760,0,1
11.597266240,0,0
11.597713760,1,0
11.597763360,1,1
11.598213760,0,1
11.598263360,0,0
11.598713600,1,0
11.598763680,1,1
11.599213600,0,1
11.599263360,0,0
11.599713600,1,0
11.599763520,1,1
11.600213600,0,1
11.600259840,0,0
11.600713600,1,0
11.600763200,1,1
11.601213600,0,1
11.601259840,0,0
11.601713440,1,0
11.601762720,1,1
11.602213440,0,1
11.602262240,0,0
11.602713440,1,0
11.602763200,1,1
11.603213440,0,1
11.603260320,0,0
11.603713440,1,0
11.603768800,1,1
11.604213440,0,1
11.604263840,0,0
11.604713280,1,0
11.604766880,1,1
11.605213280,0,1
11.605263680,0,0
11.605713280,1,0
11.605766720,1,1
11.606213280,0,1
11.606263360,0,0
11.606713280,1,0
11.606766240,1,1
11.607213120,0,1
11.607263520,0,0
11.607713120,1,0
11.607766880,1,1
11.608213120,0,1
11.608263840,0,0
11.608713120,1,0
11.608763040,1,1
11.609213120,0,1
11.609263680,0,0
11.609712960,1,0
11.609763040,1,1
11.610212960,0,1
11.610266080,0,0
11.610712960,1,0
11.610762880,1,1
11.611212960,0,1
11.611266240,0,0
11.611712960,1,0
11.611763200,1,1
11.612212960,0,1
11.612266080,0,0
11.612712800,1,0
11.612763040,1,1
11.613212800,0,1
11.613266400,0,0
11.613712800,1,0
11.613763520,1,1
11.614212800,0,1
11.614265920,0,0
11.614712800,1,0
11.614762880,1,1
11.615212800,0,1
11.615266240,0,0
11.615712640,1,0
11.615762720,1,1
11.616212640,0,1
11.616266400,0,0
11.616712640,1,0
11.616762880,1,1
11.617212640,0,1
11.617266240,0,0
11.617712640,1,0
11.617763040,1,1
11.618212480,0,1
11.618266080,0,0
11.618712480,1,0
11.618762720,1,1
11.619212480,0,1
11.619265760,0,0
11.619712480,1,0
11.619762880,1,1
11.620212480,0,1
11.620262400,0,0
11.620712320,1,0
11.620762720,1,1
11.621212320,0,1
11.621262720,0,0
11.621712320,1,0
11.621765440,1,1
11.622212320,0,1
11.622262880,0,0
11.622712320,1,0
11.622765440,1,1
11.623212320,0,1
11.623262240,0,0
11.623712160,1,0
11.623765920,1,1
11.624212160,0,1
11.624262400,0,0
11.624712160,1,0
11.624765920,1,1
11.625212160,0,1
11.625262240,0,0
11.625712160,1,0
11.625765440,1,1
11.626212160,0,1
11.626262400,0,0
11.626712000,1,0
11.626765600,1,1
11.627212000,0,1
11.627262080,0,0
11.627712000,1,0
11.627765280,1,1
11.628212000,0,1
11.628262080,0,0
11.628712000,1,0
11.628765280,1,1
11.629211840,0,1
11.629262080,0,0
11.629711840,1,0
11.629765120,1,1
11.630211840,0,1
11.630262240,0,0
11.630711840,1,0
11.630761760,1,1
11.631211840,0,1
11.631262400,0,0
11.631711680,1,0
11.631761760,1,1
11.632211680,0,1
11.632264960,0,0
11.632711680,1,0
11.632762240,1,1
11.633211680,0,1
11.633264960,0,0
11.633711680,1,0
11.633763040,1,1
11.634211680,0,1
11.634264640,0,0
11.634711520,1,0
11.634761600,1,1
11.635211520,0,1
11.635264640,0,0
11.635711520,1,0
11.635761600,1,1
11.636211520,0,1
11.636265120,0,0
11.636711520,1,0
11.636761600,1,1
11.637211520,0,1
11.637264960,0,0
11.637711360,1,0
11.637761760,1,1
11.638211360,0,1
11.638264640,0,0
11.638711360,1,0
11.638761280,1,1
11.639211360,0,1
11.639264800,0,0
11.639711360,1,0
11.639761600,1,1
11.640211200,0,1
11.640264960,0,0
11.640711200,1,0
11.640761600,1,1
11.641211200,0,1
11.641261120,0,0
11.641711200,1,0
11.641761280,1,1
11.642211200,0,1
11.642261280,0,0
11.642711040,1,0
11.642764640,1,1
11.643211040,0,1
11.643260960,0,0
11.643711040,1,0
11.643765120,1,1
11.644211040,0,1
11.644261120,0,0
11.644711040,1,0
11.644764320,1,1
11.645211040,0,1
11.645261440,0,0
11.645710880,1,0
11.645763840,1,1
11.646210880,0,1
11.646261120,0,0
11.646710880,1,0
11.646764320,1,1
11.647210880,0,1
11.647260800,0,0
11.647710880,1,0
11.647764160,1,1
11.648210880,0,1
11.648261120,0,0
11.648710720,1,0
11.648764000,1,1
11.649210720,0,1
11.649261120,0,0
11.649710720,1,0
11.649764160,1,1
11.650210720,0,1
11.650260640,0,0
11.650710720,1,0
11.650764000,1,1
11.651210560,0,1
11.651260800,0,0
11.651710560,1,0
11.651764000,1,1
11.652210560,0,1
11.652260640,0,0
11.652710560,1,0
11.652760320,1,1
11.653210560,0,1
11.653263360,0,0
11.653710400,1,0
11.653761600,1,1
11.654210400,0,1
11.654263840,0,0
11.654710400,1,0
11.654760320,1,1
11.655210400,0,1
11.655263680,0,0
11.655710400,1,0
11.655760640,1,1
11.656210400,0,1
11.656263360,0,0
11.656710240,1,0
11.656760480,1,1
11.657210240,0,1
11.657263360,0,0
11.657710240,1,0
11.657760320,1,1
11.658210240,0,1
11.658263840,0,0
11.658710240,1,0
11.658760640,1,1
11.659210240,0,1
11.659263680,0,0
11.659710080,1,0
11.659760320,1,1
11.660210080,0,1
11.660263360,0,0
11.660710080,1,0
11.660760000,1,1
11.661210080,0,1
11.661263520,0,0
11.661710080,1,0
11.661760000,1,1
11.662209920,0,1
11.662263360,0,0
11.662709920,1,0
11.662760160,1,1
11.663209920,0,1
11.663260320,0,0
11.663709920,1,0
11.663760800,1,1
11.664209920,0,1
11.664259840,0,0
11.664709760,1,0
11.664763200,1,1
11.665209760,0,1
11.665260000,0,0
11.665709760,1,0
11.665763040,1,1
11.666209760,0,1
11.666259840,0,0
11.666709760,1,0
11.666763040,1,1
11.667209760,0,1
11.667259840,0,0
11.667709600,1,0
11.667762880,1,1
11.668209600,0,1
11.668259840,0,0
11.668709600,1,0
11.668763040,1,1
11.669209600,0,1
11.669259680,0,0
11.669709600,1,0
11.669763520,1,1
11.670209600,0,1
11.670259680,0,0
11.670709440,1,0
11.670762880,1,1
11.671209440,0,1
11.671259360,0,0
11.671709440,1,0
11.671762560,1,1
11.672209440,0,1
11.672259520,0,0
11.672709440,1,0
11.672762880,1,1
11.673209280,0,1
11.673259520,0,0
11.673709280,1,0
11.673760000,1,1
11.674209280,0,1
11.674259680,0,0
11.674709280,1,0
11.674759680,1,1
11.675209280,0,1
11.675262400,0,0
11.675709120,1,0
11.675759200,1,1
11.676209120,0,1
11.676262400,0,0
11.676709120,1,0
11.676759200,1,1
11.677209120,0,1
11.677262400,0,0
11.677709120,1,0
11.677759200,1,1
11.678209120,0,1
11.678262080,0,0
11.678708960,1,0
11.678759360,1,1
11.679208960,0,1
11.679262400,0,0
11.679708960,1,0
11.679758720,1,1
11.680208960,0,1
11.680262240,0,0
11.680708960,1,0
11.680759040,1,1
11.681208960,0,1
11.681262400,0,0
11.681708800,1,0
11.681759520,1,1
11.682208800,0,1
11.682262080,0,0
11.682708800,1,0
11.682759200,1,1
11.683208800,0,1
11.683262080,0,0
11.683708800,1,0
11.683759840,1,1
11.684208640,0,1
11.684262080,0,0
11.684708640,1,0
11.684758880,1,1
11.685208640,0,1
11.685258560,0,0
11.685708640,1,0
11.685761760,1,1
11.686208640,0,1
11.686258880,0,0
11.686708480,1,0
11.686761600,1,1
11.687208480,0,1
11.687258880,0,0
11.687708480,1,0
11.687761760,1,1
11.688208480,0,1
11.688258080,0,0
11.688708480,1,0
11.688761440,1,1
11.689208480,0,1
11.689258240,0,0
11.689708320,1,0
11.689761280,1,1
11.690208320,0,1
11.690258560,0,0
11.690708320,1,0
11.690761600,1,1
11.691208320,0,1
11.691258080,0,0
11.691708320,1,0
11.691761440,1,1
11.692208320,0,1
11.692258720,0,0
11.692708160,1,0
11.692761600,1,1
11.693208160,0,1
11.693258240,0,0
11.693708160,1,0
11.693762240,1,1
11.694208160,0,1
11.694258400,0,0
11.694708000,1,0
11.694761280,1,1
11.695208000,0,1
11.695258080,0,0
11.695708000,1,0
11.695758080,1,1
11.696208000,0,1
11.696258400,0,0
11.696708000,1,0
11.696758240,1,1
11.697208000,0,1
11.697261120,0,0
11.697707840,1,0
11.697758400,1,1
11.698207840,0,1
11.698261280,0,0
11.698707840,1,0
11.698757920,1,1
11.699207840,0,1
11.699260960,0,0
11.699707840,1,0
11.699757920,1,1
11.700207840,0,1
11.700260800,0,0
11.700707680,1,0
11.700757760,1,1
11.701207680,0,1
11.701261280,0,0
11.701707680,1,0
11.701758080,1,1
11.702207680,0,1
11.702261120,0,0
11.702707680,1,0
11.702758080,1,1
11.703207680,0,1
11.703260960,0,0
11.703707520,1,0
11.703758720,1,1
11.704207520,0,1
11.704260960,0,0
11.704707520,1,0
11.704757760,1,1
11.705207520,0,1
11.705260960,0,0
11.705707360,1,0
11.705757920,1,1
11.706207360,0,1
11.706257600,0,0
11.706707360,1,0
11.706757760,1,1
11.707207360,0,1
11.707256960,0,0
11.707707360,1,0
11.707760960,1,1
11.708207360,0,1
11.708257440,0,0
11.708707200,1,0
11.708760320,1,1
11.709207200,0,1
11.709257440,0,0
11.709707200,1,0
11.709760800,1,1
11.710207200,0,1
11.710257440,0,0
11.710707200,1,0
11.710759840,1,1
11.711207200,0,1
11.711256960,0,0
11.711707040,1,0
11.711760640,1,1
11.712207040,0,1
11.712257600,0,0
11.712707040,1,0
11.712760960,1,1
11.713207040,0,1
11.713257760,0,0
11.713707040,1,0
11.713760960,1,1
11.714206880,0,1
11.714256800,0,0
11.714706880,1,0
11.714760480,1,1
11.715206880,0,1
11.715256960,0,0
11.715706880,1,0
11.715760000,1,1
11.716206880,0,1
11.716256960,0,0
11.716706720,1,0
11.716760000,1,1
11.717206720,0,1
11.717256640,0,0
11.717706720,1,0
11.717756800,1,1
11.718206720,0,1
11.718260000,0,0
11.718706720,1,0
11.718757120,1,1
11.719206720,0,1
11.719259840,0,0
11.719706560,1,0
11.719756960,1,1
11.720206560,0,1
11.720259840,0,0
11.720706560,1,0
11.720756640,1,1
11.721206560,0,1
11.721259840,0,0
11.721706560,1,0
11.721757120,1,1
11.722206560,0,1
11.722259840,0,0
11.722706400,1,0
11.722756800,1,1
11.723206400,0,1
11.723259840,0,0
11.723706400,1,0
11.723757440,1,1
11.724206400,0,1
11.724259680,0,0
11.724706400,1,0
11.724756640,1,1
11.725206240,0,1
11.725259680,0,0
11.725706240,1,0
11.725756160,1,1
11.726206240,0,1
11.726259360,0,0
11.726706240,1,0
11.726756160,1,1
11.727206240,0,1
11.727259680,0,0
11.727706080,1,0
11.727756160,1,1
11.728206080,0,1
11.728256160,0,0
11.728706080,1,0
11.728756480,1,1
11.729206080,0,1
11.729255840,0,0
11.729706080,1,0
11.729758560,1,1
11.730206080,0,1
11.730256160,0,0
11.730705920,1,0
11.730759040,1,1
11.731205920,0,1
11.731256480,0,0
11.731705920,1,0
11.731759200,1,1
11.732205920,0,1
11.732256000,0,0
11.732705920,1,0
11.732759360,1,1
11.733205920,0,1
11.733256000,0,0
11.733705760,1,0
11.733760000,1,1
11.734205760,0,1
11.734255520,0,0
11.734705760,1,0
11.734758880,1,1
11.735205760,0,1
11.735256160,0,0
11.735705760,1,0
11.735759040,1,1
11.736205600,0,1
11.736256160,0,0
11.736705600,1,0
11.736758880,1,1
11.737205600,0,1
11.737256000,0,0
11.737705600,1,0
11.737758720,1,1
11.738205600,0,1
11.738255680,0,0
11.738705440,1,0
11.738755520,1,1
11.739205440,0,1
11.739255680,0,0
11.739705440,1,0
11.739755840,1,1
11.740205440,0,1
11.740258560,0,0
11.740705440,1,0
11.740755520,1,1
11.741205440,0,1
11.741258400,0,0
11.741705280,1,0
11.741755840,1,1
11.742205280,0,1
11.742258720,0,0
11.742705280,1,0
11.742755680,1,1
11.743205280,0,1
11.743258560,0,0
11.743705280,1,0
11.743756480,1,1
11.744205280,0,1
11.744258400,0,0
11.744705120,1,0
11.744755520,1,1
11.745205120,0,1
11.745258240,0,0
11.745705120,1,0
11.745755200,1,1
11.746205120,0,1
11.746258880,0,0
11.746705120,1,0
11.746755200,1,1
11.747204960,0,1
11.747258240,0,0
11.747704960,1,0
11.747755360,1,1
11.748204960,0,1
11.748258080,0,0
11.748704960,1,0
11.748755520,1,1
11.749204960,0,1
11.749255040,0,0
11.749704800,1,0
11.749755040,1,1
11.750204800,0,1
11.750255040,0,0
11.750704800,1,0
11.750757760,1,1
11.751204800,0,1
11.751255520,0,0
11.751704800,1,0
11.751758240,1,1
11.752204800,0,1
11.752254880,0,0
11.752704640,1,0
11.752757440,1,1
11.753204640,0,1
11.753255040,0,0
11.753704640,1,0
11.753758240,1,1
11.754204640,0,1
11.754254880,0,0
11.754704640,1,0
11.754757760,1,1
11.755204640,0,1
11.755254560,0,0
11.755704480,1,0
11.755757600,1,1
11.756204480,0,1
11.756254880,0,0
11.756704480,1,0
11.756758080,1,1
11.757204480,0,1
11.757254560,0,0
11.757704480,1,0
11.757757280,1,1
11.758204320,0,1
11.758255040,0,0
11.758704320,1,0
11.758757440,1,1
11.759204320,0,1
11.759254560,0,0
11.759704320,1,0
11.759757440,1,1
11.760204320,0,1
11.760254560,0,0
11.760704160,1,0
11.760754240,1,1
11.761204160,0,1
11.761254720,0,0
11.761704160,1,0
11.761754080,1,1
11.762204160,0,1
11.762256960,0,0
11.762704160,1,0
11.762754240,1,1
11.763204160,0,1
11.763256800,0,0
11.763704000,1,0
11.763754560,1,1
11.764204000,0,1
11.764257280,0,0
11.764704000,1,0
11.764754400,1,1
11.765204000,0,1
11.765256960,0,0
11.765704000,1,0
11.765753920,1,1
11.766204000,0,1
11.766257440,0,0
11.766703840,1,0
11.766753760,1,1
11.767203840,0,1
11.767256960,0,0
11.767703840,1,0
11.767753760,1,1
11.768203840,0,1
11.768257440,0,0
11.768703840,1,0
11.768753920,1,1
11.769203680,0,1
11.769257120,0,0
11.769703680,1,0
11.769753760,1,1
11.770203680,0,1
11.770257120,0,0
11.770703680,1,0
11.770754240,1,1
11.771203680,0,1
11.771253440,0,0
11.771703520,1,0
11.771754080,1,1
11.772203520,0,1
11.772253600,0,0
11.772703520,1,0
11.772756640,1,1
11.773203520,0,1
11.773253920,0,0
11.773703520,1,0
11.773757760,1,1
11.774203520,0,1
11.774253280,0,0
11.774703360,1,0
11.774756480,1,1
11.775203360,0,1
11.775253440,0,0
11.775703360,1,0
11.775756320,1,1
11.776203360,0,1
11.776253280,0,0
11.776703360,1,0
11.776756480,1,1
11.777203360,0,1
11.777253600,0,0
11.777703200,1,0
11.777756480,1,1
11.778203200,0,1
11.778253280,0,0
11.778703200,1,0
11.778756480,1,1
11.779203200,0,1
11.779253280,0,0
11.779703200,1,0
11.779756960,1,1
11.780203040,0,1
11.780253440,0,0
11.780703040,1,0
11.780756640,1,1
11.781203040,0,1
11.781253440,0,0
11.781703040,1,0
11.781753120,1,1
11.782203040,0,1
11.782253600,0,0
11.782702880,1,0
11.782752800,1,1
11.783202880,0,1
11.783256000,0,0
11.783702880,1,0
11.783750080,1,1
11.784202880,0,1
11.784252320,0,0
11.784702880,1,0
11.784748800,1,1
11.785202880,0,1
11.785252480,0,0
11.785702720,1,0
11.785748960,1,1
11.786202720,0,1
11.786251680,0,0
11.786702720,1,0
11.786748800,1,1
11.787202720,0,1
11.787252160,0,0
11.787702720,1,0
11.787749120,1,1
11.788202720,0,1
11.788251360,0,0
11.788702560,1,0
11.788748960,1,1
11.789202560,0,1
11.789252000,0,0
11.789702560,1,0
11.789748800,1,1
11.790202560,0,1
11.790251520,0,0
11.790702560,1,0
11.790748480,1,1
11.791202400,0,1
11.791251680,0,0
11.791702400,1,0
11.791748800,1,1
11.792202400,0,1
11.792251360,0,0
11.792702400,1,0
11.792748320,1,1
11.793202400,0,1
11.793248800,0,0
11.793702240,1,0
11.793753280,1,1
11.794202240,0,1
11.794251680,0,0
11.794702240,1,0
11.794754720,1,1
11.795202240,0,1
11.795252000,0,0
11.795702240,1,0
11.795754080,1,1
11.796202240,0,1
11.796251520,0,0
11.796702080,1,0
11.796754400,1,1
11.797202080,0,1
11.797251200,0,0
11.797702080,1,0
11.797754560,1,1
11.798202080,0,1
11.798251360,0,0
11.798702080,1,0
11.798754400,1,1
11.799202080,0,1
11.799251520,0,0
11.799701920,1,0
11.799754240,1,1
11.800201920,0,1
11.800250720,0,0
11.800701920,1,0
11.800754560,1,1
11.801201920,0,1
11.801251360,0,0
11.801701760,1,0
11.801754720,1,1
11.802201760,0,1
11.802251360,0,0
11.802701760,1,0
11.802754400,1,1
11.803201760,0,1
11.803251360,0,0
11.803701760,1,0
11.803751680,1,1
11.804201760,0,1
11.804251200,0,0
11.804701600,1,0
11.804750880,1,1
11.805201600,0,1
11.805254400,0,0
11.805701600,1,0
11.805751040,1,1
11.806201600,0,1
11.806253600,0,0
11.806701600,1,0
11.806750240,1,1
11.807201600,0,1
11.807253760,0,0
11.807701440,1,0
11.807751200,1,1
11.808201440,0,1
11.808253920,0,0
11.808701440,1,0
11.808750720,1,1
11.809201440,0,1
11.809253920,0,0
11.809701440,1,0
11.809750720,1,1
11.810201440,0,1
11.810253920,0,0
11.810701280,1,0
11.810750560,1,1
11.811201280,0,1
11.811254240,0,0
11.811701280,1,0
11.811750560,1,1
11.812201280,0,1
11.812254080,0,0
11.812701120,1,0
11.812750400,1,1
11.813201120,0,1
11.813253920,0,0
11.813701120,1,0
11.813750880,1,1
11.814201120,0,1
11.814250560,0,0
11.814701120,1,0
11.814750240,1,1
11.815201120,0,1
11.815250080,0,0
11.815700960,1,0
11.815753440,1,1
11.816200960,0,1
11.816250560,0,0
11.816700960,1,0
11.816753280,1,1
11.817200960,0,1
11.817250400,0,0
11.817700960,1,0
11.817753280,1,1
11.818200960,0,1
11.818250240,0,0
11.818700800,1,0
11.818753440,1,1
11.819200800,0,1
11.819250240,0,0
11.819700800,1,0
11.819753440,1,1
11.820200800,0,1
11.820249920,0,0
11.820700800,1,0
11.820752960,1,1
11.821200800,0,1
11.821250400,0,0
11.821700640,1,0
11.821753280,1,1
11.822200640,0,1
11.822249920,0,0
11.822700640,1,0
11.822753280,1,1
11.823200640,0,1
11.823249920,0,0
11.823700480,1,0
11.823753600,1,1
11.824200480,0,1
11.824249600,0,0
11.824700480,1,0
11.824752160,1,1
11.825200480,0,1
11.825248800,0,0
11.825700480,1,0
11.825749120,1,1
11.826200480,0,1
11.826252480,0,0
11.826700320,1,0
11.826751040,1,1
11.827200320,0,1
11.827253280,0,0
11.827700320,1,0
11.827750400,1,1
11.828200320,0,1
11.828253600,0,0
11.828700320,1,0
11.828750240,1,1
11.829200320,0,1
11.829253280,0,0
11.829700160,1,0
11.829750240,1,1
11.830200160,0,1
11.830253760,0,0
11.830700160,1,0
11.830749760,1,1
11.831200160,0,1
11.831253440,0,0
11.831700160,1,0
11.831750880,1,1
11.832200000,0,1
11.832272640,0,0
11.832700000,1,0
11.832756480,1,1
11.833200000,0,1
11.833254880,0,0
11.833700000,1,0
11.833748000,1,1
11.834200000,0,1
11.834249600,0,0
11.834699840,1,0
11.834746080,1,1
11.835199840,0,1
11.835249120,0,0
11.835699840,1,0
11.835745760,1,1
11.836199840,0,1
11.836246080,0,0
11.836699840,1,0
11.836746240,1,1
11.837199840,0,1
11.837246240,0,0
11.837699680,1,0
11.837748480,1,1
11.838199680,0,1
11.838245760,0,0
11.838699680,1,0
11.838748480,1,1
11.839199680,0,1
11.839246240,0,0
11.839699680,1,0
11.839748480,1,1
11.840199680,0,1
11.840245760,0,0
11.840699520,1,0
11.840748640,1,1
11.841199520,0,1
11.841245920,0,0
11.841699520,1,0
11.841748800,1,1
11.842199520,0,1
11.842245760,0,0
11.842699520,1,0
11.842748800,1,1
11.843199360,0,1
11.843245600,0,0
11.843699360,1,0
11.843753920,1,1
11.844199360,0,1
11.844259840,0,0
11.844699360,1,0
11.844753600,1,1
11.845199360,0,1
11.845249440,0,0
11.845699200,1,0
11.845752320,1,1
11.846199200,0,1
11.846248480,0,0
11.846699200,1,0
11.846748640,1,1
11.847199200,0,1
11.847248800,0,0
11.847699200,1,0
11.847748640,1,1
11.848199200,0,1
11.848251040,0,0
11.848699040,1,0
11.848748160,1,1
11.849199040,0,1
11.849251040,0,0
11.849699040,1,0
11.849747840,1,1
11.850199040,0,1
11.850251200,0,0
11.850699040,1,0
11.850748000,1,1
11.851199040,0,1
11.851251200,0,0
11.851698880,1,0
11.851747680,1,1
11.852198880,0,1
11.852251040,0,0
11.852698880,1,0
11.852748320,1,1
11.853198880,0,1
11.853251360,0,0
11.853698880,1,0
11.853749120,1,1
11.854198720,0,1
11.854251360,0,0
11.854698720,1,0
11.854747680,1,1
11.855198720,0,1
11.855250880,0,0
11.855698720,1,0
11.855747840,1,1
11.856198720,0,1
11.856251360,0,0
11.856698560,1,0
11.856747840,1,1
11.857198560,0,1
11.857250720,0,0
11.857698560,1,0
11.857748000,1,1
11.858198560,0,1
11.858247680,0,0
11.858698560,1,0
11.858748640,1,1
11.859198560,0,1
11.859244320,0,0
11.859698400,1,0
11.859747200,1,1
11.860198400,0,1
11.860254240,0,0
11.860698400,1,0
11.860748640,1,1
11.861198400,0,1
11.861245280,0,0
11.861698400,1,0
11.861747840,1,1
11.862198400,0,1
11.862244800,0,0
11.862698240,1,0
11.862748000,1,1
11.863198240,0,1
11.863245120,0,0
11.863698240,1,0
11.863753120,1,1
11.864198240,0,1
11.864248640,0,0
11.864698240,1,0
11.864751680,1,1
11.865198080,0,1
11.865248480,0,0
11.865698080,1,0
11.865751360,1,1
11.866198080,0,1
11.866248320,0,0
11.866698080,1,0
11.866751360,1,1
11.867198080,0,1
11.867248160,0,0
11.867697920,1,0
11.867751200,1,1
11.868197920,0,1
11.868248000,0,0
11.868697920,1,0
11.868747680,1,1
11.869197920,0,1
11.869248320,0,0
11.869697920,1,0
11.869747680,1,1
11.870197920,0,1
11.870251200,0,0
11.870697760,1,0
11.870747680,1,1
11.871197760,0,1
11.871251040,0,0
11.871697760,1,0
11.871748000,1,1
11.872197760,0,1
11.872251040,0,0
11.872697760,1,0
11.872747520,1,1
11.873197760,0,1
11.873251040,0,0
11.873697600,1,0
11.873748320,1,1
11.874197600,0,1
11.874250880,0,0
11.874697600,1,0
11.874780000,1,1
11.875197600,0,1
11.875254560,0,0
11.875697600,1,0
11.875748320,1,1
11.876197440,0,1
11.876251040,0,0
11.876697440,1,0
11.876747360,1,1
11.877197440,0,1
11.877250880,0,0
11.877697440,1,0
11.877747360,1,1
11.878197440,0,1
11.878251040,0,0
11.878697280,1,0
11.878747360,1,1
11.879197280,0,1
11.879247520,0,0
11.879697280,1,0
11.879747840,1,1
11.880197280,0,1
11.880247360,0,0
11.880697280,1,0
11.880770720,1,1
11.881197280,0,1
11.881249920,0,0
11.881697120,1,0
11.881751200,1,1
11.882197120,0,1
11.882247360,0,0
11.882697120,1,0
11.882750400,1,1
11.883197120,0,1
11.883247040,0,0
11.883697120,1,0
11.883750880,1,1
11.884197120,0,1
11.884247360,0,0
11.884696960,1,0
11.884750400,1,1
11.885196960,0,1
11.885247360,0,0
11.885696960,1,0
11.885750240,1,1
11.886196960,0,1
11.886247040,0,0
11.886696960,1,0
11.886750240,1,1
11.887196800,0,1
11.887247040,0,0
11.887696800,1,0
11.887750400,1,1
11.888196800,0,1
11.888246880,0,0
11.888696800,1,0
11.888750240,1,1
11.889196800,0,1
11.889246880,0,0
11.889696640,1,0
11.889749760,1,1
11.890196640,0,1
11.890246720,0,0
11.890696640,1,0
11.890746720,1,1
11.891196640,0,1
11.891247200,0,0
11.891696640,1,0
11.891746720,1,1
11.892196640,0,1
11.892249600,0,0
11.892696480,1,0
11.892746400,1,1
11.893196480,0,1
11.893249760,0,0
11.893696480,1,0
11.893747680,1,1
11.894196480,0,1
11.894249600,0,0
11.894696480,1,0
11.894746240,1,1
11.895196480,0,1
11.895249600,0,0
11.895696320,1,0
11.895746400,1,1
11.896196320,0,1
11.896249760,0,0
11.896696320,1,0
11.896746240,1,1
11.897196320,0,1
11.897249600,0,0
11.897696320,1,0
11.897746560,1,1
11.898196160,0,1
11.898249920,0,0
11.898696160,1,0
11.898746560,1,1
11.899196160,0,1
11.899249760,0,0
11.899696160,1,0
11.899746080,1,1
11.900196160,0,1
11.900249440,0,0
11.900696000,1,0
11.900746080,1,1
11.901196000,0,1
11.901245760,0,0
11.901696000,1,0
11.901746240,1,1
11.902196000,0,1
11.902245760,0,0
11.902696000,1,0
11.902748960,1,1
11.903196000,0,1
11.903246400,0,0
11.903695840,1,0
11.903749760,1,1
11.904195840,0,1
11.904246240,0,0
11.904695840,1,0
11.904749120,1,1
11.905195840,0,1
11.905246400,0,0
11.905695840,1,0
11.905748960,1,1
11.906195840,0,1
11.906245760,0,0
11.906695680,1,0
11.906749120,1,1
11.907195680,0,1
11.907245760,0,0
11.907695680,1,0
11.907749280,1,1
11.908195680,0,1
11.908245760,0,0
11.908695680,1,0
11.908749120,1,1
11.909195520,0,1
11.909245600,0,0
11.909695520,1,0
11.909748960,1,1
11.910195520,0,1
11.910245600,0,0
11.910695520,1,0
11.910748800,1,1
11.911195520,0,1
11.911245600,0,0
11.911695360,1,0
11.911745440,1,1
11.912195360,0,1
11.912245280,0,0
11.912695360,1,0
11.912745600,1,1
11.913195360,0,1
11.913248320,0,0
11.913695360,1,0
11.913746400,1,1
11.914195360,0,1
11.914248160,0,0
11.914695200,1,0
11.914745280,1,1
11.915195200,0,1
11.915248480,0,0
11.915695200,1,0
11.915745760,1,1
11.916195200,0,1
11.916248320,0,0
11.916695200,1,0
11.916745600,1,1
11.917195200,0,1
11.917248480,0,0
11.917695040,1,0
11.917744960,1,1
11.918195040,0,1
11.918248640,0,0
11.918695040,1,0
11.918744800,1,1
11.919195040,0,1
11.919248640,0,0
11.919695040,1,0
11.919745280,1,1
11.920194880,0,1
11.920248320,0,0
11.920694880,1,0
11.920745120,1,1
11.921194880,0,1
11.921248000,0,0
11.921694880,1,0
11.921744800,1,1
11.922194880,0,1
11.922247520,0,0
11.922694720,1,0
11.922745120,1,1
11.923194720,0,1
11.923244800,0,0
11.923694720,1,0
11.923745440,1,1
11.924194720,0,1
11.924244800,0,0
11.924694720,1,0
11.924747680,1,1
11.925194720,0,1
11.925244960,0,0
11.925694560,1,0
11.925747520,1,1
11.926194560,0,1
11.926244800,0,0
11.926694560,1,0
11.926747520,1,1
11.927194560,0,1
11.927244480,0,0
11.927694560,1,0
11.927747520,1,1
11.928194560,0,1
11.928244480,0,0
11.928694400,1,0
11.928747840,1,1
11.929194400,0,1
11.929244320,0,0
11.929694400,1,0
11.929747840,1,1
11.930194400,0,1
11.930244480,0,0
11.930694240,1,0
11.930747680,1,1
11.931194240,0,1
11.931244000,0,0
11.931694240,1,0
11.931747520,1,1
11.932194240,0,1
11.932244480,0,0
11.932694240,1,0
11.932747520,1,1
11.933194240,0,1
11.933244320,0,0
11.933694080,1,0
11.933744640,1,1
11.934194080,0,1
11.934244160,0,0
11.934694080,1,0
11.934744000,1,1
11.935194080,0,1
11.935246880,0,0
11.935694080,1,0
11.935744480,1,1
11.936194080,0,1
11.936247040,0,0
11.936693920,1,0
11.936744000,1,1
11.937193920,0,1
11.937246880,0,0
11.937693920,1,0
11.937744160,1,1
11.938193920,0,1
11.938246880,0,0
11.938693920,1,0
11.938744000,1,1
11.939193920,0,1
11.939247360,0,0
11.939693760,1,0
11.939744160,1,1
11.940193760,0,1
11.940247200,0,0
11.940693760,1,0
11.940743840,1,1
11.941193760,0,1
11.941246720,0,0
11.941693600,1,0
11.941744160,1,1
11.942193600,0,1
11.942246880,0,0
11.942693600,1,0
11.942744000,1,1
11.943193600,0,1
11.943246400,0,0
11.943693600,1,0
11.943744160,1,1
11.944193600,0,1
11.944243840,0,0
11.944693440,1,0
11.944744000,1,1
11.945193440,0,1
11.945243680,0,0
11.945693440,1,0
11.945746560,1,1
11.946193440,0,1
11.946243360,0,0
11.946693440,1,0
11.946746560,1,1
11.947193440,0,1
11.947243200,0,0
11.947693280,1,0
11.947746560,1,1
11.948193280,0,1
11.948243840,0,0
11.948693280,1,0
11.948746080,1,1
11.949193280,0,1
11.949243360,0,0
11.949693280,1,0
11.949746080,1,1
11.950193120,0,1
11.950243200,0,0
11.950693120,1,0
11.950746560,1,1
11.951193120,0,1
11.951243200,0,0
11.951693120,1,0
11.951746720,1,1
11.952193120,0,1
11.952243200,0,0
11.952692960,1,0
11.952746400,1,1
11.953192960,0,1
11.953242880,0,0
11.953692960,1,0
11.953746880,1,1
11.954192960,0,1
11.954242880,0,0
11.954692960,1,0
11.954745920,1,1
11.955192960,0,1
11.955243200,0,0
11.955692800,1,0
11.955742880,1,1
11.956192800,0,1
11.956246080,0,0
11.956692800,1,0
11.956743040,1,1
11.957192800,0,1
11.957245920,0,0
11.957692800,1,0
11.957742880,1,1
11.958192800,0,1
11.958245600,0,0
11.958692640,1,0
11.958742720,1,1
11.959192640,0,1
11.959245600,0,0
11.959692640,1,0
11.959742720,1,1
11.960192640,0,1
11.960245760,0,0
11.960692640,1,0
11.960742560,1,1
11.961192480,0,1
11.961245920,0,0
11.961692480,1,0
11.961742240,1,1
11.962192480,0,1
11.962246080,0,0
11.962692480,1,0
11.962743040,1,1
11.963192480,0,1
11.963245920,0,0
11.963692320,1,0
11.963743520,1,1
11.964192320,0,1
11.964245440,0,0
11.964692320,1,0
11.964742560,1,1
11.965192320,0,1
11.965245600,0,0
11.965692320,1,0
11.965742240,1,1
11.966192320,0,1
11.966242560,0,0
11.966692160,1,0
11.966742560,1,1
11.967192160,0,1
11.967242400,0,0
11.967692160,1,0
11.967745920,1,1
11.968192160,0,1
11.968242400,0,0
11.968692160,1,0
11.968745440,1,1
11.969192160,0,1
11.969242240,0,0
11.969692000,1,0
11.969745120,1,1
11.970192000,0,1
11.970242240,0,0
11.970692000,1,0
11.970745280,1,1
11.971192000,0,1
11.971242400,0,0
11.971692000,1,0
11.971745440,1,1
11.972191840,0,1
11.972242080,0,0
11.972691840,1,0
11.972745280,1,1
11.973191840,0,1
11.973241920,0,0
11.973691840,1,0
11.973745600,1,1
11.974191840,0,1
11.974241760,0,0
11.974691680,1,0
11.974745120,1,1
11.975191680,0,1
11.975242080,0,0
11.975691680,1,0
11.975744960,1,1
11.976191680,0,1
11.976241440,0,0
11.976691680,1,0
11.976741440,1,1
11.977191680,0,1
11.977242080,0,0
11.977691520,1,0
11.977741280,1,1
11.978191520,0,1
11.978244800,0,0
11.978691520,1,0
11.978741920,1,1
11.979191520,0,1
11.979245120,0,0
11.979691520,1,0
11.979741760,1,1
11.980191520,0,1
11.980244800,0,0
11.980691360,1,0
11.980741440,1,1
11.981191360,0,1
11.981244480,0,0
11.981691360,1,0
11.981741760,1,1
11.982191360,0,1
11.982244800,0,0
11.982691360,1,0
11.982741280,1,1
11.983191200,0,1
11.983244640,0,0
11.983691200,1,0
11.983742080,1,1
11.984191200,0,1
11.984244640,0,0
11.984691200,1,0
11.984741440,1,1
11.985191200,0,1
11.985244800,0,0
11.985691040,1,0
11.985741440,1,1
11.986191040,0,1
11.986244640,0,0
11.986691040,1,0
11.986741120,1,1
11.987191040,0,1
11.987244000,0,0
11.987691040,1,0
11.987741440,1,1
11.988191040,0,1
11.988241280,0,0
11.988690880,1,0
11.988744000,1,1
11.989190880,0,1
11.989240960,0,0
11.989690880,1,0
11.989744160,1,1
11.990190880,0,1
11.990240960,0,0
11.990690880,1,0
11.990744160,1,1
11.991190880,0,1
11.991240960,0,0
11.991690720,1,0
11.991744000,1,1
11.992190720,0,1
11.992240640,0,0
11.992690720,1,0
11.992743680,1,1
11.993190720,0,1
11.993240960,0,0
11.993690720,1,0
11.993741760,1,1
11.994190560,0,1
11.994234400,0,0
11.994690560,1,0
11.994736960,1,1
11.995190560,0,1
11.995233920,0,0
11.995690560,1,0
11.995749920,1,1
11.996190560,0,1
11.996235200,0,0
11.996690400,1,0
11.996737600,1,1
11.997190400,0,1
11.997233600,0,0
11.997690400,1,0
11.997736800,1,1
11.998190400,0,1
11.998233760,0,0
11.998690400,1,0
11.998733600,1,1
11.999190400,0,1
11.999233760,0,0
11.999690240,1,0
11.999733760,1,1
12.000190240,0,1
12.000236640,0,0
12.000690240,1,0
12.000733600,1,1
12.001190240,0,1
12.001236800,0,0
12.001690240,1,0
12.001733600,1,1
12.002190240,0,1
12.002236320,0,0
12.002690080,1,0
12.002733600,1,1
12.003190080,0,1
12.003236480,0,0
12.003690080,1,0
12.003743840,1,1
12.004190080,0,1
12.004243520,0,0
12.004690080,1,0
12.004739200,1,1
12.005189920,0,1
12.005242400,0,0
12.005689920,1,0
12.005742080,1,1
12.006189920,0,1
12.006242720,0,0
12.006689920,1,0
12.006739040,1,1
12.007189920,0,1
12.007242560,0,0
12.007689760,1,0
12.007757440,1,1
12.008189760,0,1
12.008245280,0,0
12.008689760,1,0
12.008740000,1,1
12.009189760,0,1
12.009239200,0,0
12.009689760,1,0
12.009739040,1,1
12.010189760,0,1
12.010238880,0,0
12.010689600,1,0
12.010742240,1,1
12.011189600,0,1
12.011239040,0,0
12.011689600,1,0
12.011742080,1,1
12.012189600,0,1
12.012238880,0,0
12.012689600,1,0
12.012741600,1,1
12.013189600,0,1
12.013238880,0,0
12.013689440,1,0
12.013743360,1,1
12.014189440,0,1
12.014238560,0,0
12.014689440,1,0
12.014741760,1,1
12.015189440,0,1
12.015238560,0,0
12.015689440,1,0
12.015741920,1,1
12.016189280,0,1
12.016238560,0,0
12.016689280,1,0
12.016741920,1,1
12.017189280,0,1
12.017238400,0,0
12.017689280,1,0
12.017741920,1,1
12.018189280,0,1
12.018238560,0,0
12.018689120,1,0
12.018741440,1,1
12.019189120,0,1
12.019238240,0,0
12.019689120,1,0
12.019741280,1,1
12.020189120,0,1
12.020238400,0,0
12.020689120,1,0
12.020738560,1,1
12.021189120,0,1
12.021241600,0,0
12.021688960,1,0
12.021738240,1,1
12.022188960,0,1
12.022241440,0,0
12.022688960,1,0
12.022737920,1,1
12.023188960,0,1
12.023241120,0,0
12.023688960,1,0
12.023739680,1,1
12.024188960,0,1
12.024241120,0,0
12.024688800,1,0
12.024738080,1,1
12.025188800,0,1
12.025241280,0,0
12.025688800,1,0
12.025738080,1,1
12.026188800,0,1
12.026241280,0,0
12.026688800,1,0
12.026737760,1,1
12.027188640,0,1
12.027241280,0,0
12.027688640,1,0
12.027737760,1,1
12.028188640,0,1
12.028240800,0,0
12.028688640,1,0
12.028737760,1,1
12.029188640,0,1
12.029241280,0,0
12.029688480,1,0
12.029737920,1,1
12.030188480,0,1
12.030240640,0,0
12.030688480,1,0
12.030737600,1,1
12.031188480,0,1
12.031237440,0,0
12.031688480,1,0
12.031737760,1,1
12.032188480,0,1
12.032237600,0,0
12.032688320,1,0
12.032740800,1,1
12.033188320,0,1
12.033237760,0,0
12.033688320,1,0
12.033741280,1,1
12.034188320,0,1
12.034237760,0,0
12.034688320,1,0
12.034740160,1,1
12.035188320,0,1
12.035237280,0,0
12.035688160,1,0
12.035740480,1,1
12.036188160,0,1
12.036237600,0,0
12.036688160,1,0
12.036740480,1,1
12.037188160,0,1
12.037237280,0,0
12.037688160,1,0
12.037740960,1,1
12.038188000,0,1
12.038237120,0,0
12.038688000,1,0
12.038740800,1,1
12.039188000,0,1
12.039237440,0,0
12.039688000,1,0
12.039740160,1,1
12.040188000,0,1
12.040237120,0,0
12.040687840,1,0
12.040740320,1,1
12.041187840,0,1
12.041237280,0,0
12.041687840,1,0
12.041736960,1,1
12.042187840,0,1
12.042237120,0,0
12.042687840,1,0
12.042736960,1,1
12.043187840,0,1
12.043240160,0,0
12.043687680,1,0
12.043737760,1,1
12.044187680,0,1
12.044240480,0,0
12.044687680,1,0
12.044737120,1,1
12.045187680,0,1
12.045239840,0,0
12.045687680,1,0
12.045737120,1,1
12.046187680,0,1
12.046239680,0,0
12.046687520,1,0
12.046736960,1,1
12.047187520,0,1
12.047240320,0,0
12.047687520,1,0
12.047736640,1,1
12.048187520,0,1
12.048239840,0,0
12.048687520,1,0
12.048736480,1,1
12.049187360,0,1
12.049239840,0,0
12.049687360,1,0
12.049736640,1,1
12.050187360,0,1
12.050239840,0,0
12.050687360,1,0
12.050736320,1,1
12.051187360,0,1
12.051239840,0,0
12.051687200,1,0
12.051736480,1,1
12.052187200,0,1
12.052236480,0,0
12.052687200,1,0
12.052736480,1,1
12.053187200,0,1
12.053236160,0,0
12.053687200,1,0
12.053740160,1,1
12.054187200,0,1
12.054236800,0,0
12.054687040,1,0
12.054739360,1,1
12.055187040,0,1
12.055236000,0,0
12.055687040,1,0
12.055739520,1,1
12.056187040,0,1
12.056236640,0,0
12.056687040,1,0
12.056739040,1,1
12.057187040,0,1
12.057236160,0,0
12.057686880,1,0
12.057739040,1,1
12.058186880,0,1
12.058236000,0,0
12.058686880,1,0
12.058739360,1,1
12.059186880,0,1
12.059236480,0,0
12.059686720,1,0
12.059739040,1,1
12.060186720,0,1
12.060236000,0,0
12.060686720,1,0
12.060739520,1,1
12.061186720,0,1
12.061236000,0,0
12.061686720,1,0
12.061739200,1,1
12.062186720,0,1
12.062235520,0,0
12.062686560,1,0
12.062738720,1,1
12.063186560,0,1
12.063236160,0,0
12.063686560,1,0
12.063736800,1,1
12.064186560,0,1
12.064236000,0,0
12.064686560,1,0
12.064736000,1,1
12.065186560,0,1
12.065238720,0,0
12.065686400,1,0
12.065735840,1,1
12.066186400,0,1
12.066238560,0,0
12.066686400,1,0
12.066735680,1,1
12.067186400,0,1
12.067238560,0,0
12.067686400,1,0
12.067736160,1,1
12.068186400,0,1
12.068238560,0,0
12.068686240,1,0
12.068735680,1,1
12.069186240,0,1
12.069239040,0,0
12.069686240,1,0
12.069735200,1,1
12.070186240,0,1
12.070238720,0,0
12.070686080,1,0
12.070735680,1,1
12.071186080,0,1
12.071238560,0,0
12.071686080,1,0
12.071735520,1,1
12.072186080,0,1
12.072238560,0,0
12.072686080,1,0
12.072735040,1,1
12.073186080,0,1
12.073238720,0,0
12.073685920,1,0
12.073735680,1,1
12.074185920,0,1
12.074235200,0,0
12.074685920,1,0
12.074735360,1,1
12.075185920,0,1
12.075234720,0,0
12.075685920,1,0
12.075738080,1,1
12.076185920,0,1
12.076235360,0,0
12.076685760,1,0
12.076738080,1,1
12.077185760,0,1
12.077235040,0,0
12.077685760,1,0
12.077737920,1,1
12.078185760,0,1
12.078234880,0,0
12.078685760,1,0
12.078737600,1,1
12.079185600,0,1
12.079234720,0,0
12.079685600,1,0
12.079738240,1,1
12.080185600,0,1
12.080234880,0,0
12.080685600,1,0
12.080737920,1,1
12.081185600,0,1
12.081234400,0,0
12.081685440,1,0
12.081738400,1,1
12.082185440,0,1
12.082234720,0,0
12.082685440,1,0
12.082738240,1,1
12.083185440,0,1
12.083235040,0,0
12.083685440,1,0
12.083738880,1,1
12.084185440,0,1
12.084234880,0,0
12.084685280,1,0
12.084734400,1,1
12.085185280,0,1
12.085234560,0,0
12.085685280,1,0
12.085734240,1,1
12.086185280,0,1
12.086237440,0,0
12.086685280,1,0
12.086734560,1,1
12.087185280,0,1
12.087237760,0,0
12.087685120,1,0
12.087734560,1,1
12.088185120,0,1
12.088237440,0,0
12.088685120,1,0
12.088734080,1,1
12.089185120,0,1
12.089237280,0,0
12.089685120,1,0
12.089734240,1,1
12.090184960,0,1
12.090237440,0,0
12.090684960,1,0
12.090734720,1,1
12.091184960,0,1
12.091237440,0,0
12.091684960,1,0
12.091734400,1,1
12.092184960,0,1
12.092237440,0,0
12.092684800,1,0
12.092734080,1,1
12.093184800,0,1
12.093237440,0,0
12.093684800,1,0
12.093735360,1,1
12.094184800,0,1
12.094237120,0,0
12.094684800,1,0
12.094734080,1,1
12.095184800,0,1
12.095236480,0,0
12.095684640,1,0
12.095734240,1,1
12.096184640,0,1
12.096233760,0,0
12.096684640,1,0
12.096733600,1,1
12.097184640,0,1
12.097233760,0,0
12.097684640,1,0
12.097736640,1,1
12.098184640,0,1
12.098233600,0,0
12.098684480,1,0
12.098736640,1,1
12.099184480,0,1
12.099233600,0,0
12.099684480,1,0
12.099736640,1,1
12.100184480,0,1
12.100233440,0,0
12.100684480,1,0
12.100736800,1,1
12.101184320,0,1
12.101233600,0,0
12.101684320,1,0
12.101736960,1,1
12.102184320,0,1
12.102233600,0,0
12.102684320,1,0
12.102736800,1,1
12.103184320,0,1
12.103233280,0,0
12.103684160,1,0
12.103737760,1,1
12.104184160,0,1
12.104233440,0,0
12.104684160,1,0
12.104736800,1,1
12.105184160,0,1
12.105233600,0,0
12.105684160,1,0
12.105736160,1,1
12.106184160,0,1
12.106233280,0,0
12.106684000,1,0
12.106732800,1,1
12.107184000,0,1
12.107233120,0,0
12.107684000,1,0
12.107733280,1,1
12.108184000,0,1
12.108236320,0,0
12.108684000,1,0
12.108733440,1,1
12.109184000,0,1
12.109236160,0,0
12.109683840,1,0
12.109733120,1,1
12.110183840,0,1
12.110235840,0,0
12.110683840,1,0
12.110733120,1,1
12.111183840,0,1
12.111236000,0,0
12.111683840,1,0
12.111733440,1,1
12.112183680,0,1
12.112236640,0,0
12.112683680,1,0
12.112732960,1,1
12.113183680,0,1
12.113236160,0,0
12.113683680,1,0
12.113734400,1,1
12.114183680,0,1
12.114236160,0,0
12.114683520,1,0
12.114732960,1,1
12.115183520,0,1
12.115235840,0,0
12.115683520,1,0
12.115732800,1,1
12.116183520,0,1
12.116235680,0,0
12.116683520,1,0
12.116732640,1,1
12.117183520,0,1
12.117232640,0,0
12.117683360,1,0
12.117732960,1,1
12.118183360,0,1
12.118232480,0,0
12.118683360,1,0
12.118736160,1,1
12.119183360,0,1
12.119229280,0,0
12.119683360,1,0
12.119732160,1,1
12.120183360,0,1
12.120228640,0,0
12.120683200,1,0
12.120732000,1,1
12.121183200,0,1
12.121228960,0,0
12.121683200,1,0
12.121732160,1,1
12.122183200,0,1
12.122228640,0,0
12.122683200,1,0
12.122732000,1,1
12.123183040,0,1
12.123228640,0,0
12.123683040,1,0
12.123737600,1,1
12.124183040,0,1
12.124233440,0,0
12.124683040,1,0
12.124735680,1,1
12.125183040,0,1
12.125232800,0,0
12.125682880,1,0
12.125736000,1,1
12.126182880,0,1
12.126232480,0,0
12.126682880,1,0
12.126735840,1,1
12.127182880,0,1
12.127232480,0,0
12.127682880,1,0
12.127735040,1,1
12.128182880,0,1
12.128232480,0,0
12.128682720,1,0
12.128731840,1,1
12.129182720,0,1
12.129232320,0,0
12.129682720,1,0
12.129732160,1,1
12.130182720,0,1
12.130235040,0,0
12.130682720,1,0
12.130732320,1,1
12.131182720,0,1
12.131235040,0,0
12.131682560,1,0
12.131732160,1,1
12.132182560,0,1
12.132234880,0,0
12.132682560,1,0
12.132732160,1,1
12.133182560,0,1
12.133235200,0,0
12.133682560,1,0
12.133732640,1,1
12.134182400,0,1
12.134235200,0,0
12.134682400,1,0
12.134731840,1,1
12.135182400,0,1
12.135235040,0,0
12.135682400,1,0
12.135732000,1,1
12.136182400,0,1
12.136235360,0,0
12.136682240,1,0
12.136731520,1,1
12.137182240,0,1
12.137234400,0,0
12.137682240,1,0
12.137731840,1,1
12.138182240,0,1
12.138235040,0,0
12.138682240,1,0
12.138731840,1,1
12.139182240,0,1
12.139231520,0,0
12.139682080,1,0
12.139731680,1,1
12.140182080,0,1
12.140231360,0,0
12.140682080,1,0
12.140734400,1,1
12.141182080,0,1
12.141231520,0,0
12.141682080,1,0
12.141734720,1,1
12.142182080,0,1
12.142231840,0,0
12.142681920,1,0
12.142733920,1,1
12.143181920,0,1
12.143231040,0,0
12.143681920,1,0
12.143735200,1,1
12.144181920,0,1
12.144231360,0,0
12.144681920,1,0
12.144734880,1,1
12.145181760,0,1
12.145231040,0,0
12.145681760,1,0
12.145734560,1,1
12.146181760,0,1
12.146231040,0,0
12.146681760,1,0
12.146734560,1,1
12.147181760,0,1
12.147231200,0,0
12.147681600,1,0
12.147734240,1,1
12.148181600,0,1
12.148231040,0,0
12.148681600,1,0
12.148734240,1,1
12.149181600,0,1
12.149231520,0,0
12.149681600,1,0
12.149730880,1,1
12.150181600,0,1
12.150231360,0,0
12.150681440,1,0
12.150730720,1,1
12.151181440,0,1
12.151233920,0,0
12.151681440,1,0
12.151730880,1,1
12.152181440,0,1
12.152233920,0,0
12.152681440,1,0
12.152730720,1,1
12.153181440,0,1
12.153234080,0,0
12.153681280,1,0
12.153732000,1,1
12.154181280,0,1
12.154234240,0,0
12.154681280,1,0
12.154730720,1,1
12.155181280,0,1
12.155234240,0,0
12.155681280,1,0
12.155730560,1,1
12.156181120,0,1
12.156234240,0,0
12.156681120,1,0
12.156730400,1,1
12.157181120,0,1
12.157233920,0,0
12.157681120,1,0
12.157731040,1,1
12.158181120,0,1
12.158233760,0,0
12.158680960,1,0
12.158730400,1,1
12.159180960,0,1
12.159234080,0,0
12.159680960,1,0
12.159730880,1,1
12.160180960,0,1
12.160233600,0,0
12.160680960,1,0
12.160730560,1,1
12.161180960,0,1
12.161230560,0,0
12.161680800,1,0
12.161730400,1,1
12.162180800,0,1
12.162230240,0,0
12.162680800,1,0
12.162733280,1,1
12.163180800,0,1
12.163230080,0,0
12.163680800,1,0
12.163732960,1,1
12.164180800,0,1
12.164228960,0,0
12.164680640,1,0
12.164732160,1,1
12.165180640,0,1
12.165228800,0,0
12.165680640,1,0
12.165731520,1,1
12.166180640,0,1
12.166228800,0,0
12.166680480,1,0
12.166732000,1,1
12.167180480,0,1
12.167228960,0,0
12.167680480,1,0
12.167731680,1,1
12.168180480,0,1
12.168228960,0,0
12.168680480,1,0
12.168731840,1,1
12.169180480,0,1
12.169228640,0,0
12.169680320,1,0
12.169732000,1,1
12.170180320,0,1
12.170228800,0,0
12.170680320,1,0
12.170731200,1,1
12.171180320,0,1
12.171237440,0,0
12.171680320,1,0
12.171730880,1,1
12.172180320,0,1
12.172229760,0,0
12.172680160,1,0
12.172729600,1,1
12.173180160,0,1
12.173232640,0,0
12.173680160,1,0
12.173730080,1,1
12.174180160,0,1
12.174232960,0,0
12.174680160,1,0
12.174729440,1,1
12.175180160,0,1
12.175232160,0,0
12.175680000,1,0
12.175729280,1,1
12.176180000,0,1
12.176232000,0,0
12.176680000,1,0
12.176728960,1,1
12.177180000,0,1
12.177232320,0,0
12.177679840,1,0
12.177728800,1,1
12.178179840,0,1
12.178232160,0,0
12.178679840,1,0
12.178728960,1,1
12.179179840,0,1
12.179232320,0,0
12.179679840,1,0
12.179728640,1,1
12.180179840,0,1
12.180232160,0,0
12.180679680,1,0
12.180728800,1,1
12.181179680,0,1
12.181234560,0,0
12.181679680,1,0
12.181729760,1,1
12.182179680,0,1
12.182229280,0,0
12.182679680,1,0
12.182729280,1,1
12.183179680,0,1
12.183228800,0,0
12.183679520,1,0
12.183732960,1,1
12.184179520,0,1
12.184229120,0,0
12.184679520,1,0
12.184732000,1,1
12.185179520,0,1
12.185228800,0,0
12.185679520,1,0
12.185731840,1,1
12.186179520,0,1
12.186228800,0,0
12.186679360,1,0
12.186732000,1,1
12.187179360,0,1
12.187228960,0,0
12.187679360,1,0
12.187731840,1,1
12.188179360,0,1
12.188228640,0,0
12.188679200,1,0
12.188732480,1,1
12.189179200,0,1
12.189228960,0,0
12.189679200,1,0
12.189731840,1,1
12.190179200,0,1
12.190229280,0,0
12.190679200,1,0
12.190731840,1,1
12.191179200,0,1
12.191228640,0,0
12.191679040,1,0
12.191731840,1,1
12.192179040,0,1
12.192228320,0,0
12.192679040,1,0
12.192731360,1,1
12.193179040,0,1
12.193228640,0,0
12.193679040,1,0
12.193729600,1,1
12.194179040,0,1
12.194228640,0,0
12.194678880,1,0
12.194728320,1,1
12.195178880,0,1
12.195231520,0,0
12.195678880,1,0
12.195728320,1,1
12.196178880,0,1
12.196231200,0,0
12.196678880,1,0
12.196728320,1,1
12.197178720,0,1
12.197231200,0,0
12.197678720,1,0
12.197728160,1,1
12.198178720,0,1
12.198231200,0,0
12.198678720,1,0
12.198728320,1,1
12.199178720,0,1
12.199231840,0,0
12.199678560,1,0
12.199728000,1,1
12.200178560,0,1
12.200231520,0,0
12.200678560,1,0
12.200728000,1,1
12.201178560,0,1
12.201231680,0,0
12.201678560,1,0
12.201727840,1,1
12.202178560,0,1
12.202231200,0,0
12.202678400,1,0
12.202728160,1,1
12.203178400,0,1
12.203231360,0,0
12.203678400,1,0
12.203728480,1,1
12.204178400,0,1
12.204227360,0,0
12.204678400,1,0
12.204727360,1,1
12.205178400,0,1
12.205226720,0,0
12.205678240,1,0
12.205730080,1,1
12.206178240,0,1
12.206227200,0,0
12.206678240,1,0
12.206729920,1,1
12.207178240,0,1
12.207227200,0,0
12.207678240,1,0
12.207729760,1,1
12.208178080,0,1
12.208227040,0,0
12.208678080,1,0
12.208729440,1,1
12.209178080,0,1
12.209226880,0,0
12.209678080,1,0
12.209729440,1,1
12.210178080,0,1
12.210226880,0,0
12.210677920,1,0
12.210729600,1,1
12.211177920,0,1
12.211226400,0,0
12.211677920,1,0
12.211730080,1,1
12.212177920,0,1
12.212226880,0,0
12.212677920,1,0
12.212729600,1,1
12.213177920,0,1
12.213232320,0,0
12.213677760,1,0
12.213732480,1,1
12.214177760,0,1
12.214237440,0,0
12.214677760,1,0
12.214732640,1,1
12.215177760,0,1
12.215229440,0,0
12.215677760,1,0
12.215729120,1,1
12.216177760,0,1
12.216231680,0,0
12.216677600,1,0
12.216728480,1,1
12.217177600,0,1
12.217231520,0,0
12.217677600,1,0
12.217728960,1,1
12.218177600,0,1
12.218231200,0,0
12.218677600,1,0
12.218728640,1,1
12.219177440,0,1
12.219231520,0,0
12.219677440,1,0
12.219728320,1,1
12.220177440,0,1
12.220231040,0,0
12.220677440,1,0
12.220728640,1,1
12.221177440,0,1
12.221231840,0,0
12.221677280,1,0
12.221728640,1,1
12.222177280,0,1
12.222231680,0,0
12.222677280,1,0
12.222728320,1,1
12.223177280,0,1
12.223231200,0,0
12.223677280,1,0
12.223731520,1,1
12.224177280,0,1
12.224231680,0,0
12.224677120,1,0
12.224728160,1,1
12.225177120,0,1
12.225231040,0,0
12.225677120,1,0
12.225728160,1,1
12.226177120,0,1
12.226228320,0,0
12.226677120,1,0
12.226728480,1,1
12.227177120,0,1
12.227228000,0,0
12.227676960,1,0
12.227730720,1,1
12.228176960,0,1
12.228228320,0,0
12.228676960,1,0
12.228731200,1,1
12.229176960,0,1
12.229228160,0,0
12.229676960,1,0
12.229730720,1,1
12.230176800,0,1
12.230227840,0,0
12.230676800,1,0
12.230730560,1,1
12.231176800,0,1
12.231228000,0,0
12.231676800,1,0
12.231731200,1,1
12.232176800,0,1
12.232227680,0,0
12.232676640,1,0
12.232730880,1,1
12.233176640,0,1
12.233227840,0,0
12.233676640,1,0
12.233731680,1,1
12.234176640,0,1
12.234227520,0,0
12.234676640,1,0
12.234730880,1,1
12.235176640,0,1
12.235228160,0,0
12.235676480,1,0
12.235730720,1,1
12.236176480,0,1
12.236227520,0,0
12.236676480,1,0
12.236727040,1,1
12.237176480,0,1
12.237227840,0,0
12.237676480,1,0
12.237727040,1,1
12.238176480,0,1
12.238230560,0,0
12.238676320,1,0
12.238726880,1,1
12.239176320,0,1
12.239230080,0,0
12.239676320,1,0
12.239727520,1,1
12.240176320,0,1
12.240230560,0,0
12.240676320,1,0
12.240727040,1,1
12.241176160,0,1
12.241230720,0,0
12.241676160,1,0
12.241727360,1,1
12.242176160,0,1
12.242230720,0,0
12.242676160,1,0
12.242727360,1,1
12.243176160,0,1
12.243230560,0,0
12.243676000,1,0
12.243728160,1,1
12.244176000,0,1
12.244230720,0,0
12.244676000,1,0
12.244726880,1,1
12.245176000,0,1
12.245229760,0,0
12.245676000,1,0
12.245726880,1,1
12.246176000,0,1
12.246230240,0,0
12.246675840,1,0
12.246726720,1,1
12.247175840,0,1
12.247226400,0,0
12.247675840,1,0
12.247727040,1,1
12.248175840,0,1
12.248226560,0,0
12.248675840,1,0
12.248729760,1,1
12.249175840,0,1
12.249226720,0,0
12.249675680,1,0
12.249729760,1,1
12.250175680,0,1
12.250226400,0,0
12.250675680,1,0
12.250729760,1,1
12.251175680,0,1
12.251226560,0,0
12.251675680,1,0
12.251729440,1,1
12.252175520,0,1
12.252227040,0,0
12.252675520,1,0
12.252729920,1,1
12.253175520,0,1
12.253226560,0,0
12.253675520,1,0
12.253731040,1,1
12.254175520,0,1
12.254226720,0,0
12.254675360,1,0
12.254729920,1,1
12.255175360,0,1
12.255226240,0,0
12.255675360,1,0
12.255729920,1,1
12.256175360,0,1
12.256226080,0,0
12.256675360,1,0
12.256729440,1,1
12.257175360,0,1
12.257226720,0,0
12.257675200,1,0
12.257729120,1,1
12.258175200,0,1
12.258225920,0,0
12.258675200,1,0
12.258726080,1,1
12.259175200,0,1
12.259226720,0,0
12.259675200,1,0
12.259726080,1,1
12.260175200,0,1
12.260228960,0,0
12.260675040,1,0
12.260726080,1,1
12.261175040,0,1
12.261229600,0,0
12.261675040,1,0
12.261726240,1,1
12.262175040,0,1
12.262228960,0,0
12.262675040,1,0
12.262725920,1,1
12.263174880,0,1
12.263228960,0,0
12.263674880,1,0
12.263726560,1,1
12.264174880,0,1
12.264229280,0,0
12.264674880,1,0
12.264725920,1,1
12.265174880,0,1
12.265228800,0,0
12.265674720,1,0
12.265725920,1,1
12.266174720,0,1
12.266228800,0,0
12.266674720,1,0
12.266725600,1,1
12.267174720,0,1
12.267228960,0,0
12.267674720,1,0
12.267725760,1,1
12.268174720,0,1
12.268228960,0,0
12.268674560,1,0
12.268725600,1,1
12.269174560,0,1
12.269225440,0,0
12.269674560,1,0
12.269725760,1,1
12.270174560,0,1
12.270224960,0,0
12.270674560,1,0
12.270728320,1,1
12.271174560,0,1
12.271225440,0,0
12.271674400,1,0
12.271728640,1,1
12.272174400,0,1
12.272225760,0,0
12.272674400,1,0
12.272728320,1,1
12.273174400,0,1
12.273225440,0,0
12.273674240,1,0
12.273729600,1,1
12.274174240,0,1
12.274225280,0,0
12.274674240,1,0
12.274728320,1,1
12.275174240,0,1
12.275225280,0,0
12.275674240,1,0
12.275728640,1,1
12.276174240,0,1
12.276224960,0,0
12.276674080,1,0
12.276728160,1,1
12.277174080,0,1
12.277224960,0,0
12.277674080,1,0
12.277728480,1,1
12.278174080,0,1
12.278225600,0,0
12.278674080,1,0
12.278728480,1,1
12.279174080,0,1
12.279224960,0,0
12.279673920,1,0
12.279724960,1,1
12.280173920,0,1
12.280225280,0,0
12.280673920,1,0
12.280724960,1,1
12.281173920,0,1
12.281227840,0,0
12.281673920,1,0
12.281724640,1,1
12.282173760,0,1
12.282228160,0,0
12.282673760,1,0
12.282724960,1,1
12.283173760,0,1
12.283228160,0,0
12.283673760,1,0
12.283725600,1,1
12.284173760,0,1
12.284227520,0,0
12.284673600,1,0
12.284724640,1,1
12.285173600,0,1
12.285227680,0,0
12.285673600,1,0
12.285725120,1,1
12.286173600,0,1
12.286227840,0,0
12.286673600,1,0
12.286724640,1,1
12.287173600,0,1
12.287227520,0,0
12.287673440,1,0
12.287724640,1,1
12.288173440,0,1
12.288227840,0,0
12.288673440,1,0
12.288724480,1,1
12.289173440,0,1
12.289228000,0,0
12.289673440,1,0
12.289724480,1,1
12.290173440,0,1
12.290227520,0,0
12.290673280,1,0
12.290724640,1,1
12.291173280,0,1
12.291224640,0,0
12.291673280,1,0
12.291727360,1,1
12.292173280,0,1
12.292224160,0,0
12.292673280,1,0
12.292727040,1,1
12.293173120,0,1
12.293224160,0,0
12.293673120,1,0
12.293724640,1,1
12.294173120,0,1
12.294220320,0,0
12.294673120,1,0
12.294722880,1,1
12.295173120,0,1
12.295220160,0,0
12.295672960,1,0
12.295723360,1,1
12.296172960,0,1
12.296220000,0,0
12.296672960,1,0
12.296723200,1,1
12.297172960,0,1
12.297219680,0,0
12.297672960,1,0
12.297722880,1,1
12.298172960,0,1
12.298220000,0,0
12.298672800,1,0
12.298722560,1,1
12.299172800,0,1
12.299219680,0,0
12.299672800,1,0
12.299723040,1,1
12.300172800,0,1
12.300220000,0,0
12.300672800,1,0
12.300723200,1,1
12.301172800,0,1
12.301219840,0,0
12.301672640,1,0
12.301719840,1,1
12.302172640,0,1
12.302220160,0,0
12.302672640,1,0
12.302719360,1,1
12.303172640,0,1
12.303222720,0,0
12.303672640,1,0
12.303725120,1,1
12.304172480,0,1
12.304227360,0,0
12.304672480,1,0
12.304723520,1,1
12.305172480,0,1
12.305227200,0,0
12.305672480,1,0
12.305723360,1,1
12.306172480,0,1
12.306226560,0,0
12.306672320,1,0
12.306723680,1,1
12.307172320,0,1
12.307227040,0,0
12.307672320,1,0
12.307723680,1,1
12.308172320,0,1
12.308226560,0,0
12.308672320,1,0
12.308723200,1,1
12.309172320,0,1
12.309226720,0,0
12.309672160,1,0
12.309723360,1,1
12.310172160,0,1
12.310226720,0,0
12.310672160,1,0
12.310723040,1,1
12.311172160,0,1
12.311226240,0,0
12.311672160,1,0
12.311723200,1,1
12.312172160,0,1
12.312223040,0,0
12.312672000,1,0
12.312723200,1,1
12.313172000,0,1
12.313222720,0,0
12.313672000,1,0
12.313727360,1,1
12.314172000,0,1
12.314223200,0,0
12.314672000,1,0
12.314725760,1,1
12.315171840,0,1
12.315222880,0,0
12.315671840,1,0
12.315725920,1,1
12.316171840,0,1
12.316223040,0,0
12.316671840,1,0
12.316725600,1,1
12.317171840,0,1
12.317222560,0,0
12.317671680,1,0
12.317726400,1,1
12.318171680,0,1
12.318222400,0,0
12.318671680,1,0
12.318725760,1,1
12.319171680,0,1
12.319222720,0,0
12.319671680,1,0
12.319725920,1,1
12.320171680,0,1
12.320222400,0,0
12.320671520,1,0
12.320726080,1,1
12.321171520,0,1
12.321222560,0,0
12.321671520,1,0
12.321725280,1,1
12.322171520,0,1
12.322222880,0,0
12.322671520,1,0
12.322725600,1,1
12.323171520,0,1
12.323222720,0,0
12.323671360,1,0
12.323723040,1,1
12.324171360,0,1
12.324224800,0,0
12.324671360,1,0
12.324722400,1,1
12.325171360,0,1
12.325225120,0,0
12.325671360,1,0
12.325722720,1,1
12.326171200,0,1
12.326225760,0,0
12.326671200,1,0
12.326722720,1,1
12.327171200,0,1
12.327225440,0,0
12.327671200,1,0
12.327722560,1,1
12.328171200,0,1
12.328225600,0,0
12.328671040,1,0
12.328722560,1,1
12.329171040,0,1
12.329225440,0,0
12.329671040,1,0
12.329722400,1,1
12.330171040,0,1
12.330225280,0,0
12.330671040,1,0
12.330722080,1,1
12.331171040,0,1
12.331224960,0,0
12.331670880,1,0
12.331721760,1,1
12.332170880,0,1
12.332225440,0,0
12.332670880,1,0
12.332721920,1,1
12.333170880,0,1
12.333225280,0,0
12.333670880,1,0
12.333722880,1,1
12.334170880,0,1
12.334221920,0,0
12.334670720,1,0
12.334722080,1,1
12.335170720,0,1
12.335221440,0,0
12.335670720,1,0
12.335724480,1,1
12.336170720,0,1
12.336221600,0,0
12.336670560,1,0
12.336724640,1,1
12.337170560,0,1
12.337221600,0,0
12.337670560,1,0
12.337724800,1,1
12.338170560,0,1
12.338221760,0,0
12.338670560,1,0
12.338724480,1,1
12.339170560,0,1
12.339221600,0,0
12.339670400,1,0
12.339724640,1,1
12.340170400,0,1
12.340221920,0,0
12.340670400,1,0
12.340724480,1,1
12.341170400,0,1
12.341221600,0,0
12.341670400,1,0
12.341724480,1,1
12.342170400,0,1
12.342221600,0,0
12.342670240,1,0
12.342724480,1,1
12.343170240,0,1
12.343221440,0,0
12.343670240,1,0
12.343725600,1,1
12.344170240,0,1
12.344221280,0,0
12.344670240,1,0
12.344720800,1,1
12.345170080,0,1
12.345221280,0,0
12.345670080,1,0
12.345721120,1,1
12.346170080,0,1
12.346224320,0,0
12.346670080,1,0
12.346721120,1,1
12.347170080,0,1
12.347223840,0,0
12.347669920,1,0
12.347721280,1,1
12.348169920,0,1
12.348223840,0,0
12.348669920,1,0
12.348721280,1,1
12.349169920,0,1
12.349224480,0,0
12.349669920,1,0
12.349720960,1,1
12.350169920,0,1
12.350224320,0,0
12.350669760,1,0
12.350721280,1,1
12.351169760,0,1
12.351224160,0,0
12.351669760,1,0
12.351721120,1,1
12.352169760,0,1
12.352223840,0,0
12.352669760,1,0
12.352720640,1,1
12.353169760,0,1
12.353223680,0,0
12.353669600,1,0
12.353721600,1,1
12.354169600,0,1
12.354224160,0,0
12.354669600,1,0
12.354720320,1,1
12.355169600,0,1
12.355220640,0,0
12.355669600,1,0
12.355720800,1,1
12.356169440,0,1
12.356220480,0,0
12.356669440,1,0
12.356723520,1,1
12.357169440,0,1
12.357220640,0,0
12.357669440,1,0
12.357723360,1,1
12.358169440,0,1
12.358220480,0,0
12.358669280,1,0
12.358723520,1,1
12.359169280,0,1
12.359220320,0,0
12.359669280,1,0
12.359723360,1,1
12.360169280,0,1
12.360220480,0,0
12.360669280,1,0
12.360723040,1,1
12.361169280,0,1
12.361219680,0,0
12.361669120,1,0
12.361723360,1,1
12.362169120,0,1
12.362220000,0,0
12.362669120,1,0
12.362723040,1,1
12.363169120,0,1
12.363219840,0,0
12.363669120,1,0
12.363724000,1,1
12.364169120,0,1
12.364220480,0,0
12.364668960,1,0
12.364723040,1,1
12.365168960,0,1
12.365220000,0,0
12.365668960,1,0
12.365722880,1,1
12.366168960,0,1
12.366220160,0,0
12.366668960,1,0
12.366719680,1,1
12.367168800,0,1
12.367219680,0,0
12.367668800,1,0
12.367719840,1,1
12.368168800,0,1
12.368222720,0,0
12.368668800,1,0
12.368719840,1,1
12.369168800,0,1
12.369222400,0,0
12.369668640,1,0
12.369719840,1,1
12.370168640,0,1
12.370222720,0,0
12.370668640,1,0
12.370719520,1,1
12.371168640,0,1
12.371222560,0,0
12.371668640,1,0
12.371719520,1,1
12.372168640,0,1
12.372222400,0,0
12.372668480,1,0
12.372719360,1,1
12.373168480,0,1
12.373222560,0,0
12.373668480,1,0
12.373720320,1,1
12.374168480,0,1
12.374223200,0,0
12.374668480,1,0
12.374719360,1,1
12.375168480,0,1
12.375222880,0,0
12.375668320,1,0
12.375719680,1,1
12.376168320,0,1
12.376222720,0,0
12.376668320,1,0
12.376719200,1,1
12.377168320,0,1
12.377219360,0,0
12.377668320,1,0
12.377719360,1,1
12.378168160,0,1
12.378219040,0,0
12.378668160,1,0
12.378722240,1,1
12.379168160,0,1
12.379220320,0,0
12.379668160,1,0
12.379718560,1,1
12.380168160,0,1
12.380215200,0,0
12.380668000,1,0
12.380718240,1,1
12.381168000,0,1
12.381215360,0,0
12.381668000,1,0
12.381718400,1,1
12.382168000,0,1
12.382215680,0,0
12.382668000,1,0
12.382718400,1,1
12.383168000,0,1
12.383215200,0,0
12.383667840,1,0
12.383723360,1,1
12.384167840,0,1
12.384218560,0,0
12.384667840,1,0
12.384721600,1,1
12.385167840,0,1
12.385218400,0,0
12.385667840,1,0
12.385721280,1,1
12.386167840,0,1
12.386218080,0,0
12.386667680,1,0
12.386721600,1,1
12.387167680,0,1
12.387217760,0,0
12.387667680,1,0
12.387717760,1,1
12.388167680,0,1
12.388218240,0,0
12.388667680,1,0
12.388717760,1,1
12.389167520,0,1
12.389220800,0,0
12.389667520,1,0
12.389717760,1,1
12.390167520,0,1
12.390220320,0,0
12.390667520,1,0
12.390718080,1,1
12.391167520,0,1
12.391266080,0,0
12.391667360,1,0
12.391723200,1,1
12.392167360,0,1
12.392224160,0,0
12.392667360,1,0
12.392720160,1,1
12.393167360,0,1
12.393222240,0,0
12.393667360,1,0
12.393720160,1,1
12.394167360,0,1
12.394222720,0,0
12.394667200,1,0
12.394718720,1,1
12.395167200,0,1
12.395222400,0,0
12.395667200,1,0
12.395718720,1,1
12.396167200,0,1
12.396222720,0,0
12.396667200,1,0
12.396718880,1,1
12.397167200,0,1
12.397222080,0,0
12.397667040,1,0
12.397719360,1,1
12.398167040,0,1
12.398222400,0,0
12.398667040,1,0
12.398718880,1,1
12.399167040,0,1
12.399218080,0,0
12.399667040,1,0
12.399719360,1,1
12.400166880,0,1
12.400218560,0,0
12.400666880,1,0
12.400721920,1,1
12.401166880,0,1
12.401218720,0,0
12.401666880,1,0
12.401721760,1,1
12.402166880,0,1
12.402218880,0,0
12.402666720,1,0
12.402721920,1,1
12.403166720,0,1
12.403218240,0,0
12.403666720,1,0
12.403722400,1,1
12.404166720,0,1
12.404218240,0,0
12.404666720,1,0
12.404721600,1,1
12.405166720,0,1
12.405218400,0,0
12.405666560,1,0
12.405721920,1,1
12.406166560,0,1
12.406218400,0,0
12.406666560,1,0
12.406721600,1,1
12.407166560,0,1
12.407218240,0,0
12.407666560,1,0
12.407721760,1,1
12.408166560,0,1
12.408218240,0,0
12.408666400,1,0
12.408721760,1,1
12.409166400,0,1
12.409218240,0,0
12.409666400,1,0
12.409718080,1,1
12.410166400,0,1
12.410218080,0,0
12.410666400,1,0
12.410717920,1,1
12.411166240,0,1
12.411221440,0,0
12.411666240,1,0
12.411718400,1,1
12.412166240,0,1
12.412221120,0,0
12.412666240,1,0
12.412718400,1,1
12.413166240,0,1
12.413221440,0,0
12.413666080,1,0
12.413718720,1,1
12.414166080,0,1
12.414221120,0,0
12.414666080,1,0
12.414718080,1,1
12.415166080,0,1
12.415220800,0,0
12.415666080,1,0
12.415718240,1,1
12.416166080,0,1
12.416221120,0,0
12.416665920,1,0
12.416717920,1,1
12.417165920,0,1
12.417220800,0,0
12.417665920,1,0
12.417717920,1,1
12.418165920,0,1
12.418221120,0,0
12.418665920,1,0
12.418717600,1,1
12.419165920,0,1
12.419221280,0,0
12.419665760,1,0
12.419717920,1,1
12.420165760,0,1
12.420217920,0,0
12.420665760,1,0
12.420717920,1,1
12.421165760,0,1
12.421217920,0,0
12.421665600,1,0
12.421721120,1,1
12.422165600,0,1
12.422217600,0,0
12.422665600,1,0
12.422720160,1,1
12.423165600,0,1
12.423217440,0,0
12.423665600,1,0
12.423721760,1,1
12.424165600,0,1
12.424217760,0,0
12.424665440,1,0
12.424720480,1,1
12.425165440,0,1
12.425217440,0,0
12.425665440,1,0
12.425720480,1,1
12.426165440,0,1
12.426217120,0,0
12.426665440,1,0
12.426720480,1,1
12.427165440,0,1
12.427217280,0,0
12.427665280,1,0
12.427720800,1,1
12.428165280,0,1
12.428217120,0,0
12.428665280,1,0
12.428720320,1,1
12.429165280,0,1
12.429216800,0,0
12.429665280,1,0
12.429720800,1,1
12.430165280,0,1
12.430216800,0,0
12.430665120,1,0
12.430720160,1,1
12.431165120,0,1
12.431217120,0,0
12.431665120,1,0
12.431716480,1,1
12.432165120,0,1
12.432216960,0,0
12.432664960,1,0
12.432716640,1,1
12.433164960,0,1
12.433220320,0,0
12.433664960,1,0
12.433717920,1,1
12.434164960,0,1
12.434220000,0,0
12.434664960,1,0
12.434717280,1,1
12.435164960,0,1
12.435220000,0,0
12.435664800,1,0
12.435716480,1,1
12.436164800,0,1
12.436220160,0,0
12.436664800,1,0
12.436716960,1,1
12.437164800,0,1
12.437220160,0,0
12.437664800,1,0
12.437716800,1,1
12.438164800,0,1
12.438219520,0,0
12.438664640,1,0
12.438716480,1,1
12.439164640,0,1
12.439219840,0,0
12.439664640,1,0
12.439716640,1,1
12.440164640,0,1
12.440219680,0,0
12.440664640,1,0
12.440716480,1,1
12.441164480,0,1
12.441219680,0,0
12.441664480,1,0
12.441716160,1,1
12.442164480,0,1
12.442216320,0,0
12.442664480,1,0
12.442716320,1,1
12.443164480,0,1
12.443216320,0,0
12.443664320,1,0
12.443720320,1,1
12.444164320,0,1
12.444216320,0,0
12.444664320,1,0
12.444719680,1,1
12.445164320,0,1
12.445216000,0,0
12.445664320,1,0
12.445719360,1,1
12.446164320,0,1
12.446216320,0,0
12.446664160,1,0
12.446719040,1,1
12.447164160,0,1
12.447216160,0,0
12.447664160,1,0
12.447719680,1,1
12.448164160,0,1
12.448216160,0,0
12.448664160,1,0
12.448719680,1,1
12.449164160,0,1
12.449215840,0,0
12.449664000,1,0
12.449719200,1,1
12.450164000,0,1
12.450216160,0,0
12.450664000,1,0
12.450718880,1,1
12.451164000,0,1
12.451215840,0,0
12.451664000,1,0
12.451719200,1,1
12.452163840,0,1
12.452215840,0,0
12.452663840,1,0
12.452715840,1,1
12.453163840,0,1
12.453215680,0,0
12.453663840,1,0
12.453716160,1,1
12.454163840,0,1
12.454219360,0,0
12.454663680,1,0
12.454715360,1,1
12.455163680,0,1
12.455218560,0,0
12.455663680,1,0
12.455715680,1,1
12.456163680,0,1
12.456218720,0,0
12.456663680,1,0
12.456715200,1,1
12.457163680,0,1
12.457218240,0,0
12.457663520,1,0
12.457715360,1,1
12.458163520,0,1
12.458218240,0,0
12.458663520,1,0
12.458715200,1,1
12.459163520,0,1
12.459218720,0,0
12.459663520,1,0
12.459715360,1,1
12.460163520,0,1
12.460218240,0,0
12.460663360,1,0
12.460715200,1,1
12.461163360,0,1
12.461218560,0,0
12.461663360,1,0
12.461715360,1,1
12.462163360,0,1
12.462218400,0,0
12.462663360,1,0
12.462715040,1,1
12.463163200,0,1
12.463218560,0,0
12.463663200,1,0
12.463715840,1,1
12.464163200,0,1
12.464214880,0,0
12.464663200,1,0
12.464715040,1,1
12.465163200,0,1
12.465214880,0,0
12.465663040,1,0
12.465718560,1,1
12.466163040,0,1
12.466215040,0,0
12.466663040,1,0
12.466718080,1,1
12.467163040,0,1
12.467214880,0,0
12.467663040,1,0
12.467717760,1,1
12.468163040,0,1
12.468214400,0,0
12.468662880,1,0
12.468717920,1,1
12.469162880,0,1
12.469214720,0,0
12.469662880,1,0
12.469717920,1,1
12.470162880,0,1
12.470214560,0,0
12.470662880,1,0
12.470717600,1,1
12.471162880,0,1
12.471214720,0,0
12.471662720,1,0
12.471717920,1,1
12.472162720,0,1
12.472214400,0,0
12.472662720,1,0
12.472717600,1,1
12.473162720,0,1
12.473214560,0,0
12.473662720,1,0
12.473718720,1,1
12.474162560,0,1
12.474214240,0,0
12.474662560,1,0
12.474714240,1,1
12.475162560,0,1
12.475214560,0,0
12.475662560,1,0
12.475714400,1,1
12.476162560,0,1
12.476217600,0,0
12.476662400,1,0
12.476714080,1,1
12.477162400,0,1
12.477217440,0,0
12.477662400,1,0
12.477714240,1,1
12.478162400,0,1
12.478217120,0,0
12.478662400,1,0
12.478714240,1,1
12.479162400,0,1
12.479217120,0,0
12.479662240,1,0
12.479714240,1,1
12.480162240,0,1
12.480217600,0,0
12.480662240,1,0
12.480714080,1,1
12.481162240,0,1
12.481217280,0,0
12.481662240,1,0
12.481713920,1,1
12.482162240,0,1
12.482217440,0,0
12.482662080,1,0
12.482713760,1,1
12.483162080,0,1
12.483217120,0,0
12.483662080,1,0
12.483714880,1,1
12.484162080,0,1
12.484217280,0,0
12.484662080,1,0
12.484714080,1,1
12.485161920,0,1
12.485213920,0,0
12.485661920,1,0
12.485713760,1,1
12.486161920,0,1
12.486213600,0,0
12.486661920,1,0
12.486717280,1,1
12.487161920,0,1
12.487213600,0,0
12.487661760,1,0
12.487716960,1,1
12.488161760,0,1
12.488213600,0,0
12.488661760,1,0
12.488716320,1,1
12.489161760,0,1
12.489213440,0,0
12.489661760,1,0
12.489716960,1,1
12.490161760,0,1
12.490213760,0,0
12.490661600,1,0
12.490716800,1,1
12.491161600,0,1
12.491213280,0,0
12.491661600,1,0
12.491716640,1,1
12.492161600,0,1
12.492213600,0,0
12.492661600,1,0
12.492716960,1,1
12.493161600,0,1
12.493213600,0,0
12.493661440,1,0
12.493717440,1,1
12.494161440,0,1
12.494213600,0,0
12.494661440,1,0
12.494716320,1,1
12.495161440,0,1
12.495213280,0,0
12.495661440,1,0
12.495716000,1,1
12.496161280,0,1
12.496213600,0,0
12.496661280,1,0
12.496712960,1,1
12.497161280,0,1
12.497213120,0,0
12.497661280,1,0
12.497713120,1,1
12.498161280,0,1
12.498216320,0,0
12.498661120,1,0
12.498713280,1,1
12.499161120,0,1
12.499216320,0,0
12.499661120,1,0
12.499712800,1,1
12.500161120,0,1
12.500216000,0,0
12.500661120,1,0
12.500713280,1,1
12.501161120,0,1
12.501215680,0,0
12.501660960,1,0
12.501713120,1,1
12.502160960,0,1
12.502216000,0,0
12.502660960,1,0
12.502712960,1,1
12.503160960,0,1
12.503216000,0,0
12.503660960,1,0
12.503713920,1,1
12.504160960,0,1
12.504216320,0,0
12.504660800,1,0
12.504712960,1,1
12.505160800,0,1
12.505216000,0,0
12.505660800,1,0
12.505713120,1,1
12.506160800,0,1
12.506216000,0,0
12.506660800,1,0
12.506712800,1,1
12.507160640,0,1
12.507212480,0,0
12.507660640,1,0
12.507712960,1,1
12.508160640,0,1
12.508212640,0,0
12.508660640,1,0
12.508715840,1,1
12.509160640,0,1
12.509212160,0,0
12.509660480,1,0
12.509715360,1,1
12.510160480,0,1
12.510212480,0,0
12.510660480,1,0
12.510715680,1,1
12.511160480,0,1
12.511212640,0,0
12.511660480,1,0
12.511715200,1,1
12.512160480,0,1
12.512212000,0,0
12.512660320,1,0
12.512715840,1,1
12.513160320,0,1
12.513212000,0,0
12.513660320,1,0
12.513716320,1,1
12.514160320,0,1
12.514212160,0,0
12.514660320,1,0
12.514715200,1,1
12.515160320,0,1
12.515212000,0,0
12.515660160,1,0
12.515715200,1,1
12.516160160,0,1
12.516211840,0,0
12.516660160,1,0
12.516715520,1,1
12.517160160,0,1
12.517211840,0,0
12.517660160,1,0
12.517712160,1,1
12.518160000,0,1
12.518212000,0,0
12.518660000,1,0
12.518711840,1,1
12.519160000,0,1
12.519215200,0,0
12.519660000,1,0
12.519711520,1,1
12.520160000,0,1
12.520214560,0,0
12.520659840,1,0
12.520711680,1,1
12.521159840,0,1
12.521214720,0,0
12.521659840,1,0
12.521711680,1,1
12.522159840,0,1
12.522214880,0,0
12.522659840,1,0
12.522712160,1,1
12.523159840,0,1
12.523214720,0,0
12.523659680,1,0
12.523712640,1,1
12.524159680,0,1
12.524214720,0,0
12.524659680,1,0
12.524711680,1,1
12.525159680,0,1
12.525214880,0,0
12.525659680,1,0
12.525711360,1,1
12.526159680,0,1
12.526214880,0,0
12.526659520,1,0
12.526711520,1,1
12.527159520,0,1
12.527215200,0,0
12.527659520,1,0
12.527711040,1,1
12.528159520,0,1
12.528213920,0,0
12.528659520,1,0
12.528711200,1,1
12.529159360,0,1
12.529211040,0,0
12.529659360,1,0
12.529711200,1,1
12.530159360,0,1
12.530211520,0,0
12.530659360,1,0
12.530714080,1,1
12.531159360,0,1
12.531211360,0,0
12.531659200,1,0
12.531714240,1,1
12.532159200,0,1
12.532210880,0,0
12.532659200,1,0
12.532713920,1,1
12.533159200,0,1
12.533210720,0,0
12.533659200,1,0
12.533715200,1,1
12.534159200,0,1
12.534210560,0,0
12.534659040,1,0
12.534714240,1,1
12.535159040,0,1
12.535210720,0,0
12.535659040,1,0
12.535714240,1,1
12.536159040,0,1
12.536210720,0,0
12.536659040,1,0
12.536714240,1,1
12.537159040,0,1
12.537210720,0,0
12.537658880,1,0
12.537714240,1,1
12.538158880,0,1
12.538210400,0,0
12.538658880,1,0
12.538714080,1,1
12.539158880,0,1
12.539210720,0,0
12.539658720,1,0
12.539710880,1,1
12.540158720,0,1
12.540210240,0,0
12.540658720,1,0
12.540710560,1,1
12.541158720,0,1
12.541213600,0,0
12.541658720,1,0
12.541710560,1,1
12.542158720,0,1
12.542213600,0,0
12.542658560,1,0
12.542710880,1,1
12.543158560,0,1
12.543213440,0,0
12.543658560,1,0
12.543710880,1,1
12.544158560,0,1
12.544213280,0,0
12.544658560,1,0
12.544710240,1,1
12.545158560,0,1
12.545213600,0,0
12.545658400,1,0
12.545710240,1,1
12.546158400,0,1
12.546213600,0,0
12.546658400,1,0
12.546710400,1,1
12.547158400,0,1
12.547213280,0,0
12.547658400,1,0
12.547710240,1,1
12.548158400,0,1
12.548213440,0,0
12.548658240,1,0
12.548709920,1,1
12.549158240,0,1
12.549213760,0,0
12.549658240,1,0
12.549709920,1,1
12.550158240,0,1
12.550209920,0,0
12.550658080,1,0
12.550709920,1,1
12.551158080,0,1
12.551210080,0,0
12.551658080,1,0
12.551712800,1,1
12.552158080,0,1
12.552209440,0,0
12.552658080,1,0
12.552712960,1,1
12.553158080,0,1
12.553209760,0,0
12.553657920,1,0
12.553714560,1,1
12.554157920,0,1
12.554205440,0,0
12.554657920,1,0
12.554708480,1,1
12.555157920,0,1
12.555205120,0,0
12.555657920,1,0
12.555708480,1,1
12.556157920,0,1
12.556205120,0,0
12.556657760,1,0
12.556708320,1,1
12.557157760,0,1
12.557205440,0,0
12.557657760,1,0
12.557708160,1,1
12.558157760,0,1
12.558204800,0,0
12.558657760,1,0
12.558708480,1,1
12.559157600,0,1
12.559205120,0,0
12.559657600,1,0
12.559708160,1,1
12.560157600,0,1
12.560204960,0,0
12.560657600,1,0
12.560708160,1,1
12.561157600,0,1
12.561204800,0,0
12.561657440,1,0
12.561704640,1,1
12.562157440,0,1
12.562208000,0,0
12.562657440,1,0
12.562704640,1,1
12.563157440,0,1
12.563207520,0,0
12.563657440,1,0
12.563711040,1,1
12.564157440,0,1
12.564212000,0,0
12.564657280,1,0
12.564708800,1,1
12.565157280,0,1
12.565211680,0,0
12.565657280,1,0
12.565708320,1,1
12.566157280,0,1
12.566211680,0,0
12.566657280,1,0
12.566708800,1,1
12.567157280,0,1
12.567211840,0,0
12.567657120,1,0
12.567708320,1,1
12.568157120,0,1
12.568212160,0,0
12.568657120,1,0
12.568708320,1,1
12.569157120,0,1
12.569212000,0,0
12.569657120,1,0
12.569708640,1,1
12.570156960,0,1
12.570211840,0,0
12.570656960,1,0
12.570708320,1,1
12.571156960,0,1
12.571211360,0,0
12.571656960,1,0
12.571708160,1,1
12.572156960,0,1
12.572208000,0,0
12.572656800,1,0
12.572708160,1,1
12.573156800,0,1
12.573207840,0,0
12.573656800,1,0
12.573712800,1,1
12.574156800,0,1
12.574208320,0,0
12.574656800,1,0
12.574710720,1,1
12.575156800,0,1
12.575208160,0,0
12.575656640,1,0
12.575710880,1,1
12.576156640,0,1
12.576208160,0,0
12.576656640,1,0
12.576711040,1,1
12.577156640,0,1
12.577207840,0,0
12.577656640,1,0
12.577711200,1,1
12.578156640,0,1
12.578207840,0,0
12.578656480,1,0
12.578711360,1,1
12.579156480,0,1
12.579207360,0,0
12.579656480,1,0
12.579711200,1,1
12.580156480,0,1
12.580208160,0,0
12.580656480,1,0
12.580710880,1,1
12.581156320,0,1
12.581207840,0,0
12.581656320,1,0
12.581711200,1,1
12.582156320,0,1
12.582207520,0,0
12.582656320,1,0
12.582707520,1,1
12.583156320,0,1
12.583207360,0,0
12.583656160,1,0
12.583708000,1,1
12.584156160,0,1
12.584210720,0,0
12.584656160,1,0
12.584707520,1,1
12.585156160,0,1
12.585210400,0,0
12.585656160,1,0
12.585706880,1,1
12.586156160,0,1
12.586210080,0,0
12.586656000,1,0
12.586707360,1,1
12.587156000,0,1
12.587209920,0,0
12.587656000,1,0
12.587707520,1,1
12.588156000,0,1
12.588210240,0,0
12.588656000,1,0
12.588707200,1,1
12.589156000,0,1
12.589210400,0,0
12.589655840,1,0
12.589707200,1,1
12.590155840,0,1
12.590210400,0,0
12.590655840,1,0
12.590707040,1,1
12.591155840,0,1
12.591210560,0,0
12.591655840,1,0
12.591707520,1,1
12.592155680,0,1
12.592210080,0,0
12.592655680,1,0
12.592707040,1,1
12.593155680,0,1
12.593209920,0,0
12.593655680,1,0
12.593707680,1,1
12.594155680,0,1
12.594207040,0,0
12.594655520,1,0
12.594709760,1,1
12.595155520,0,1
12.595206560,0,0
12.595655520,1,0
12.595709760,1,1
12.596155520,0,1
12.596207040,0,0
12.596655520,1,0
12.596709600,1,1
12.597155520,0,1
12.597206560,0,0
12.597655360,1,0
12.597709920,1,1
12.598155360,0,1
12.598206720,0,0
12.598655360,1,0
12.598709600,1,1
12.599155360,0,1
12.599206560,0,0
12.599655360,1,0
12.599709600,1,1
12.600155360,0,1
12.600206560,0,0
12.600655200,1,0
12.600709440,1,1
12.601155200,0,1
12.601206240,0,0
12.601655200,1,0
12.601709440,1,1
12.602155200,0,1
12.602206400,0,0
12.602655200,1,0
12.602709600,1,1
12.603155040,0,1
12.603206240,0,0
12.603655040,1,0
12.603710400,1,1
12.604155040,0,1
12.604206240,0,0
12.604655040,1,0
12.604706400,1,1
12.605155040,0,1
12.605206400,0,0
12.605654880,1,0
12.605706080,1,1
12.606154880,0,1
12.606208960,0,0
12.606654880,1,0
12.606706080,1,1
12.607154880,0,1
12.607208960,0,0
12.607654880,1,0
12.607705920,1,1
12.608154880,0,1
12.608209120,0,0
12.608654720,1,0
12.608706240,1,1
12.609154720,0,1
12.609209120,0,0
12.609654720,1,0
12.609706080,1,1
12.610154720,0,1
12.610208960,0,0
12.610654720,1,0
12.610705920,1,1
12.611154720,0,1
12.611209120,0,0
12.611654560,1,0
12.611706080,1,1
12.612154560,0,1
12.612208800,0,0
12.612654560,1,0
12.612705920,1,1
12.613154560,0,1
12.613208960,0,0
12.613654560,1,0
12.613707040,1,1
12.614154400,0,1
12.614208800,0,0
12.614654400,1,0
12.614705440,1,1
12.615154400,0,1
12.615204960,0,0
12.615654400,1,0
12.615705600,1,1
12.616154400,0,1
12.616205280,0,0
12.616654240,1,0
12.616708480,1,1
12.617154240,0,1
12.617205120,0,0
12.617654240,1,0
12.617708480,1,1
12.618154240,0,1
12.618205120,0,0
12.618654240,1,0
12.618708640,1,1
12.619154240,0,1
12.619205760,0,0
12.619654080,1,0
12.619708320,1,1
12.620154080,0,1
12.620205280,0,0
12.620654080,1,0
12.620708960,1,1
12.621154080,0,1
12.621204960,0,0
12.621654080,1,0
12.621708640,1,1
12.622154080,0,1
12.622205120,0,0
12.622653920,1,0
12.622708800,1,1
12.623153920,0,1
12.623205280,0,0
12.623653920,1,0
12.623709280,1,1
12.624153920,0,1
12.624205280,0,0
12.624653920,1,0
12.624708800,1,1
12.625153760,0,1
12.625205120,0,0
12.625653760,1,0
12.625708320,1,1
12.626153760,0,1
12.626205120,0,0
12.626653760,1,0
12.626704800,1,1
12.627153760,0,1
12.627208000,0,0
12.627653600,1,0
12.627704480,1,1
12.628153600,0,1
12.628208320,0,0
12.628653600,1,0
12.628704960,1,1
12.629153600,0,1
12.629207840,0,0
12.629653600,1,0
12.629704640,1,1
12.630153600,0,1
12.630207840,0,0
12.630653440,1,0
12.630704480,1,1
12.631153440,0,1
12.631207680,0,0
12.631653440,1,0
12.631704800,1,1
12.632153440,0,1
12.632208320,0,0
12.632653440,1,0
12.632704480,1,1
12.633153440,0,1
12.633207840,0,0
12.633653280,1,0
12.633705120,1,1
12.634153280,0,1
12.634207680,0,0
12.634653280,1,0
12.634704320,1,1
12.635153280,0,1
12.635207360,0,0
12.635653280,1,0
12.635704480,1,1
12.636153120,0,1
12.636207840,0,0
12.636653120,1,0
12.636704320,1,1
12.637153120,0,1
12.637204000,0,0
12.637653120,1,0
12.637704800,1,1
12.638153120,0,1
12.638204000,0,0
12.638652960,1,0
12.638707200,1,1
12.639152960,0,1
12.639204960,0,0
12.639652960,1,0
12.639703520,1,1
12.640152960,0,1
12.640200160,0,0
12.640652960,1,0
12.640703360,1,1
12.641152960,0,1
12.641200320,0,0
12.641652800,1,0
12.641703040,1,1
12.642152800,0,1
12.642199840,0,0
12.642652800,1,0
12.642703360,1,1
12.643152800,0,1
12.643200640,0,0
12.643652800,1,0
12.643708960,1,1
12.644152800,0,1
12.644204160,0,0
12.644652640,1,0
12.644707040,1,1
12.645152640,0,1
12.645203840,0,0
12.645652640,1,0
12.645706880,1,1
12.646152640,0,1
12.646203840,0,0
12.646652640,1,0
12.646706880,1,1
12.647152480,0,1
12.647203840,0,0
12.647652480,1,0
12.647703680,1,1
12.648152480,0,1
12.648203520,0,0
12.648652480,1,0
12.648703520,1,1
12.649152480,0,1
12.649206560,0,0
12.649652320,1,0
12.649703520,1,1
12.650152320,0,1
12.650206400,0,0
12.650652320,1,0
12.650703520,1,1
12.651152320,0,1
12.651207040,0,0
12.651652320,1,0
12.651703520,1,1
12.652152320,0,1
12.652206400,0,0
12.652652160,1,0
12.652703680,1,1
12.653152160,0,1
12.653207040,0,0
12.653652160,1,0
12.653704160,1,1
12.654152160,0,1
12.654206880,0,0
12.654652160,1,0
12.654703200,1,1
12.655152160,0,1
12.655206880,0,0
12.655652000,1,0
12.655703360,1,1
12.656152000,0,1
12.656206880,0,0
12.656652000,1,0
12.656703040,1,1
12.657152000,0,1
12.657206560,0,0
12.657652000,1,0
12.657703200,1,1
12.658151840,0,1
12.658202880,0,0
12.658651840,1,0
12.658702720,1,1
12.659151840,0,1
12.659203040,0,0
12.659651840,1,0
12.659705920,1,1
12.660151840,0,1
12.660202880,0,0
12.660651680,1,0
12.660706240,1,1
12.661151680,0,1
12.661202720,0,0
12.661651680,1,0
12.661706080,1,1
12.662151680,0,1
12.662202880,0,0
12.662651680,1,0
12.662706240,1,1
12.663151680,0,1
12.663202560,0,0
12.663651520,1,0
12.663706720,1,1
12.664151520,0,1
12.664202560,0,0
12.664651520,1,0
12.664706560,1,1
12.665151520,0,1
12.665203200,0,0
12.665651520,1,0
12.665705920,1,1
12.666151520,0,1
12.666202720,0,0
12.666651360,1,0
12.666705600,1,1
12.667151360,0,1
12.667202720,0,0
12.667651360,1,0
12.667705760,1,1
12.668151360,0,1
12.668202720,0,0
12.668651360,1,0
12.668705440,1,1
12.669151200,0,1
12.669202560,0,0
12.669651200,1,0
12.669702560,1,1
12.670151200,0,1
12.670202400,0,0
12.670651200,1,0
12.670702560,1,1
12.671151200,0,1
12.671205600,0,0
12.671651040,1,0
12.671702240,1,1
12.672151040,0,1
12.672205600,0,0
12.672651040,1,0
12.672702080,1,1
12.673151040,0,1
12.673205760,0,0
12.673651040,1,0
12.673702720,1,1
12.674151040,0,1
12.674204800,0,0
12.674650880,1,0
12.674702080,1,1
12.675150880,0,1
12.675205440,0,0
12.675650880,1,0
12.675702080,1,1
12.676150880,0,1
12.676205440,0,0
12.676650880,1,0
12.676701920,1,1
12.677150880,0,1
12.677205120,0,0
12.677650720,1,0
12.677702400,1,1
12.678150720,0,1
12.678204800,0,0
12.678650720,1,0
12.678702400,1,1
12.679150720,0,1
12.679205280,0,0
12.679650560,1,0
12.679701760,1,1
12.680150560,0,1
12.680201440,0,0
12.680650560,1,0
12.680701760,1,1
12.681150560,0,1
12.681201760,0,0
12.681650560,1,0
12.681704800,1,1
12.682150560,0,1
12.682201760,0,0
12.682650400,1,0
12.682704640,1,1
12.683150400,0,1
12.683201440,0,0
12.683650400,1,0
12.683705440,1,1
12.684150400,0,1
12.684201440,0,0
12.684650400,1,0
12.684704640,1,1
12.685150400,0,1
12.685201440,0,0
12.685650240,1,0
12.685704640,1,1
12.686150240,0,1
12.686201760,0,0
12.686650240,1,0
12.686704480,1,1
12.687150240,0,1
12.687201440,0,0
12.687650240,1,0
12.687704640,1,1
12.688150240,0,1
12.688201280,0,0
12.688650080,1,0
12.688704800,1,1
12.689150080,0,1
12.689201440,0,0
12.689650080,1,0
12.689704480,1,1
12.690150080,0,1
12.690201120,0,0
12.690649920,1,0
12.690700960,1,1
12.691149920,0,1
12.691201120,0,0
12.691649920,1,0
12.691700960,1,1
12.692149920,0,1
12.692204320,0,0
12.692649920,1,0
12.692701120,1,1
12.693149920,0,1
12.693203840,0,0
12.693649760,1,0
12.693701600,1,1
12.694149760,0,1
12.694204000,0,0
12.694649760,1,0
12.694700960,1,1
12.695149760,0,1
12.695204000,0,0
12.695649760,1,0
12.695700800,1,1
12.696149760,0,1
12.696204000,0,0
12.696649600,1,0
12.696701280,1,1
12.697149600,0,1
12.697203680,0,0
12.697649600,1,0
12.697700800,1,1
12.698149600,0,1
12.698204000,0,0
12.698649600,1,0
12.698700640,1,1
12.699149440,0,1
12.699203840,0,0
12.699649440,1,0
12.699701120,1,1
12.700149440,0,1
12.700203840,0,0
12.700649440,1,0
12.700701120,1,1
12.701149440,0,1
12.701203680,0,0
12.701649280,1,0
12.701700640,1,1
12.702149280,0,1
12.702200480,0,0
12.702649280,1,0
12.702700640,1,1
12.703149280,0,1
12.703200800,0,0
12.703649280,1,0
12.703704320,1,1
12.704149280,0,1
12.704200480,0,0
12.704649120,1,0
12.704703520,1,1
12.705149120,0,1
12.705200640,0,0
12.705649120,1,0
12.705703520,1,1
12.706149120,0,1
12.706200480,0,0
12.706649120,1,0
12.706703360,1,1
12.707149120,0,1
12.707200480,0,0
12.707648960,1,0
12.707703520,1,1
12.708148960,0,1
12.708199840,0,0
12.708648960,1,0
12.708703360,1,1
12.709148960,0,1
12.709200320,0,0
12.709648960,1,0
12.709703680,1,1
12.710148800,0,1
12.710200160,0,0
12.710648800,1,0
12.710703360,1,1
12.711148800,0,1
12.711200000,0,0
12.711648800,1,0
12.711703360,1,1
12.712148800,0,1
12.712200000,0,0
12.712648640,1,0
12.712699680,1,1
12.713148640,0,1
12.713200000,0,0
12.713648640,1,0
12.713700480,1,1
12.714148640,0,1
12.714203200,0,0
12.714648640,1,0
12.714700160,1,1
12.715148640,0,1
12.715203200,0,0
12.715648480,1,0
12.715699680,1,1
12.716148480,0,1
12.716202560,0,0
12.716648480,1,0
12.716699680,1,1
12.717148480,0,1
12.717203040,0,0
12.717648480,1,0
12.717699840,1,1
12.718148480,0,1
12.718203200,0,0
12.718648320,1,0
12.718699840,1,1
12.719148320,0,1
12.719202400,0,0
12.719648320,1,0
12.719699680,1,1
12.720148320,0,1
12.720203360,0,0
12.720648320,1,0
12.720699520,1,1
12.721148160,0,1
12.721202560,0,0
12.721648160,1,0
12.721699520,1,1
12.722148160,0,1
12.722202720,0,0
12.722648160,1,0
12.722699040,1,1
12.723148160,0,1
12.723199040,0,0
12.723648000,1,0
12.723700480,1,1
12.724148000,0,1
12.724199360,0,0
12.724648000,1,0
12.724702240,1,1
12.725148000,0,1
12.725199520,0,0
12.725648000,1,0
12.725702240,1,1
12.726148000,0,1
12.726198720,0,0
12.726647840,1,0
12.726702240,1,1
12.727147840,0,1
12.727199520,0,0
12.727647840,1,0
12.727702240,1,1
12.728147840,0,1
12.728199040,0,0
12.728647840,1,0
12.728702080,1,1
12.729147840,0,1
12.729199520,0,0
12.729647680,1,0
12.729702240,1,1
12.730147680,0,1
12.730199040,0,0
12.730647680,1,0
12.730701920,1,1
12.731147680,0,1
12.731199360,0,0
12.731647680,1,0
12.731702080,1,1
12.732147520,0,1
12.732199040,0,0
12.732647520,1,0
12.732701760,1,1
12.733147520,0,1
12.733198720,0,0
12.733647520,1,0
12.733702400,1,1
12.734147520,0,1
12.734198880,0,0
12.734647360,1,0
12.734698560,1,1
12.735147360,0,1
12.735198560,0,0
12.735647360,1,0
12.735698880,1,1
12.736147360,0,1
12.736201600,0,0
12.736647360,1,0
12.736698560,1,1
12.737147360,0,1
12.737201440,0,0
12.737647200,1,0
12.737698720,1,1
12.738147200,0,1
12.738201440,0,0
12.738647200,1,0
12.738698240,1,1
12.739147200,0,1
12.739201440,0,0
12.739647200,1,0
12.739698560,1,1
12.740147200,0,1
12.740201280,0,0
12.740647040,1,0
12.740698560,1,1
12.741147040,0,1
12.741201440,0,0
12.741647040,1,0
12.741698240,1,1
12.742147040,0,1
12.742201760,0,0
12.742647040,1,0
12.742698240,1,1
12.743146880,0,1
12.743201440,0,0
12.743646880,1,0
12.743698720,1,1
12.744146880,0,1
12.744201440,0,0
12.744646880,1,0
12.744698240,1,1
12.745146880,0,1
12.745198080,0,0
12.745646720,1,0
12.745698240,1,1
12.746146720,0,1
12.746198080,0,0
12.746646720,1,0
12.746700960,1,1
12.747146720,0,1
12.747197920,0,0
12.747646720,1,0
12.747701280,1,1
12.748146720,0,1
12.748198400,0,0
12.748646560,1,0
12.748701120,1,1
12.749146560,0,1
12.749197760,0,0
12.749646560,1,0
12.749700800,1,1
12.750146560,0,1
12.750198080,0,0
12.750646560,1,0
12.750700800,1,1
12.751146560,0,1
12.751197600,0,0
12.751646400,1,0
12.751700960,1,1
12.752146400,0,1
12.752197920,0,0
12.752646400,1,0
12.752700640,1,1
12.753146400,0,1
12.753198400,0,0
12.753646400,1,0
12.753701600,1,1
12.754146240,0,1
12.754197920,0,0
12.754646240,1,0
12.754700960,1,1
12.755146240,0,1
12.755197440,0,0
12.755646240,1,0
12.755697600,1,1
12.756146240,0,1
12.756197600,0,0
12.756646080,1,0
12.756697600,1,1
12.757146080,0,1
12.757200640,0,0
12.757646080,1,0
12.757697440,1,1
12.758146080,0,1
12.758200320,0,0
12.758646080,1,0
12.758697440,1,1
12.759146080,0,1
12.759200640,0,0
12.759645920,1,0
12.759697600,1,1
12.760145920,0,1
12.760200320,0,0
12.760645920,1,0
12.760696960,1,1
12.761145920,0,1
12.761200000,0,0
12.761645920,1,0
12.761697280,1,1
12.762145920,0,1
12.762200480,0,0
12.762645760,1,0
12.762697280,1,1
12.763145760,0,1
12.763200160,0,0
12.763645760,1,0
12.763697920,1,1
12.764145760,0,1
12.764200160,0,0
12.764645760,1,0
12.764696800,1,1
12.765145600,0,1
12.765200480,0,0
12.765645600,1,0
12.765697120,1,1
12.766145600,0,1
12.766199840,0,0
12.766645600,1,0
12.766696800,1,1
12.767145600,0,1
12.767196640,0,0
12.767645440,1,0
12.767696960,1,1
12.768145440,0,1
12.768196800,0,0
12.768645440,1,0
12.768699840,1,1
12.769145440,0,1
12.769196800,0,0
12.769645440,1,0
12.769700000,1,1
12.770145440,0,1
12.770196160,0,0
12.770645280,1,0
12.770699520,1,1
12.771145280,0,1
12.771196320,0,0
12.771645280,1,0
12.771699680,1,1
12.772145280,0,1
12.772196960,0,0
12.772645280,1,0
12.772699840,1,1
12.773145280,0,1
12.773196480,0,0
12.773645120,1,0
12.773700480,1,1
12.774145120,0,1
12.774196320,0,0
12.774645120,1,0
12.774699680,1,1
12.775145120,0,1
12.775196480,0,0
12.775645120,1,0
12.775699680,1,1
12.776144960,0,1
12.776196640,0,0
12.776644960,1,0
12.776699680,1,1
12.777144960,0,1
12.777196160,0,0
12.777644960,1,0
12.777696000,1,1
12.778144960,0,1
12.778196320,0,0
12.778644800,1,0
12.778696160,1,1
12.779144800,0,1
12.779199040,0,0
12.779644800,1,0
12.779696000,1,1
12.780144800,0,1
12.780199040,0,0
12.780644800,1,0
12.780696320,1,1
12.781144800,0,1
12.781199200,0,0
12.781644640,1,0
12.781696320,1,1
12.782144640,0,1
12.782198720,0,0
12.782644640,1,0
12.782695840,1,1
12.783144640,0,1
12.783198720,0,0
12.783644640,1,0
12.783696640,1,1
12.784144640,0,1
12.784198880,0,0
12.784644480,1,0
12.784695680,1,1
12.785144480,0,1
12.785199040,0,0
12.785644480,1,0
12.785695680,1,1
12.786144480,0,1
12.786198720,0,0
12.786644480,1,0
12.786695680,1,1
12.787144320,0,1
12.787199520,0,0
12.787644320,1,0
12.787695840,1,1
12.788144320,0,1
12.788195840,0,0
12.788644320,1,0
12.788695360,1,1
12.789144320,0,1
12.789195520,0,0
12.789644160,1,0
12.789698560,1,1
12.790144160,0,1
12.790195840,0,0
12.790644160,1,0
12.790698720,1,1
12.791144160,0,1
12.791195360,0,0
12.791644160,1,0
12.791698240,1,1
12.792144160,0,1
12.792195520,0,0
12.792644000,1,0
12.792698240,1,1
12.793144000,0,1
12.793195360,0,0
12.793644000,1,0
12.793699040,1,1
12.794144000,0,1
12.794195040,0,0
12.794644000,1,0
12.794698720,1,1
12.795144000,0,1
12.795195360,0,0
12.795643840,1,0
12.795698400,1,1
12.796143840,0,1
12.796195200,0,0
12.796643840,1,0
12.796698080,1,1
12.797143840,0,1
12.797195200,0,0
12.797643840,1,0
12.797698400,1,1
12.798143680,0,1
12.798194880,0,0
12.798643680,1,0
12.798698080,1,1
12.799143680,0,1
12.799195040,0,0
12.799643680,1,0
12.799695040,1,1
12.800143680,0,1
12.800195680,0,0
12.800643520,1,0
12.800694720,1,1
12.801143520,0,1
12.801198240,0,0
12.801643520,1,0
12.801694720,1,1
12.802143520,0,1
12.802197600,0,0
12.802643520,1,0
12.802695040,1,1
12.803143520,0,1
12.803197760,0,0
12.803643360,1,0
12.803692480,1,1
12.804143360,0,1
12.804193920,0,0
12.804643360,1,0
12.804690560,1,1
12.805143360,0,1
12.805193920,0,0
12.805643360,1,0
12.805690720,1,1
12.806143360,0,1
12.806193600,0,0
12.806643200,1,0
12.806690560,1,1
12.807143200,0,1
12.807193280,0,0
12.807643200,1,0
12.807691040,1,1
12.808143200,0,1
12.808193440,0,0
12.808643040,1,0
12.808690400,1,1
12.809143040,0,1
12.809193440,0,0
12.809643040,1,0
12.809690080,1,1
12.810143040,0,1
12.810190560,0,0
12.810643040,1,0
12.810690400,1,1
12.811143040,0,1
12.811189920,0,0
12.811642880,1,0
12.811692960,1,1
12.812142880,0,1
12.812189600,0,0
12.812642880,1,0
12.812693440,1,1
12.813142880,0,1
12.813190080,0,0
12.813642880,1,0
12.813697760,1,1
12.814142880,0,1
12.814192800,0,0
12.814642720,1,0
12.814695520,1,1
12.815142720,0,1
12.815192000,0,0
12.815642720,1,0
12.815695680,1,1
12.816142720,0,1
12.816192320,0,0
12.816642720,1,0
12.816695680,1,1
12.817142720,0,1
12.817192320,0,0
12.817642560,1,0
12.817695520,1,1
12.818142560,0,1
12.818192160,0,0
12.818642560,1,0
12.818695360,1,1
12.819142560,0,1
12.819192320,0,0
12.819642400,1,0
12.819695360,1,1
12.820142400,0,1
12.820191840,0,0
12.820642400,1,0
12.820692160,1,1
12.821142400,0,1
12.821192160,0,0
12.821642400,1,0
12.821691840,1,1
12.822142400,0,1
12.822194880,0,0
12.822642240,1,0
12.822692320,1,1
12.823142240,0,1
12.823195040,0,0
12.823642240,1,0
12.823692000,1,1
12.824142240,0,1
12.824194400,0,0
12.824642240,1,0
12.824997920,1,1
12.825142240,0,1
12.825205440,0,0
12.825642080,1,0
12.825701280,1,1
12.826142080,0,1
12.826205120,0,0
12.826642080,1,0
12.826696160,1,1
12.827142080,0,1
12.827196640,0,0
12.827642080,1,0
12.827693600,1,1
12.828141920,0,1
12.828196960,0,0
12.828641920,1,0
12.828693280,1,1
12.829141920,0,1
12.829196800,0,0
12.829641920,1,0
12.829693280,1,1
12.830141920,0,1
12.830195840,0,0
12.830641760,1,0
12.830692960,1,1
12.831141760,0,1
12.831196000,0,0
12.831641760,1,0
12.831693120,1,1
12.832141760,0,1
12.832192800,0,0
12.832641760,1,0
12.832693280,1,1
12.833141760,0,1
12.833193120,0,0
12.833641600,1,0
12.833695200,1,1
12.834141600,0,1
12.834192000,0,0
12.834641600,1,0
12.834694400,1,1
12.835141600,0,1
12.835191840,0,0
12.835641600,1,0
12.835694720,1,1
12.836141600,0,1
12.836235360,0,0
12.836641440,1,0
12.836698720,1,1
12.837141440,0,1
12.837193600,0,0
12.837641440,1,0
12.837695680,1,1
12.838141440,0,1
12.838193280,0,0
12.838641440,1,0
12.838695200,1,1
12.839141280,0,1
12.839192480,0,0
12.839641280,1,0
12.839695360,1,1
12.840141280,0,1
12.840192640,0,0
12.840641280,1,0
12.840695840,1,1
12.841141280,0,1
12.841192320,0,0
12.841641120,1,0
12.841695840,1,1
12.842141120,0,1
12.842192480,0,0
12.842641120,1,0
12.842692320,1,1
12.843141120,0,1
12.843192160,0,0
12.843641120,1,0
12.843692800,1,1
12.844141120,0,1
12.844195520,0,0
12.844640960,1,0
12.844692480,1,1
12.845140960,0,1
12.845195520,0,0
12.845640960,1,0
12.845692320,1,1
12.846140960,0,1
12.846195520,0,0
12.846640960,1,0
12.846692160,1,1
12.847140960,0,1
12.847194880,0,0
12.847640800,1,0
12.847692160,1,1
12.848140800,0,1
12.848195360,0,0
12.848640800,1,0
12.848692160,1,1
12.849140800,0,1
12.849194720,0,0
12.849640800,1,0
12.849692320,1,1
12.850140640,0,1
12.850194560,0,0
12.850640640,1,0
12.850691520,1,1
12.851140640,0,1
12.851195040,0,0
12.851640640,1,0
12.851691680,1,1
12.852140640,0,1
12.852195040,0,0
12.852640480,1,0
12.852692320,1,1
12.853140480,0,1
12.853191360,0,0
12.853640480,1,0
12.853691680,1,1
12.854140480,0,1
12.854191520,0,0
12.854640480,1,0
12.854694240,1,1
12.855140480,0,1
12.855191840,0,0
12.855640320,1,0
12.855694240,1,1
12.856140320,0,1
12.856191680,0,0
12.856640320,1,0
12.856694080,1,1
12.857140320,0,1
12.857191520,0,0
12.857640320,1,0
12.857693440,1,1
12.858140320,0,1
12.858191520,0,0
12.858640160,1,0
12.858694240,1,1
12.859140160,0,1
12.859192000,0,0
12.859640160,1,0
12.859694400,1,1
12.860140160,0,1
12.860191680,0,0
12.860640160,1,0
12.860694080,1,1
12.861140000,0,1
12.861191840,0,0
12.861640000,1,0
12.861694400,1,1
12.862140000,0,1
12.862191040,0,0
12.862640000,1,0
12.862693440,1,1
12.863140000,0,1
12.863191200,0,0
12.863639840,1,0
12.863693920,1,1
12.864139840,0,1
12.864191200,0,0
12.864639840,1,0
12.864691040,1,1
12.865139840,0,1
12.865191520,0,0
12.865639840,1,0
12.865690560,1,1
12.866139840,0,1
12.866194080,0,0
12.866639680,1,0
12.866690880,1,1
12.867139680,0,1
12.867193760,0,0
12.867639680,1,0
12.867690720,1,1
12.868139680,0,1
12.868193600,0,0
12.868639680,1,0
12.868690880,1,1
12.869139680,0,1
12.869193280,0,0
12.869639520,1,0
12.869690400,1,1
12.870139520,0,1
12.870194240,0,0
12.870639520,1,0
12.870690560,1,1
12.871139520,0,1
12.871193920,0,0
12.871639360,1,0
12.871691040,1,1
12.872139360,0,1
12.872193600,0,0
12.872639360,1,0
12.872690400,1,1
12.873139360,0,1
12.873193440,0,0
12.873639360,1,0
12.873691040,1,1
12.874139360,0,1
12.874193440,0,0
12.874639200,1,0
12.874690400,1,1
12.875139200,0,1
12.875190720,0,0
12.875639200,1,0
12.875690080,1,1
12.876139200,0,1
12.876190560,0,0
12.876639200,1,0
12.876692640,1,1
12.877139200,0,1
12.877190240,0,0
12.877639040,1,0
12.877692800,1,1
12.878139040,0,1
12.878190080,0,0
12.878639040,1,0
12.878692320,1,1
12.879139040,0,1
12.879190400,0,0
12.879639040,1,0
12.879692960,1,1
12.880139040,0,1
12.880190400,0,0
12.880638880,1,0
12.880693440,1,1
12.881138880,0,1
12.881190080,0,0
12.881638880,1,0
12.881692800,1,1
12.882138880,0,1
12.882190240,0,0
12.882638720,1,0
12.882692800,1,1
12.883138720,0,1
12.883189920,0,0
12.883638720,1,0
12.883692960,1,1
12.884138720,0,1
12.884190080,0,0
12.884638720,1,0
12.884692640,1,1
12.885138720,0,1
12.885189600,0,0
12.885638560,1,0
12.885689440,1,1
12.886138560,0,1
12.886190080,0,0
12.886638560,1,0
12.886689120,1,1
12.887138560,0,1
12.887192320,0,0
12.887638560,1,0
12.887689920,1,1
12.888138560,0,1
12.888192480,0,0
12.888638400,1,0
12.888689760,1,1
12.889138400,0,1
12.889192000,0,0
12.889638400,1,0
12.889689440,1,1
12.890138400,0,1
12.890192160,0,0
12.890638400,1,0
12.890689120,1,1
12.891138240,0,1
12.891192640,0,0
12.891638240,1,0
12.891689280,1,1
12.892138240,0,1
12.892192640,0,0
12.892638240,1,0
12.892689120,1,1
12.893138240,0,1
12.893192320,0,0
12.893638080,1,0
12.893689760,1,1
12.894138080,0,1
12.894192800,0,0
12.894638080,1,0
12.894689120,1,1
12.895138080,0,1
12.895192800,0,0
12.895638080,1,0
12.895689280,1,1
12.896138080,0,1
12.896191840,0,0
12.896637920,1,0
12.896689440,1,1
12.897137920,0,1
12.897189280,0,0
12.897637920,1,0
12.897689600,1,1
12.898137920,0,1
12.898189120,0,0
12.898637920,1,0
12.898691360,1,1
12.899137920,0,1
12.899189600,0,0
12.899637760,1,0
12.899692160,1,1
12.900137760,0,1
12.900188960,0,0
12.900637760,1,0
12.900691840,1,1
12.901137760,0,1
12.901189120,0,0
12.901637760,1,0
12.901691840,1,1
12.902137600,0,1
12.902189120,0,0
12.902637600,1,0
12.902691840,1,1
12.903137600,0,1
12.903188320,0,0
12.903637600,1,0
12.903692800,1,1
12.904137600,0,1
12.904188800,0,0
12.904637440,1,0
12.904691360,1,1
12.905137440,0,1
12.905188640,0,0
12.905637440,1,0
12.905691040,1,1
12.906137440,0,1
12.906188800,0,0
12.906637440,1,0
12.906690880,1,1
12.907137440,0,1
12.907188640,0,0
12.907637280,1,0
12.907688320,1,1
12.908137280,0,1
12.908188640,0,0
12.908637280,1,0
12.908688640,1,1
12.909137280,0,1
12.909191200,0,0
12.909637280,1,0
12.909688480,1,1
12.910137280,0,1
12.910190720,0,0
12.910637120,1,0
12.910688640,1,1
12.911137120,0,1
12.911190880,0,0
12.911637120,1,0
12.911688640,1,1
12.912137120,0,1
12.912191040,0,0
12.912637120,1,0
12.912688640,1,1
12.913136960,0,1
12.913191200,0,0
12.913636960,1,0
12.913688160,1,1
12.914136960,0,1
12.914191360,0,0
12.914636960,1,0
12.914753920,1,1
12.915136960,0,1
12.915193440,0,0
12.915636800,1,0
12.915688320,1,1
12.916136800,0,1
12.916191200,0,0
12.916636800,1,0
12.916688000,1,1
12.917136800,0,1
12.917190880,0,0
12.917636800,1,0
12.917688000,1,1
12.918136800,0,1
12.918187520,0,0
12.918636640,1,0
12.918688160,1,1
12.919136640,0,1
12.919187840,0,0
12.919636640,1,0
12.919690720,1,1
12.920136640,0,1
12.920188320,0,0
12.920636640,1,0
12.920690400,1,1
12.921136640,0,1
12.921187680,0,0
12.921636480,1,0
12.921690400,1,1
12.922136480,0,1
12.922187840,0,0
12.922636480,1,0
12.922689760,1,1
12.923136480,0,1
12.923187360,0,0
12.923636480,1,0
12.923698240,1,1
12.924136320,0,1
12.924188800,0,0
12.924636320,1,0
12.924691040,1,1
12.925136320,0,1
12.925187840,0,0
12.925636320,1,0
12.925696480,1,1
12.926136320,0,1
12.926188160,0,0
12.926636160,1,0
12.926690720,1,1
12.927136160,0,1
12.927187680,0,0
12.927636160,1,0
12.927690400,1,1
12.928136160,0,1
12.928191200,0,0
12.928636160,1,0
12.928690080,1,1
12.929136160,0,1
12.929187520,0,0
12.929636000,1,0
12.929686720,1,1
12.930136000,0,1
12.930187520,0,0
12.930636000,1,0
12.930687200,1,1
12.931136000,0,1
12.931190080,0,0
12.931636000,1,0
12.931687200,1,1
12.932136000,0,1
12.932189920,0,0
12.932635840,1,0
12.932687360,1,1
12.933135840,0,1
12.933190240,0,0
12.933635840,1,0
12.933689440,1,1
12.934135840,0,1
12.934190720,0,0
12.934635680,1,0
12.934687520,1,1
12.935135680,0,1
12.935190720,0,0
12.935635680,1,0
12.935687360,1,1
12.936135680,0,1
12.936190880,0,0
12.936635680,1,0
12.936687520,1,1
12.937135680,0,1
12.937190240,0,0
12.937635520,1,0
12.937687200,1,1
12.938135520,0,1
12.938190400,0,0
12.938635520,1,0
12.938687200,1,1
12.939135520,0,1
12.939190400,0,0
12.939635520,1,0
12.939687360,1,1
12.940135520,0,1
12.940186880,0,0
12.940635360,1,0
12.940687360,1,1
12.941135360,0,1
12.941186400,0,0
12.941635360,1,0
12.941690080,1,1
12.942135360,0,1
12.942187040,0,0
12.942635360,1,0
12.942689760,1,1
12.943135200,0,1
12.943187520,0,0
12.943635200,1,0
12.943686400,1,1
12.944135200,0,1
12.944182400,0,0
12.944635200,1,0
12.944684960,1,1
12.945135200,0,1
12.945322080,0,0
12.945635040,1,0
12.945687680,1,1
12.946135040,0,1
12.946182720,0,0
12.946635040,1,0
12.946686080,1,1
12.947135040,0,1
12.947181760,0,0
12.947635040,1,0
12.947685120,1,1
12.948135040,0,1
12.948182240,0,0
12.948634880,1,0
12.948684960,1,1
12.949134880,0,1
12.949182240,0,0
12.949634880,1,0
12.949685120,1,1
12.950134880,0,1
12.950182240,0,0
12.950634880,1,0
12.950681920,1,1
12.951134880,0,1
12.951252800,0,0
12.951634720,1,0
12.951683520,1,1
12.952134720,0,1
12.952184480,0,0
12.952634720,1,0
12.952682080,1,1
12.953134720,0,1
12.953184480,0,0
12.953634720,1,0
12.953687520,1,1
12.954134560,0,1
12.954188800,0,0
12.954634560,1,0
12.954686560,1,1
12.955134560,0,1
12.955188480,0,0
12.955634560,1,0
12.955685600,1,1
12.956134560,0,1
12.956189280,0,0
12.956634400,1,0
12.956685600,1,1
12.957134400,0,1
12.957188640,0,0
12.957634400,1,0
12.957685760,1,1
12.958134400,0,1
12.958188320,0,0
12.958634400,1,0
12.958685760,1,1
12.959134400,0,1
12.959188480,0,0
12.959634240,1,0
12.959685760,1,1
12.960134240,0,1
12.960188800,0,0
12.960634240,1,0
12.960685440,1,1
12.961134240,0,1
12.961188160,0,0
12.961634240,1,0
12.961685280,1,1
12.962134240,0,1
12.962185280,0,0
12.962634080,1,0
12.962685760,1,1
12.963134080,0,1
12.963185600,0,0
12.963634080,1,0
12.963690720,1,1
12.964134080,0,1
12.964186560,0,0
12.964634080,1,0
12.964687680,1,1
12.965133920,0,1
12.965185280,0,0
12.965633920,1,0
12.965687360,1,1
12.966133920,0,1
12.966185440,0,0
12.966633920,1,0
12.966687680,1,1
12.967133920,0,1
12.967184800,0,0
12.967633760,1,0
12.967687520,1,1
12.968133760,0,1
12.968184960,0,0
12.968633760,1,0
12.968687840,1,1
12.969133760,0,1
12.969185120,0,0
12.969633760,1,0
12.969687520,1,1
12.970133760,0,1
12.970185120,0,0
12.970633600,1,0
12.970687520,1,1
12.971133600,0,1
12.971184800,0,0
12.971633600,1,0
12.971687520,1,1
12.972133600,0,1
12.972184960,0,0
12.972633600,1,0
12.972685280,1,1
12.973133600,0,1
12.973184800,0,0
12.973633440,1,0
12.973684800,1,1
12.974133440,0,1
12.974187360,0,0
12.974633440,1,0
12.974684800,1,1
12.975133440,0,1
12.975187200,0,0
12.975633440,1,0
12.975684320,1,1
12.976133280,0,1
12.976186720,0,0
12.976633280,1,0
12.976684800,1,1
12.977133280,0,1
12.977187040,0,0
12.977633280,1,0
12.977684640,1,1
12.978133280,0,1
12.978187680,0,0
12.978633120,1,0
12.978684320,1,1
12.979133120,0,1
12.979187360,0,0
12.979633120,1,0
12.979684480,1,1
12.980133120,0,1
12.980187520,0,0
12.980633120,1,0
12.980684480,1,1
12.981133120,0,1
12.981187200,0,0
12.981632960,1,0
12.981684320,1,1
12.982132960,0,1
12.982187520,0,0
12.982632960,1,0
12.982684320,1,1
12.983132960,0,1
12.983184160,0,0
12.983632960,1,0
12.983684320,1,1
12.984132960,0,1
12.984184000,0,0
12.984632800,1,0
12.984686720,1,1
12.985132800,0,1
12.985184160,0,0
12.985632800,1,0
12.985686400,1,1
12.986132800,0,1
12.986184160,0,0
12.986632640,1,0
12.986686400,1,1
12.987132640,0,1
12.987184000,0,0
12.987632640,1,0
12.987686400,1,1
12.988132640,0,1
12.988184160,0,0
12.988632640,1,0
12.988686240,1,1
12.989132640,0,1
12.989184000,0,0
12.989632480,1,0
12.989686400,1,1
12.990132480,0,1
12.990183840,0,0
12.990632480,1,0
12.990686080,1,1
12.991132480,0,1
12.991183680,0,0
12.991632480,1,0
12.991686880,1,1
12.992132480,0,1
12.992183680,0,0
12.992632320,1,0
12.992685920,1,1
12.993132320,0,1
12.993183840,0,0
12.993632320,1,0
12.993685600,1,1
12.994132320,0,1
12.994182720,0,0
12.994632320,1,0
12.994682720,1,1
12.995132160,0,1
12.995183040,0,0
12.995632160,1,0
12.995717760,1,1
12.996132160,0,1
12.996188800,0,0
12.996632160,1,0
12.996683840,1,1
12.997132160,0,1
12.997187040,0,0
12.997632000,1,0
12.997684480,1,1
12.998132000,0,1
12.998186720,0,0
12.998632000,1,0
12.998684000,1,1
12.999132000,0,1
12.999186240,0,0
12.999632000,1,0
12.999683840,1,1
13.000132000,0,1
13.000187040,0,0
13.000631840,1,0
13.000683680,1,1
13.001131840,0,1
13.001186400,0,0
13.001631840,1,0
13.001684000,1,1
13.002131840,0,1
13.002186400,0,0
13.002631840,1,0
13.002683840,1,1
13.003131840,0,1
13.003186560,0,0
13.003631680,1,0
13.003684000,1,1
13.004131680,0,1
13.004186400,0,0
13.004631680,1,0
13.004683200,1,1
13.005131680,0,1
13.005183040,0,0
13.005631680,1,0
13.005691040,1,1
13.006131520,0,1
13.006184640,0,0
13.006631520,1,0
13.006686880,1,1
13.007131520,0,1
13.007183680,0,0
13.007631520,1,0
13.007686080,1,1
13.008131520,0,1
13.008182880,0,0
13.008631360,1,0
13.008686080,1,1
13.009131360,0,1
13.009182880,0,0
13.009631360,1,0
13.009686240,1,1
13.010131360,0,1
13.010183040,0,0
13.010631360,1,0
13.010685920,1,1
13.011131360,0,1
13.011183520,0,0
13.011631200,1,0
13.011686080,1,1
13.012131200,0,1
13.012183200,0,0
13.012631200,1,0
13.012685920,1,1
13.013131200,0,1
13.013183200,0,0
13.013631200,1,0
13.013686400,1,1
13.014131200,0,1
13.014183360,0,0
13.014631040,1,0
13.014685760,1,1
13.015131040,0,1
13.015182880,0,0
13.015631040,1,0
13.015682560,1,1
13.016131040,0,1
13.016183040,0,0
13.016631040,1,0
13.016682560,1,1
13.017130880,0,1
13.017185440,0,0
13.017630880,1,0
13.017682880,1,1
13.018130880,0,1
13.018185600,0,0
13.018630880,1,0
13.018682720,1,1
13.019130880,0,1
13.019185600,0,0
13.019630720,1,0
13.019682080,1,1
13.020130720,0,1
13.020185280,0,0
13.020630720,1,0
13.020682400,1,1
13.021130720,0,1
13.021185600,0,0
13.021630720,1,0
13.021682400,1,1
13.022130720,0,1
13.022185600,0,0
13.022630560,1,0
13.022682400,1,1
13.023130560,0,1
13.023185600,0,0
13.023630560,1,0
13.023682560,1,1
13.024130560,0,1
13.024185440,0,0
13.024630560,1,0
13.024682400,1,1
13.025130560,0,1
13.025185280,0,0
13.025630400,1,0
13.025682400,1,1
13.026130400,0,1
13.026184960,0,0
13.026630400,1,0
13.026682080,1,1
13.027130400,0,1
13.027181920,0,0
13.027630400,1,0
13.027682560,1,1
13.028130240,0,1
13.028181920,0,0
13.028630240,1,0
13.028684960,1,1
13.029130240,0,1
13.029182240,0,0
13.029630240,1,0
13.029684800,1,1
13.030130240,0,1
13.030182400,0,0
13.030630080,1,0
13.030684800,1,1
13.031130080,0,1
13.031182240,0,0
13.031630080,1,0
13.031684320,1,1
13.032130080,0,1
13.032182080,0,0
13.032630080,1,0
13.032684640,1,1
13.033130080,0,1
13.033181760,0,0
13.033629920,1,0
13.033681440,1,1
13.034129920,0,1
13.034177920,0,0
13.034629920,1,0
13.034680160,1,1
13.035129920,0,1
13.035176800,0,0
13.035629920,1,0
13.035680480,1,1
13.036129920,0,1
13.036177440,0,0
13.036629760,1,0
13.036680000,1,1
13.037129760,0,1
13.037177120,0,0
13.037629760,1,0
13.037677280,1,1
13.038129760,0,1
13.038177120,0,0
13.038629600,1,0
13.038676800,1,1
13.039129600,0,1
13.039179840,0,0
13.039629600,1,0
13.039677120,1,1
13.040129600,0,1
13.040179040,0,0
13.040629600,1,0
13.040676960,1,1
13.041129600,0,1
13.041179840,0,0
13.041629440,1,0
13.041676960,1,1
13.042129440,0,1
13.042179840,0,0
13.042629440,1,0
13.042676800,1,1
13.043129440,0,1
13.043179520,0,0
13.043629440,1,0
13.043691680,1,1
13.044129440,0,1
13.044184480,0,0
13.044629280,1,0
13.044681280,1,1
13.045129280,0,1
13.045183840,0,0
13.045629280,1,0
13.045681280,1,1
13.046129280,0,1
13.046183840,0,0
13.046629280,1,0
13.046680640,1,1
13.047129120,0,1
13.047183840,0,0
13.047629120,1,0
13.047680480,1,1
13.048129120,0,1
13.048180960,0,0
13.048629120,1,0
13.048680320,1,1
13.049129120,0,1
13.049179680,0,0
13.049628960,1,0
13.049683360,1,1
13.050128960,0,1
13.050180480,0,0
13.050628960,1,0
13.050683040,1,1
13.051128960,0,1
13.051180640,0,0
13.051628960,1,0
13.051682880,1,1
13.052128960,0,1
13.052180320,0,0
13.052628800,1,0
13.052683040,1,1
13.053128800,0,1
13.053180480,0,0
13.053628800,1,0
13.053683200,1,1
13.054128800,0,1
13.054180640,0,0
13.054628800,1,0
13.054683360,1,1
13.055128800,0,1
13.055180160,0,0
13.055628640,1,0
13.055683200,1,1
13.056128640,0,1
13.056180000,0,0
13.056628640,1,0
13.056682560,1,1
13.057128640,0,1
13.057180320,0,0
13.057628640,1,0
13.057683360,1,1
13.058128480,0,1
13.058180320,0,0
13.058628480,1,0
13.058679680,1,1
13.059128480,0,1
13.059179840,0,0
13.059628480,1,0
13.059679520,1,1
13.060128480,0,1
13.060182880,0,0
13.060628320,1,0
13.060679520,1,1
13.061128320,0,1
13.061182560,0,0
13.061628320,1,0
13.061679840,1,1
13.062128320,0,1
13.062182400,0,0
13.062628320,1,0
13.062679680,1,1
13.063128320,0,1
13.063182400,0,0
13.063628160,1,0
13.063679680,1,1
13.064128160,0,1
13.064182400,0,0
13.064628160,1,0
13.064679840,1,1
13.065128160,0,1
13.065182400,0,0
13.065628160,1,0
13.065679520,1,1
13.066128160,0,1
13.066182400,0,0
13.066628000,1,0
13.066679840,1,1
13.067128000,0,1
13.067182240,0,0
13.067628000,1,0
13.067679040,1,1
13.068128000,0,1
13.068182720,0,0
13.068628000,1,0
13.068679040,1,1
13.069127840,0,1
13.069181920,0,0
13.069627840,1,0
13.069679520,1,1
13.070127840,0,1
13.070179360,0,0
13.070627840,1,0
13.070679200,1,1
13.071127840,0,1
13.071179200,0,0
13.071627680,1,0
13.071681600,1,1
13.072127680,0,1
13.072179040,0,0
13.072627680,1,0
13.072681440,1,1
13.073127680,0,1
13.073179200,0,0
13.073627680,1,0
13.073681440,1,1
13.074127680,0,1
13.074179040,0,0
13.074627520,1,0
13.074681440,1,1
13.075127520,0,1
13.075179200,0,0
13.075627520,1,0
13.075681760,1,1
13.076127520,0,1
13.076178880,0,0
13.076627520,1,0
13.076681120,1,1
13.077127520,0,1
13.077178720,0,0
13.077627360,1,0
13.077682080,1,1
13.078127360,0,1
13.078179200,0,0
13.078627360,1,0
13.078681760,1,1
13.079127360,0,1
13.079178560,0,0
13.079627360,1,0
13.079681920,1,1
13.080127200,0,1
13.080179040,0,0
13.080627200,1,0
13.080678080,1,1
13.081127200,0,1
13.081179040,0,0
13.081627200,1,0
13.081678400,1,1
13.082127200,0,1
13.082181120,0,0
13.082627040,1,0
13.082678560,1,1
13.083127040,0,1
13.083181120,0,0
13.083627040,1,0
13.083678720,1,1
13.084127040,0,1
13.084181440,0,0
13.084627040,1,0
13.084678080,1,1
13.085127040,0,1
13.085181280,0,0
13.085626880,1,0
13.085678720,1,1
13.086126880,0,1
13.086181120,0,0
13.086626880,1,0
13.086677920,1,1
13.087126880,0,1
13.087180800,0,0
13.087626880,1,0
13.087678240,1,1
13.088126880,0,1
13.088181280,0,0
13.088626720,1,0
13.088677760,1,1
13.089126720,0,1
13.089181440,0,0
13.089626720,1,0
13.089678080,1,1
13.090126720,0,1
13.090181280,0,0
13.090626560,1,0
13.090677760,1,1
13.091126560,0,1
13.091177760,0,0
13.091626560,1,0
13.091678240,1,1
13.092126560,0,1
13.092177280,0,0
13.092626560,1,0
13.092680800,1,1
13.093126560,0,1
13.093178080,0,0
13.093626400,1,0
13.093680480,1,1
13.094126400,0,1
13.094177920,0,0
13.094626400,1,0
13.094680480,1,1
13.095126400,0,1
13.095177760,0,0
13.095626400,1,0
13.095680160,1,1
13.096126400,0,1
13.096178080,0,0
13.096626240,1,0
13.096680320,1,1
13.097126240,0,1
13.097177920,0,0
13.097626240,1,0
13.097680320,1,1
13.098126240,0,1
13.098177760,0,0
13.098626240,1,0
13.098680160,1,1
13.099126080,0,1
13.099177120,0,0
13.099626080,1,0
13.099680480,1,1
13.100126080,0,1
13.100177600,0,0
13.100626080,1,0
13.100680160,1,1
13.101126080,0,1
13.101177440,0,0
13.101625920,1,0
13.101679680,1,1
13.102125920,0,1
13.102177280,0,0
13.102625920,1,0
13.102677280,1,1
13.103125920,0,1
13.103177600,0,0
13.103625920,1,0
13.103677440,1,1
13.104125920,0,1
13.104179840,0,0
13.104625760,1,0
13.104677280,1,1
13.105125760,0,1
13.105179840,0,0
13.105625760,1,0
13.105677120,1,1
13.106125760,0,1
13.106179520,0,0
13.106625760,1,0
13.106677120,1,1
13.107125760,0,1
13.107179680,0,0
13.107625600,1,0
13.107677440,1,1
13.108125600,0,1
13.108180160,0,0
13.108625600,1,0
13.108676960,1,1
13.109125600,0,1
13.109179680,0,0
13.109625600,1,0
13.109677280,1,1
13.110125440,0,1
13.110179360,0,0
13.110625440,1,0
13.110677120,1,1
13.111125440,0,1
13.111179200,0,0
13.111625440,1,0
13.111676640,1,1
13.112125440,0,1
13.112179840,0,0
13.112625280,1,0
13.112677120,1,1
13.113125280,0,1
13.113176480,0,0
13.113625280,1,0
13.113676640,1,1
13.114125280,0,1
13.114176800,0,0
13.114625280,1,0
13.114679200,1,1
13.115125280,0,1
13.115176800,0,0
13.115625120,1,0
13.115679200,1,1
13.116125120,0,1
13.116176320,0,0
13.116625120,1,0
13.116678720,1,1
13.117125120,0,1
13.117176000,0,0
13.117625120,1,0
13.117678880,1,1
13.118125120,0,1
13.118176640,0,0
13.118624960,1,0
13.118678880,1,1
13.119124960,0,1
13.119176480,0,0
13.119624960,1,0
13.119679200,1,1
13.120124960,0,1
13.120176160,0,0
13.120624960,1,0
13.120678720,1,1
13.121124800,0,1
13.121176320,0,0
13.121624800,1,0
13.121678880,1,1
13.122124800,0,1
13.122175680,0,0
13.122624800,1,0
13.122678880,1,1
13.123124800,0,1
13.123176320,0,0
13.123624640,1,0
13.123675680,1,1
13.124124640,0,1
13.124175680,0,0
13.124624640,1,0
13.124675680,1,1
13.125124640,0,1
13.125178560,0,0
13.125624640,1,0
13.125676000,1,1
13.126124640,0,1
13.126179040,0,0
13.126624480,1,0
13.126676000,1,1
13.127124480,0,1
13.127178560,0,0
13.127624480,1,0
13.127676000,1,1
13.128124480,0,1
13.128179040,0,0
13.128624480,1,0
13.128675680,1,1
13.129124480,0,1
13.129178720,0,0
13.129624320,1,0
13.129675840,1,1
13.130124320,0,1
13.130178560,0,0
13.130624320,1,0
13.130675840,1,1
13.131124320,0,1
13.131178880,0,0
13.131624320,1,0
13.131675680,1,1
13.132124160,0,1
13.132178400,0,0
13.132624160,1,0
13.132675520,1,1
13.133124160,0,1
13.133178400,0,0
13.133624160,1,0
13.133675520,1,1
13.134124160,0,1
13.134178720,0,0
13.134624000,1,0
13.134675840,1,1
13.135124000,0,1
13.135175520,0,0
13.135624000,1,0
13.135675360,1,1
13.136124000,0,1
13.136175200,0,0
13.136624000,1,0
13.136678080,1,1
13.137124000,0,1
13.137175360,0,0
13.137623840,1,0
13.137677920,1,1
13.138123840,0,1
13.138175200,0,0
13.138623840,1,0
13.138677920,1,1
13.139123840,0,1
13.139175360,0,0
13.139623840,1,0
13.139677600,1,1
13.140123840,0,1
13.140175520,0,0
13.140623680,1,0
13.140678080,1,1
13.141123680,0,1
13.141175360,0,0
13.141623680,1,0
13.141678080,1,1
13.142123680,0,1
13.142175200,0,0
13.142623520,1,0
13.142677120,1,1
13.143123520,0,1
13.143175040,0,0
13.143623520,1,0
13.143677760,1,1
13.144123520,0,1
13.144175040,0,0
13.144623520,1,0
13.144677600,1,1
13.145123520,0,1
13.145174880,0,0
13.145623360,1,0
13.145675040,1,1
13.146123360,0,1
13.146174560,0,0
13.146623360,1,0
13.146674720,1,1
13.147123360,0,1
13.147177600,0,0
13.147623360,1,0
13.147674240,1,1
13.148123360,0,1
13.148177280,0,0
13.148623200,1,0
13.148674560,1,1
13.149123200,0,1
13.149177120,0,0
13.149623200,1,0
13.149674400,1,1
13.150123200,0,1
13.150177120,0,0
13.150623200,1,0
13.150674400,1,1
13.151123040,0,1
13.151177920,0,0
13.151623040,1,0
13.151673920,1,1
13.152123040,0,1
13.152177600,0,0
13.152623040,1,0
13.152674400,1,1
13.153123040,0,1
13.153177600,0,0
13.153622880,1,0
13.153674720,1,1
13.154122880,0,1
13.154177600,0,0
13.154622880,1,0
13.154673920,1,1
13.155122880,0,1
13.155177280,0,0
13.155622880,1,0
13.155674240,1,1
13.156122880,0,1
13.156174240,0,0
13.156622720,1,0
13.156674080,1,1
13.157122720,0,1
13.157173920,0,0
13.157622720,1,0
13.157676640,1,1
13.158122720,0,1
13.158173920,0,0
13.158622720,1,0
13.158676640,1,1
13.159122720,0,1
13.159174080,0,0
13.159622560,1,0
13.159676480,1,1
13.160122560,0,1
13.160173920,0,0
13.160622560,1,0
13.160676480,1,1
13.161122560,0,1
13.161173760,0,0
13.161622560,1,0
13.161676960,1,1
13.162122400,0,1
13.162173920,0,0
13.162622400,1,0
13.162676960,1,1
13.163122400,0,1
13.163173920,0,0
13.163622400,1,0
13.163676480,1,1
13.164122400,0,1
13.164171840,0,0
13.164622240,1,0
13.164674560,1,1
13.165122240,0,1
13.165171520,0,0
13.165622240,1,0
13.165674560,1,1
13.166122240,0,1
13.166171520,0,0
13.166622240,1,0
13.166673760,1,1
13.167122240,0,1
13.167171360,0,0
13.167622080,1,0
13.167671520,1,1
13.168122080,0,1
13.168171840,0,0
13.168622080,1,0
13.168671360,1,1
13.169122080,0,1
13.169173920,0,0
13.169622080,1,0
13.169671200,1,1
13.170122080,0,1
13.170173600,0,0
13.170621920,1,0
13.170754400,1,1
13.171121920,0,1
13.171176320,0,0
13.171621920,1,0
13.171672480,1,1
13.172121920,0,1
13.172184640,0,0
13.172621920,1,0
13.172674720,1,1
13.173121760,0,1
13.173177440,0,0
13.173621760,1,0
13.173674240,1,1
13.174121760,0,1
13.174176640,0,0
13.174621760,1,0
13.174673600,1,1
13.175121760,0,1
13.175176640,0,0
13.175621600,1,0
13.175674240,1,1
13.176121600,0,1
13.176176480,0,0
13.176621600,1,0
13.176673600,1,1
13.177121600,0,1
13.177176320,0,0
13.177621600,1,0
13.177673280,1,1
13.178121600,0,1
13.178172960,0,0
13.178621440,1,0
13.178673760,1,1
13.179121440,0,1
13.179173120,0,0
13.179621440,1,0
13.179676000,1,1
13.180121440,0,1
13.180173440,0,0
13.180621440,1,0
13.180675840,1,1
13.181121440,0,1
13.181175360,0,0
13.181621280,1,0
13.181674880,1,1
13.182121280,0,1
13.182172800,0,0
13.182621280,1,0
13.182674880,1,1
13.183121280,0,1
13.183171680,0,0
13.183621280,1,0
13.183675360,1,1
13.184121120,0,1
13.184172480,0,0
13.184621120,1,0
13.184674720,1,1
13.185121120,0,1
13.185172320,0,0
13.185621120,1,0
13.185674720,1,1
13.186121120,0,1
13.186172000,0,0
13.186620960,1,0
13.186674560,1,1
13.187120960,0,1
13.187172320,0,0
13.187620960,1,0
13.187674880,1,1
13.188120960,0,1
13.188171680,0,0
13.188620960,1,0
13.188672000,1,1
13.189120960,0,1
13.189171840,0,0
13.189620800,1,0
13.189671840,1,1
13.190120800,0,1
13.190174720,0,0
13.190620800,1,0
13.190672160,1,1
13.191120800,0,1
13.191174560,0,0
13.191620800,1,0
13.191671520,1,1
13.192120800,0,1
13.192174240,0,0
13.192620640,1,0
13.192671360,1,1
13.193120640,0,1
13.193173920,0,0
13.193620640,1,0
13.193672000,1,1
13.194120640,0,1
13.194174400,0,0
13.194620640,1,0
13.194671200,1,1
13.195120480,0,1
13.195174400,0,0
13.195620480,1,0
13.195671520,1,1
13.196120480,0,1
13.196174240,0,0
13.196620480,1,0
13.196671840,1,1
13.197120480,0,1
13.197174400,0,0
13.197620320,1,0
13.197671520,1,1
13.198120320,0,1
13.198174240,0,0
13.198620320,1,0
13.198671680,1,1
13.199120320,0,1
13.199173600,0,0
13.199620320,1,0
13.199671200,1,1
13.200120320,0,1
13.200171360,0,0
13.200620160,1,0
13.200671520,1,1
13.201120160,0,1
13.201171040,0,0
13.201620160,1,0
13.201673760,1,1
13.202120160,0,1
13.202170720,0,0
13.202620160,1,0
13.202673440,1,1
13.203120160,0,1
13.203170880,0,0
13.203620000,1,0
13.203674400,1,1
13.204120000,0,1
13.204170880,0,0
13.204620000,1,0
13.204673120,1,1
13.205120000,0,1
13.205170720,0,0
13.205620000,1,0
13.205674080,1,1
13.206119840,0,1
13.206170880,0,0
13.206619840,1,0
13.206674080,1,1
13.207119840,0,1
13.207171040,0,0
13.207619840,1,0
13.207673440,1,1
13.208119840,0,1
13.208170720,0,0
13.208619680,1,0
13.208673120,1,1
13.209119680,0,1
13.209170880,0,0
13.209619680,1,0
13.209673920,1,1
13.210119680,0,1
13.210170080,0,0
13.210619680,1,0
13.210670560,1,1
13.211119680,0,1
13.211170560,0,0
13.211619520,1,0
13.211670400,1,1
13.212119520,0,1
13.212173120,0,0
13.212619520,1,0
13.212670400,1,1
13.213119520,0,1
13.213173120,0,0
13.213619520,1,0
13.213670560,1,1
13.214119520,0,1
13.214172800,0,0
13.214619360,1,0
13.214670400,1,1
13.215119360,0,1
13.215173280,0,0
13.215619360,1,0
13.215670560,1,1
13.216119360,0,1
13.216173280,0,0
13.216619360,1,0
13.216670560,1,1
13.217119200,0,1
13.217173440,0,0
13.217619200,1,0
13.217670400,1,1
13.218119200,0,1
13.218173280,0,0
13.218619200,1,0
13.218670240,1,1
13.219119200,0,1
13.219172960,0,0
13.219619040,1,0
13.219669440,1,1
13.220119040,0,1
13.220173120,0,0
13.220619040,1,0
13.220669920,1,1
13.221119040,0,1
13.221169600,0,0
13.221619040,1,0
13.221669920,1,1
13.222119040,0,1
13.222169760,0,0
13.222618880,1,0
13.222672640,1,1
13.223118880,0,1
13.223169760,0,0
13.223618880,1,0
13.223672640,1,1
13.224118880,0,1
13.224170080,0,0
13.224618880,1,0
13.224672800,1,1
13.225118880,0,1
13.225169440,0,0
13.225618720,1,0
13.225672160,1,1
13.226118720,0,1
13.226169280,0,0
13.226618720,1,0
13.226672160,1,1
13.227118720,0,1
13.227169600,0,0
13.227618720,1,0
13.227672480,1,1
13.228118560,0,1
13.228169920,0,0
13.228618560,1,0
13.228672000,1,1
13.229118560,0,1
13.229169600,0,0
13.229618560,1,0
13.229672000,1,1
13.230118560,0,1
13.230169920,0,0
13.230618400,1,0
13.230672480,1,1
13.231118400,0,1
13.231169440,0,0
13.231618400,1,0
13.231671840,1,1
13.232118400,0,1
13.232169440,0,0
13.232618400,1,0
13.232669120,1,1
13.233118400,0,1
13.233169120,0,0
13.233618240,1,0
13.233668960,1,1
13.234118240,0,1
13.234171520,0,0
13.234618240,1,0
13.234669280,1,1
13.235118240,0,1
13.235172000,0,0
13.235618240,1,0
13.235669280,1,1
13.236118240,0,1
13.236171680,0,0
13.236618080,1,0
13.236669120,1,1
13.237118080,0,1
13.237171680,0,0
13.237618080,1,0
13.237669120,1,1
13.238118080,0,1
13.238172000,0,0
13.238617920,1,0
13.238669280,1,1
13.239117920,0,1
13.239171680,0,0
13.239617920,1,0
13.239669440,1,1
13.240117920,0,1
13.240172000,0,0
13.240617920,1,0
13.240668800,1,1
13.241117920,0,1
13.241171840,0,0
13.241617760,1,0
13.241669120,1,1
13.242117760,0,1
13.242171680,0,0
13.242617760,1,0
13.242668800,1,1
13.243117760,0,1
13.243168320,0,0
13.243617760,1,0
13.243669120,1,1
13.244117760,0,1
13.244168000,0,0
13.244617600,1,0
13.244671360,1,1
13.245117600,0,1
13.245168320,0,0
13.245617600,1,0
13.245671520,1,1
13.246117600,0,1
13.246168480,0,0
13.246617600,1,0
13.246670720,1,1
13.247117600,0,1
13.247168480,0,0
13.247617440,1,0
13.247670720,1,1
13.248117440,0,1
13.248168480,0,0
13.248617440,1,0
13.248671040,1,1
13.249117440,0,1
13.249168320,0,0
13.249617280,1,0
13.249671200,1,1
13.250117280,0,1
13.250168320,0,0
13.250617280,1,0
13.250670880,1,1
13.251117280,0,1
13.251167680,0,0
13.251617280,1,0
13.251671200,1,1
13.252117280,0,1
13.252168160,0,0
13.252617120,1,0
13.252671040,1,1
13.253117120,0,1
13.253168320,0,0
13.253617120,1,0
13.253668800,1,1
13.254117120,0,1
13.254168480,0,0
13.254617120,1,0
13.254667840,1,1
13.255117120,0,1
13.255170240,0,0
13.255616960,1,0
13.255668000,1,1
13.256116960,0,1
13.256170400,0,0
13.256616960,1,0
13.256667840,1,1
13.257116960,0,1
13.257170240,0,0
13.257616960,1,0
13.257668160,1,1
13.258116800,0,1
13.258170240,0,0
13.258616800,1,0
13.258667680,1,1
13.259116800,0,1
13.259171200,0,0
13.259616800,1,0
13.259667520,1,1
13.260116800,0,1
13.260170400,0,0
13.260616640,1,0
13.260667680,1,1
13.261116640,0,1
13.261170720,0,0
13.261616640,1,0
13.261667200,1,1
13.262116640,0,1
13.262170880,0,0
13.262616640,1,0
13.262667680,1,1
13.263116640,0,1
13.263170560,0,0
13.263616480,1,0
13.263667840,1,1
13.264116480,0,1
13.264170400,0,0
13.264616480,1,0
13.264667680,1,1
13.265116480,0,1
13.265167040,0,0
13.265616480,1,0
13.265668160,1,1
13.266116480,0,1
13.266167360,0,0
13.266616320,1,0
13.266669760,1,1
13.267116320,0,1
13.267167680,0,0
13.267616320,1,0
13.267669600,1,1
13.268116320,0,1
13.268167040,0,0
13.268616320,1,0
13.268669920,1,1
13.269116160,0,1
13.269167360,0,0
13.269616160,1,0
13.269669600,1,1
13.270116160,0,1
13.270167200,0,0
13.270616160,1,0
13.270669760,1,1
13.271116160,0,1
13.271167360,0,0
13.271616000,1,0
13.271669280,1,1
13.272116000,0,1
13.272166880,0,0
13.272616000,1,0
13.272669760,1,1
13.273116000,0,1
13.273167040,0,0
13.273616000,1,0
13.273669920,1,1
13.274116000,0,1
13.274167040,0,0
13.274615840,1,0
13.274669600,1,1
13.275115840,0,1
13.275167200,0,0
13.275615840,1,0
13.275666400,1,1
13.276115840,0,1
13.276167200,0,0
13.276615840,1,0
13.276666080,1,1
13.277115840,0,1
13.277169600,0,0
13.277615680,1,0
13.277666400,1,1
13.278115680,0,1
13.278169280,0,0
13.278615680,1,0
13.278666560,1,1
13.279115680,0,1
13.279169440,0,0
13.279615680,1,0
13.279666880,1,1
13.280115520,0,1
13.280168800,0,0
13.280615520,1,0
13.280666240,1,1
13.281115520,0,1
13.281168800,0,0
13.281615520,1,0
13.281666400,1,1
13.282115520,0,1
13.282169440,0,0
13.282615360,1,0
13.282665920,1,1
13.283115360,0,1
13.283169440,0,0
13.283615360,1,0
13.283666400,1,1
13.284115360,0,1
13.284169120,0,0
13.284615360,1,0
13.284666720,1,1
13.285115360,0,1
13.285169120,0,0
13.285615200,1,0
13.285666400,1,1
13.286115200,0,1
13.286165760,0,0
13.286615200,1,0
13.286666240,1,1
13.287115200,0,1
13.287166240,0,0
13.287615200,1,0
13.287668800,1,1
13.288115200,0,1
13.288166240,0,0
13.288615040,1,0
13.288668800,1,1
13.289115040,0,1
13.289166080,0,0
13.289615040,1,0
13.289668800,1,1
13.290115040,0,1
13.290165920,0,0
13.290615040,1,0
13.290668960,1,1
13.291114880,0,1
13.291165440,0,0
13.291614880,1,0
13.291668160,1,1
13.292114880,0,1
13.292165760,0,0
13.292614880,1,0
13.292668800,1,1
13.293114880,0,1
13.293165760,0,0
13.293614720,1,0
13.293668640,1,1
13.294114720,0,1
13.294166240,0,0
13.294614720,1,0
13.294668160,1,1
13.295114720,0,1
13.295165760,0,0
13.295614720,1,0
13.295668160,1,1
13.296114720,0,1
13.296165760,0,0
13.296614560,1,0
13.296668160,1,1
13.297114560,0,1
13.297165120,0,0
13.297614560,1,0
13.297665280,1,1
13.298114560,0,1
13.298165760,0,0
13.298614560,1,0
13.298665440,1,1
13.299114560,0,1
13.299168000,0,0
13.299614400,1,0
13.299665440,1,1
13.300114400,0,1
13.300167680,0,0
13.300614400,1,0
13.300665120,1,1
13.301114400,0,1
13.301167680,0,0
13.301614400,1,0
13.301665440,1,1
13.302114240,0,1
13.302168000,0,0
13.302614240,1,0
13.302665280,1,1
13.303114240,0,1
13.303168000,0,0
13.303614240,1,0
13.303665600,1,1
13.304114240,0,1
13.304168000,0,0
13.304614080,1,0
13.304665440,1,1
13.305114080,0,1
13.305168000,0,0
13.305614080,1,0
13.305665600,1,1
13.306114080,0,1
13.306168000,0,0
13.306614080,1,0
13.306665120,1,1
13.307114080,0,1
13.307167680,0,0
13.307613920,1,0
13.307665440,1,1
13.308113920,0,1
13.308164320,0,0
13.308613920,1,0
13.308664640,1,1
13.309113920,0,1
13.309164640,0,0
13.309613920,1,0
13.309667360,1,1
13.310113920,0,1
13.310164640,0,0
13.310613760,1,0
13.310667840,1,1
13.311113760,0,1
13.311164640,0,0
13.311613760,1,0
13.311667200,1,1
13.312113760,0,1
13.312164640,0,0
13.312613760,1,0
13.312667520,1,1
13.313113600,0,1
13.313164960,0,0
13.313613600,1,0
13.313663520,1,1
13.314113600,0,1
13.314160320,0,0
13.314613600,1,0
13.314662880,1,1
13.315113600,0,1
13.315160480,0,0
13.315613440,1,0
13.315662400,1,1
13.316113440,0,1
13.316160000,0,0
13.316613440,1,0
13.316662240,1,1
13.317113440,0,1
13.317159840,0,0
13.317613440,1,0
13.317662240,1,1
13.318113440,0,1
13.318160480,0,0
13.318613280,1,0
13.318659680,1,1
13.319113280,0,1
13.319159840,0,0
13.319613280,1,0
13.319659840,1,1
13.320113280,0,1
13.320161760,0,0
13.320613280,1,0
13.320659680,1,1
13.321113280,0,1
13.321162400,0,0
13.321613120,1,0
13.321659840,1,1
13.322113120,0,1
13.322162080,0,0
13.322613120,1,0
13.322660160,1,1
13.323113120,0,1
13.323162080,0,0
13.323613120,1,0
13.323665280,1,1
13.324112960,0,1
13.324166560,0,0
13.324612960,1,0
13.324663520,1,1
13.325112960,0,1
13.325166080,0,0
13.325612960,1,0
13.325663040,1,1
13.326112960,0,1
13.326165920,0,0
13.326612800,1,0
13.326663200,1,1
13.327112800,0,1
13.327173920,0,0
13.327612800,1,0
13.327664960,1,1
13.328112800,0,1
13.328167840,0,0
13.328612800,1,0
13.328663840,1,1
13.329112800,0,1
13.329167200,0,0
13.329612640,1,0
13.329664000,1,1
13.330112640,0,1
13.330163840,0,0
13.330612640,1,0
13.330666400,1,1
13.331112640,0,1
13.331164320,0,0
13.331612640,1,0
13.331666560,1,1
13.332112640,0,1
13.332164000,0,0
13.332612480,1,0
13.332666400,1,1
13.333112480,0,1
13.333163360,0,0
13.333612480,1,0
13.333666720,1,1
13.334112480,0,1
13.334164320,0,0
13.334612480,1,0
13.334666080,1,1
13.335112320,0,1
13.335163520,0,0
13.335612320,1,0
13.335666720,1,1
13.336112320,0,1
13.336163680,0,0
13.336612320,1,0
13.336666560,1,1
13.337112320,0,1
13.337163680,0,0
13.337612160,1,0
13.337666080,1,1
13.338112160,0,1
13.338163360,0,0
13.338612160,1,0
13.338666560,1,1
13.339112160,0,1
13.339163200,0,0
13.339612160,1,0
13.339666080,1,1
13.340112160,0,1
13.340163200,0,0
13.340612000,1,0
13.340663200,1,1
13.341112000,0,1
13.341163680,0,0
13.341612000,1,0
13.341662560,1,1
13.342112000,0,1
13.342165920,0,0
13.342612000,1,0
13.342663040,1,1
13.343112000,0,1
13.343165440,0,0
13.343611840,1,0
13.343663200,1,1
13.344111840,0,1
13.344165600,0,0
13.344611840,1,0
13.344663200,1,1
13.345111840,0,1
13.345165440,0,0
13.345611840,1,0
13.345662880,1,1
13.346111680,0,1
13.346165920,0,0
13.346611680,1,0
13.346663040,1,1
13.347111680,0,1
13.347165760,0,0
13.347611680,1,0
13.347662560,1,1
13.348111680,0,1
13.348165600,0,0
13.348611520,1,0
13.348662720,1,1
13.349111520,0,1
13.349165600,0,0
13.349611520,1,0
13.349662720,1,1
13.350111520,0,1
13.350165760,0,0
13.350611520,1,0
13.350663040,1,1
13.351111520,0,1
13.351162560,0,0
13.351611360,1,0
13.351662080,1,1
13.352111360,0,1
13.352162560,0,0
13.352611360,1,0
13.352664960,1,1
13.353111360,0,1
13.353162560,0,0
13.353611360,1,0
13.353665280,1,1
13.354111360,0,1
13.354162400,0,0
13.354611200,1,0
13.354664960,1,1
13.355111200,0,1
13.355162240,0,0
13.355611200,1,0
13.355664480,1,1
13.356111200,0,1
13.356162240,0,0
13.356611200,1,0
13.356664960,1,1
13.357111040,0,1
13.357162240,0,0
13.357611040,1,0
13.357664800,1,1
13.358111040,0,1
13.358162240,0,0
13.358611040,1,0
13.358665280,1,1
13.359111040,0,1
13.359162400,0,0
13.359610880,1,0
13.359665120,1,1
13.360110880,0,1
13.360162080,0,0
13.360610880,1,0
13.360664960,1,1
13.361110880,0,1
13.361162240,0,0
13.361610880,1,0
13.361661120,1,1
13.362110880,0,1
13.362162240,0,0
13.362610720,1,0
13.362661600,1,1
13.363110720,0,1
13.363164480,0,0
13.363610720,1,0
13.363661600,1,1
13.364110720,0,1
13.364164480,0,0
13.364610720,1,0
13.364662080,1,1
13.365110720,0,1
13.365164480,0,0
13.365610560,1,0
13.365661600,1,1
13.366110560,0,1
13.366164000,0,0
13.366610560,1,0
13.366661440,1,1
13.367110560,0,1
13.367164480,0,0
13.367610400,1,0
13.367661280,1,1
13.368110400,0,1
13.368164640,0,0
13.368610400,1,0
13.368661600,1,1
13.369110400,0,1
13.369164000,0,0
13.369610400,1,0
13.369660960,1,1
13.370110400,0,1
13.370164960,0,0
13.370610240,1,0
13.370661600,1,1
13.371110240,0,1
13.371164800,0,0
13.371610240,1,0
13.371661440,1,1
13.372110240,0,1
13.372164480,0,0
13.372610240,1,0
13.372661440,1,1
13.373110240,0,1
13.373161600,0,0
13.373610080,1,0
13.373661280,1,1
13.374110080,0,1
13.374160960,0,0
13.374610080,1,0
13.374663360,1,1
13.375110080,0,1
13.375161280,0,0
13.375610080,1,0
13.375664000,1,1
13.376110080,0,1
13.376161280,0,0
13.376609920,1,0
13.376663680,1,1
13.377109920,0,1
13.377160960,0,0
13.377609920,1,0
13.377663520,1,1
13.378109920,0,1
13.378160960,0,0
13.378609760,1,0
13.378663840,1,1
13.379109760,0,1
13.379160960,0,0
13.379609760,1,0
13.379663680,1,1
13.380109760,0,1
13.380160800,0,0
13.380609760,1,0
13.380663680,1,1
13.381109760,0,1
13.381160960,0,0
13.381609600,1,0
13.381663680,1,1
13.382109600,0,1
13.382161120,0,0
13.382609600,1,0
13.382663360,1,1
13.383109600,0,1
13.383160960,0,0
13.383609600,1,0
13.383660800,1,1
13.384109600,0,1
13.384160960,0,0
13.384609440,1,0
13.384660320,1,1
13.385109440,0,1
13.385163680,0,0
13.385609440,1,0
13.385660480,1,1
13.386109440,0,1
13.386163360,0,0
13.386609440,1,0
13.386660160,1,1
13.387109440,0,1
13.387163200,0,0
13.387609280,1,0
13.387660480,1,1
13.388109280,0,1
13.388162880,0,0
13.388609280,1,0
13.388659840,1,1
13.389109280,0,1
13.389163360,0,0
13.389609120,1,0
13.389660320,1,1
13.390109120,0,1
13.390163200,0,0
13.390609120,1,0
13.390660320,1,1
13.391109120,0,1
13.391163040,0,0
13.391609120,1,0
13.391660480,1,1
13.392109120,0,1
13.392163200,0,0
13.392608960,1,0
13.392660160,1,1
13.393108960,0,1
13.393163040,0,0
13.393608960,1,0
13.393660000,1,1
13.394108960,0,1
13.394160160,0,0
13.394608960,1,0
13.394660640,1,1
13.395108960,0,1
13.395160160,0,0
13.395608800,1,0
13.395662080,1,1
13.396108800,0,1
13.396160000,0,0
13.396608800,1,0
13.396662720,1,1
13.397108800,0,1
13.397159680,0,0
13.397608800,1,0
13.397662720,1,1
13.398108800,0,1
13.398159840,0,0
13.398608640,1,0
13.398662560,1,1
13.399108640,0,1
13.399160000,0,0
13.399608640,1,0
13.399662560,1,1
13.400108640,0,1
13.400160000,0,0
13.400608480,1,0
13.400662720,1,1
13.401108480,0,1
13.401159680,0,0
13.401608480,1,0
13.401662560,1,1
13.402108480,0,1
13.402159520,0,0
13.402608480,1,0
13.402662560,1,1
13.403108480,0,1
13.403159200,0,0
13.403608320,1,0
13.403662240,1,1
13.404108320,0,1
13.404159520,0,0
13.404608320,1,0
13.404662560,1,1
13.405108320,0,1
13.405159840,0,0
13.405608320,1,0
13.405659200,1,1
13.406108320,0,1
13.406159360,0,0
13.406608160,1,0
13.406659040,1,1
13.407108160,0,1
13.407162080,0,0
13.407608160,1,0
13.407659520,1,1
13.408108160,0,1
13.408162240,0,0
13.408608160,1,0
13.408658880,1,1
13.409108160,0,1
13.409161600,0,0
13.409608000,1,0
13.409658880,1,1
13.410108000,0,1
13.410161760,0,0
13.410608000,1,0
13.410659200,1,1
13.411108000,0,1
13.411162080,0,0
13.411607840,1,0
13.411659360,1,1
13.412107840,0,1
13.412162240,0,0
13.412607840,1,0
13.412659200,1,1
13.413107840,0,1
13.413162240,0,0
13.413607840,1,0
13.413659360,1,1
13.414107840,0,1
13.414161760,0,0
13.414607680,1,0
13.414658400,1,1
13.415107680,0,1
13.415161920,0,0
13.415607680,1,0
13.415658880,1,1
13.416107680,0,1
13.416158720,0,0
13.416607680,1,0
13.416658560,1,1
13.417107680,0,1
13.417158720,0,0
13.417607520,1,0
13.417661760,1,1
13.418107520,0,1
13.418158880,0,0
13.418607520,1,0
13.418660960,1,1
13.419107520,0,1
13.419158720,0,0
13.419607520,1,0
13.419661120,1,1
13.420107360,0,1
13.420158720,0,0
13.420607360,1,0
13.420661120,1,1
13.421107360,0,1
13.421158400,0,0
13.421607360,1,0
13.421661440,1,1
13.422107360,0,1
13.422158400,0,0
13.422607200,1,0
13.422661920,1,1
13.423107200,0,1
13.423157920,0,0
13.423607200,1,0
13.423661920,1,1
13.424107200,0,1
13.424157280,0,0
13.424607200,1,0
13.424660480,1,1
13.425107200,0,1
13.425157600,0,0
13.425607040,1,0
13.425660320,1,1
13.426107040,0,1
13.426157760,0,0
13.426607040,1,0
13.426656960,1,1
13.427107040,0,1
13.427157120,0,0
13.427607040,1,0
13.427656800,1,1
13.428107040,0,1
13.428159520,0,0
13.428606880,1,0
13.428657120,1,1
13.429106880,0,1
13.429159840,0,0
13.429606880,1,0
13.429657120,1,1
13.430106880,0,1
13.430160000,0,0
13.430606880,1,0
13.430657440,1,1
13.431106720,0,1
13.431159840,0,0
13.431606720,1,0
13.431656960,1,1
13.432106720,0,1
13.432159520,0,0
13.432606720,1,0
13.432657120,1,1
13.433106720,0,1
13.433160160,0,0
13.433606560,1,0
13.433656800,1,1
13.434106560,0,1
13.434159520,0,0
13.434606560,1,0
13.434656640,1,1
13.435106560,0,1
13.435159680,0,0
13.435606560,1,0
13.435656320,1,1
13.436106560,0,1
13.436160000,0,0
13.436606400,1,0
13.436656480,1,1
13.437106400,0,1
13.437159680,0,0
13.437606400,1,0
13.437656480,1,1
13.438106400,0,1
13.438156160,0,0
13.438606400,1,0
13.438656480,1,1
13.439106400,0,1
13.439156480,0,0
13.439606240,1,0
13.439658880,1,1
13.440106240,0,1
13.440156320,0,0
13.440606240,1,0
13.440658880,1,1
13.441106240,0,1
13.441156640,0,0
13.441606240,1,0
13.441659040,1,1
13.442106080,0,1
13.442156480,0,0
13.442606080,1,0
13.442658720,1,1
13.443106080,0,1
13.443156480,0,0
13.443606080,1,0
13.443659040,1,1
13.444106080,0,1
13.444156480,0,0
13.444605920,1,0
13.444659040,1,1
13.445105920,0,1
13.445155840,0,0
13.445605920,1,0
13.445658880,1,1
13.446105920,0,1
13.446155840,0,0
13.446605920,1,0
13.446659040,1,1
13.447105920,0,1
13.447155840,0,0
13.447605760,1,0
13.447658560,1,1
13.448105760,0,1
13.448156000,0,0
13.448605760,1,0
13.448656000,1,1
13.449105760,0,1
13.449156000,0,0
13.449605760,1,0
13.449655680,1,1
13.450105760,0,1
13.450158560,0,0
13.450605600,1,0
13.450655840,1,1
13.451105600,0,1
13.451158560,0,0
13.451605600,1,0
13.451655200,1,1
13.452105600,0,1
13.452158240,0,0
13.452605600,1,0
13.452655680,1,1
13.453105440,0,1
13.453158400,0,0
13.453605440,1,0
13.453655200,1,1
13.454105440,0,1
13.454157440,0,0
13.454605440,1,0
13.454654720,1,1
13.455105440,0,1
13.455157920,0,0
13.455605280,1,0
13.455654720,1,1
13.456105280,0,1
13.456157760,0,0
13.456605280,1,0
13.456654880,1,1
13.457105280,0,1
13.457157760,0,0
13.457605280,1,0
13.457659360,1,1
13.458105280,0,1
13.458157600,0,0
13.458605120,1,0
13.458670560,1,1
13.459105120,0,1
13.459156640,0,0
13.459605120,1,0
13.459655360,1,1
13.460105120,0,1
13.460155360,0,0
13.460605120,1,0
13.460657600,1,1
13.461105120,0,1
13.461154720,0,0
13.461604960,1,0
13.461657600,1,1
13.462104960,0,1
13.462155520,0,0
13.462604960,1,0
13.462657120,1,1
13.463104960,0,1
13.463154880,0,0
13.463604960,1,0
13.463657440,1,1
13.464104800,0,1
13.464155200,0,0
13.464604800,1,0
13.464657120,1,1
13.465104800,0,1
13.465155040,0,0
13.465604800,1,0
13.465656960,1,1
13.466104800,0,1
13.466154560,0,0
13.466604640,1,0
13.466657600,1,1
13.467104640,0,1
13.467154880,0,0
13.467604640,1,0
13.467657120,1,1
13.468104640,0,1
13.468155360,0,0
13.468604640,1,0
13.468657440,1,1
13.469104640,0,1
13.469154560,0,0
13.469604480,1,0
13.469657600,1,1
13.470104480,0,1
13.470154720,0,0
13.470604480,1,0
13.470654240,1,1
13.471104480,0,1
13.471155040,0,0
13.471604480,1,0
13.471654400,1,1
13.472104480,0,1
13.472157120,0,0
13.472604320,1,0
13.472653920,1,1
13.473104320,0,1
13.473156800,0,0
13.473604320,1,0
13.473654560,1,1
13.474104320,0,1
13.474156800,0,0
13.474604320,1,0
13.474654240,1,1
13.475104160,0,1
13.475156960,0,0
13.475604160,1,0
13.475654080,1,1
13.476104160,0,1
13.476156960,0,0
13.476604160,1,0
13.476654240,1,1
13.477104160,0,1
13.477156960,0,0
13.477604000,1,0
13.477653600,1,1
13.478104000,0,1
13.478157280,0,0
13.478604000,1,0
13.478654080,1,1
13.479104000,0,1
13.479157120,0,0
13.479604000,1,0
13.479653760,1,1
13.480104000,0,1
13.480156960,0,0
13.480603840,1,0
13.480654080,1,1
13.481103840,0,1
13.481153600,0,0
13.481603840,1,0
13.481654400,1,1
13.482103840,0,1
13.482154240,0,0
13.482603840,1,0
13.482656320,1,1
13.483103840,0,1
13.483154080,0,0
13.483603680,1,0
13.483656000,1,1
13.484103680,0,1
13.484153600,0,0
13.484603680,1,0
13.484656160,1,1
13.485103680,0,1
13.485153760,0,0
13.485603680,1,0
13.485655840,1,1
13.486103520,0,1
13.486153760,0,0
13.486603520,1,0
13.486656480,1,1
13.487103520,0,1
13.487153920,0,0
13.487603520,1,0
13.487656000,1,1
13.488103520,0,1
13.488153120,0,0
13.488603360,1,0
13.488655840,1,1
13.489103360,0,1
13.489153280,0,0
13.489603360,1,0
13.489656160,1,1
13.490103360,0,1
13.490153760,0,0
13.490603360,1,0
13.490656160,1,1
13.491103360,0,1
13.491153600,0,0
13.491603200,1,0
13.491652960,1,1
13.492103200,0,1
13.492153440,0,0
13.492603200,1,0
13.492652960,1,1
13.493103200,0,1
13.493156160,0,0
13.493603200,1,0
13.493652960,1,1
13.494103200,0,1
13.494155520,0,0
13.494603040,1,0
13.494653120,1,1
13.495103040,0,1
13.495155840,0,0
13.495603040,1,0
13.495652800,1,1
13.496103040,0,1
13.496155840,0,0
13.496603040,1,0
13.496653120,1,1
13.497102880,0,1
13.497155360,0,0
13.497602880,1,0
13.497653440,1,1
13.498102880,0,1
13.498155680,0,0
13.498602880,1,0
13.498652800,1,1
13.499102880,0,1
13.499155840,0,0
13.499602720,1,0
13.499652960,1,1
13.500102720,0,1
13.500155520,0,0
13.500602720,1,0
13.500652640,1,1
13.501102720,0,1
13.501155680,0,0
13.501602720,1,0
13.501652480,1,1
13.502102720,0,1
13.502155040,0,0
13.502602560,1,0
13.502652800,1,1
13.503102560,0,1
13.503152480,0,0
13.503602560,1,0
13.503653600,1,1
13.504102560,0,1
13.504152800,0,0
13.504602560,1,0
13.504654720,1,1
13.505102560,0,1
13.505152800,0,0
13.505602400,1,0
13.505654560,1,1
13.506102400,0,1
13.506152480,0,0
13.506602400,1,0
13.506655040,1,1
13.507102400,0,1
13.507152480,0,0
13.507602400,1,0
13.507655040,1,1
13.508102240,0,1
13.508151840,0,0
13.508602240,1,0
13.508654720,1,1
13.509102240,0,1
13.509152320,0,0
13.509602240,1,0
13.509655200,1,1
13.510102240,0,1
13.510152320,0,0
13.510602080,1,0
13.510654240,1,1
13.511102080,0,1
13.511151520,0,0
13.511602080,1,0
13.511654560,1,1
13.512102080,0,1
13.512151680,0,0
13.512602080,1,0
13.512654240,1,1
13.513102080,0,1
13.513152000,0,0
13.513601920,1,0
13.513652000,1,1
13.514101920,0,1
13.514151840,0,0
13.514601920,1,0
13.514652160,1,1
13.515101920,0,1
13.515154560,0,0
13.515601920,1,0
13.515651840,1,1
13.516101920,0,1
13.516154560,0,0
13.516601760,1,0
13.516651520,1,1
13.517101760,0,1
13.517154080,0,0
13.517601760,1,0
13.517652000,1,1
13.518101760,0,1
13.518154240,0,0
13.518601760,1,0
13.518651680,1,1
13.519101600,0,1
13.519154560,0,0
13.519601600,1,0
13.519652000,1,1
13.520101600,0,1
13.520154720,0,0
13.520601600,1,0
13.520651520,1,1
13.521101600,0,1
13.521154720,0,0
13.521601440,1,0
13.521651360,1,1
13.522101440,0,1
13.522154400,0,0
13.522601440,1,0
13.522651360,1,1
13.523101440,0,1
13.523154080,0,0
13.523601440,1,0
13.523651360,1,1
13.524101440,0,1
13.524151360,0,0
13.524601280,1,0
13.524651200,1,1
13.525101280,0,1
13.525151200,0,0
13.525601280,1,0
13.525654080,1,1
13.526101280,0,1
13.526151200,0,0
13.526601280,1,0
13.526653920,1,1
13.527101280,0,1
13.527151520,0,0
13.527601120,1,0
13.527653760,1,1
13.528101120,0,1
13.528150880,0,0
13.528601120,1,0
13.528653760,1,1
13.529101120,0,1
13.529151360,0,0
13.529601120,1,0
13.529654080,1,1
13.530100960,0,1
13.530151040,0,0
13.530600960,1,0
13.530653440,1,1
13.531100960,0,1
13.531151040,0,0
13.531600960,1,0
13.531653920,1,1
13.532100960,0,1
13.532151200,0,0
13.532600800,1,0
13.532653760,1,1
13.533100800,0,1
13.533151040,0,0
13.533600800,1,0
13.533653760,1,1
13.534100800,0,1
13.534151040,0,0
13.534600800,1,0
13.534653600,1,1
13.535100800,0,1
13.535150880,0,0
13.535600640,1,0
13.535650560,1,1
13.536100640,0,1
13.536151040,0,0
13.536600640,1,0
13.536650400,1,1
13.537100640,0,1
13.537153120,0,0
13.537600640,1,0
13.537650560,1,1
13.538100640,0,1
13.538153280,0,0
13.538600480,1,0
13.538650560,1,1
13.539100480,0,1
13.539153280,0,0
13.539600480,1,0
13.539650560,1,1
13.540100480,0,1
13.540153280,0,0
13.540600480,1,0
13.540650400,1,1
13.541100320,0,1
13.541153280,0,0
13.541600320,1,0
13.541650880,1,1
13.542100320,0,1
13.542153280,0,0
13.542600320,1,0
13.542650400,1,1
13.543100320,0,1
13.543153120,0,0
13.543600160,1,0
13.543650240,1,1
13.544100160,0,1
13.544153120,0,0
13.544600160,1,0
13.544650560,1,1
13.545100160,0,1
13.545152960,0,0
13.545600160,1,0
13.545649920,1,1
13.546100160,0,1
13.546149920,0,0
13.546600000,1,0
13.546650080,1,1
13.547100000,0,1
13.547150080,0,0
13.547600000,1,0
13.547652640,1,1
13.548100000,0,1
13.548149920,0,0
13.548600000,1,0
13.548652800,1,1
13.549100000,0,1
13.549149920,0,0
13.549599840,1,0
13.549652480,1,1
13.550099840,0,1
13.550149600,0,0
13.550599840,1,0
13.550652160,1,1
13.551099840,0,1
13.551149440,0,0
13.551599680,1,0
13.551652000,1,1
13.552099680,0,1
13.552149920,0,0
13.552599680,1,0
13.552652640,1,1
13.553099680,0,1
13.553149760,0,0
13.553599680,1,0
13.553652320,1,1
13.554099680,0,1
13.554149920,0,0
13.554599520,1,0
13.554652480,1,1
13.555099520,0,1
13.555149280,0,0
13.555599520,1,0
13.555652000,1,1
13.556099520,0,1
13.556149600,0,0
13.556599520,1,0
13.556649600,1,1
13.557099520,0,1
13.557149440,0,0
13.557599360,1,0
13.557649440,1,1
13.558099360,0,1
13.558152640,0,0
13.558599360,1,0
13.558649280,1,1
13.559099360,0,1
13.559152160,0,0
13.559599360,1,0
13.559649280,1,1
13.560099360,0,1
13.560152000,0,0
13.560599200,1,0
13.560649280,1,1
13.561099200,0,1
13.561152160,0,0
13.561599200,1,0
13.561649280,1,1
13.562099200,0,1
13.562152320,0,0
13.562599040,1,0
13.562649440,1,1
13.563099040,0,1
13.563151680,0,0
13.563599040,1,0
13.563649280,1,1
13.564099040,0,1
13.564151840,0,0
13.564599040,1,0
13.564648960,1,1
13.565099040,0,1
13.565151680,0,0
13.565598880,1,0
13.565648800,1,1
13.566098880,0,1
13.566151680,0,0
13.566598880,1,0
13.566648640,1,1
13.567098880,0,1
13.567151520,0,0
13.567598880,1,0
13.567648640,1,1
13.568098880,0,1
13.568148480,0,0
13.568598720,1,0
13.568648800,1,1
13.569098720,0,1
13.569148160,0,0
13.569598720,1,0
13.569651040,1,1
13.570098720,0,1
13.570148640,0,0
13.570598720,1,0
13.570651520,1,1
13.571098720,0,1
13.571148160,0,0
13.571598560,1,0
13.571651040,1,1
13.572098560,0,1
13.572148960,0,0
13.572598560,1,0
13.572651360,1,1
13.573098560,0,1
13.573148320,0,0
13.573598400,1,0
13.573650880,1,1
13.574098400,0,1
13.574148160,0,0
13.574598400,1,0
13.574651200,1,1
13.575098400,0,1
13.575148480,0,0
13.575598400,1,0
13.575651360,1,1
13.576098400,0,1
13.576148480,0,0
13.576598240,1,0
13.576651360,1,1
13.577098240,0,1
13.577148160,0,0
13.577598240,1,0
13.577650880,1,1
13.578098240,0,1
13.578148480,0,0
13.578598240,1,0
13.578647840,1,1
13.579098240,0,1
13.579148000,0,0
13.579598080,1,0
13.579648160,1,1
13.580098080,0,1
13.580150560,0,0
13.580598080,1,0
13.580648000,1,1
13.581098080,0,1
13.581150880,0,0
13.581598080,1,0
13.581647680,1,1
13.582098080,0,1
13.582150080,0,0
13.582597920,1,0
13.582648160,1,1
13.583097920,0,1
13.583151040,0,0
13.583597920,1,0
13.583647840,1,1
13.584097920,0,1
13.584150880,0,0
13.584597760,1,0
13.584647840,1,1
13.585097760,0,1
13.585150560,0,0
13.585597760,1,0
13.585647360,1,1
13.586097760,0,1
13.586150400,0,0
13.586597760,1,0
13.586647360,1,1
13.587097760,0,1
13.587151200,0,0
13.587597600,1,0
13.587647520,1,1
13.588097600,0,1
13.588150560,0,0
13.588597600,1,0
13.588647840,1,1
13.589097600,0,1
13.589147520,0,0
13.589597600,1,0
13.589647520,1,1
13.590097600,0,1
13.590147200,0,0
13.590597440,1,0
13.590650240,1,1
13.591097440,0,1
13.591147360,0,0
13.591597440,1,0
13.591649760,1,1
13.592097440,0,1
13.592147680,0,0
13.592597440,1,0
13.592650080,1,1
13.593097440,0,1
13.593147680,0,0
13.593597280,1,0
13.593649600,1,1
13.594097280,0,1
13.594147040,0,0
13.594597280,1,0
13.594650080,1,1
13.595097280,0,1
13.595147520,0,0
13.595597120,1,0
13.595649760,1,1
13.596097120,0,1
13.596147040,0,0
13.596597120,1,0
13.596649920,1,1
13.597097120,0,1
13.597146880,0,0
13.597597120,1,0
13.597649920,1,1
13.598097120,0,1
13.598147200,0,0
13.598596960,1,0
13.598649600,1,1
13.599096960,0,1
13.599147040,0,0
13.599596960,1,0
13.599649920,1,1
13.600096960,0,1
13.600146400,0,0
13.600596960,1,0
13.600646880,1,1
13.601096960,0,1
13.601149760,0,0
13.601596800,1,0
13.601647040,1,1
13.602096800,0,1
13.602149760,0,0
13.602596800,1,0
13.602646240,1,1
13.603096800,0,1
13.603149600,0,0
13.603596800,1,0
13.603647360,1,1
13.604096800,0,1
13.604149280,0,0
13.604596640,1,0
13.604646560,1,1
13.605096640,0,1
13.605149440,0,0
13.605596640,1,0
13.605646240,1,1
13.606096640,0,1
13.606149920,0,0
13.606596640,1,0
13.606646400,1,1
13.607096480,0,1
13.607149600,0,0
13.607596480,1,0
13.607646400,1,1
13.608096480,0,1
13.608149280,0,0
13.608596480,1,0
13.608646560,1,1
13.609096480,0,1
13.609149280,0,0
13.609596320,1,0
13.609646400,1,1
13.610096320,0,1
13.610149440,0,0
13.610596320,1,0
13.610645920,1,1
13.611096320,0,1
13.611146240,0,0
13.611596320,1,0
13.611645920,1,1
13.612096320,0,1
13.612146400,0,0
13.612596160,1,0
13.612648480,1,1
13.613096160,0,1
13.613146400,0,0
13.613596160,1,0
13.613648960,1,1
13.614096160,0,1
13.614146400,0,0
13.614596160,1,0
13.614648480,1,1
13.615096160,0,1
13.615145600,0,0
13.615596000,1,0
13.615648960,1,1
13.616096000,0,1
13.616146080,0,0
13.616596000,1,0
13.616648960,1,1
13.617096000,0,1
13.617145440,0,0
13.617596000,1,0
13.617648640,1,1
13.618095840,0,1
13.618146240,0,0
13.618595840,1,0
13.618648320,1,1
13.619095840,0,1
13.619146080,0,0
13.619595840,1,0
13.619648320,1,1
13.620095840,0,1
13.620145920,0,0
13.620595680,1,0
13.620648640,1,1
13.621095680,0,1
13.621145600,0,0
13.621595680,1,0
13.621645600,1,1
13.622095680,0,1
13.622146080,0,0
13.622595680,1,0
13.622645760,1,1
13.623095680,0,1
13.623147840,0,0
13.623595520,1,0
13.623646240,1,1
13.624095520,0,1
13.624148320,0,0
13.624595520,1,0
13.624645440,1,1
13.625095520,0,1
13.625148000,0,0
13.625595520,1,0
13.625645600,1,1
13.626095520,0,1
13.626148000,0,0
13.626595360,1,0
13.626645120,1,1
13.627095360,0,1
13.627148160,0,0
13.627595360,1,0
13.627645440,1,1
13.628095360,0,1
13.628148640,0,0
13.628595360,1,0
13.628644960,1,1
13.629095200,0,1
13.629148160,0,0
13.629595200,1,0
13.629644640,1,1
13.630095200,0,1
13.630148000,0,0
13.630595200,1,0
13.630644800,1,1
13.631095200,0,1
13.631148320,0,0
13.631595040,1,0
13.631645440,1,1
13.632095040,0,1
13.632144800,0,0
13.632595040,1,0
13.632645120,1,1
13.633095040,0,1
13.633144960,0,0
13.633595040,1,0
13.633648000,1,1
13.634095040,0,1
13.634144960,0,0
13.634594880,1,0
13.634647680,1,1
13.635094880,0,1
13.635144640,0,0
13.635594880,1,0
13.635647200,1,1
13.636094880,0,1
13.636144640,0,0
13.636594880,1,0
13.636647200,1,1
13.637094880,0,1
13.637144480,0,0
13.637594720,1,0
13.637647200,1,1
13.638094720,0,1
13.638144800,0,0
13.638594720,1,0
13.638647520,1,1
13.639094720,0,1
13.639144640,0,0
13.639594720,1,0
13.639647520,1,1
13.640094560,0,1
13.640144800,0,0
13.640594560,1,0
13.640647040,1,1
13.641094560,0,1
13.641144640,0,0
13.641594560,1,0
13.641647680,1,1
13.642094560,0,1
13.642144800,0,0
13.642594400,1,0
13.642647680,1,1
13.643094400,0,1
13.643144480,0,0
13.643594400,1,0
13.643644000,1,1
13.644094400,0,1
13.644144640,0,0
13.644594400,1,0
13.644644320,1,1
13.645094400,0,1
13.645147200,0,0
13.645594240,1,0
13.645644160,1,1
13.646094240,0,1
13.646146560,0,0
13.646594240,1,0
13.646644160,1,1
13.647094240,0,1
13.647146560,0,0
13.647594240,1,0
13.647644000,1,1
13.648094240,0,1
13.648146560,0,0
13.648594080,1,0
13.648644000,1,1
13.649094080,0,1
13.649147200,0,0
13.649594080,1,0
13.649644160,1,1
13.650094080,0,1
13.650147040,0,0
13.650594080,1,0
13.650644160,1,1
13.651093920,0,1
13.651146720,0,0
13.651593920,1,0
13.651643680,1,1
13.652093920,0,1
13.652146400,0,0
13.652593920,1,0
13.652644000,1,1
13.653093920,0,1
13.653146720,0,0
13.653593760,1,0
13.653643840,1,1
13.654093760,0,1
13.654144000,0,0
13.654593760,1,0
13.654643840,1,1
13.655093760,0,1
13.655143840,0,0
13.655593760,1,0
13.655646400,1,1
13.656093760,0,1
13.656143520,0,0
13.656593600,1,0
13.656646080,1,1
13.657093600,0,1
13.657143840,0,0
13.657593600,1,0
13.657646080,1,1
13.658093600,0,1
13.658143680,0,0
13.658593600,1,0
13.658645760,1,1
13.659093600,0,1
13.659143200,0,0
13.659593440,1,0
13.659646400,1,1
13.660093440,0,1
13.660143520,0,0
13.660593440,1,0
13.660645920,1,1
13.661093440,0,1
13.661143200,0,0
13.661593440,1,0
13.661646720,1,1
13.662093280,0,1
13.662143520,0,0
13.662593280,1,0
13.662646080,1,1
13.663093280,0,1
13.663143040,0,0
13.663593280,1,0
13.663646400,1,1
13.664093280,0,1
13.664142880,0,0
13.664593120,1,0
13.664643040,1,1
13.665093120,0,1
13.665143200,0,0
13.665593120,1,0
13.665642880,1,1
13.666093120,0,1
13.666145440,0,0
13.666593120,1,0
13.666643040,1,1
13.667093120,0,1
13.667145440,0,0
13.667592960,1,0
13.667643200,1,1
13.668092960,0,1
13.668145600,0,0
13.668592960,1,0
13.668643200,1,1
13.669092960,0,1
13.669145280,0,0
13.669592960,1,0
13.669642720,1,1
13.670092960,0,1
13.670145440,0,0
13.670592800,1,0
13.670642400,1,1
13.671092800,0,1
13.671145920,0,0
13.671592800,1,0
13.671642560,1,1
13.672092800,0,1
13.672145920,0,0
13.672592800,1,0
13.672642880,1,1
13.673092640,0,1
13.673145760,0,0
13.673592640,1,0
13.673643200,1,1
13.674092640,0,1
13.674146080,0,0
13.674592640,1,0
13.674642720,1,1
13.675092640,0,1
13.675145600,0,0
13.675592480,1,0
13.675642240,1,1
13.676092480,0,1
13.676142560,0,0
13.676592480,1,0
13.676642880,1,1
13.677092480,0,1
13.677143040,0,0
13.677592480,1,0
13.677645120,1,1
13.678092480,0,1
13.678142720,0,0
13.678592320,1,0
13.678644640,1,1
13.679092320,0,1
13.679142080,0,0
13.679592320,1,0
13.679644800,1,1
13.680092320,0,1
13.680142240,0,0
13.680592320,1,0
13.680645120,1,1
13.681092320,0,1
13.681142080,0,0
13.681592160,1,0
13.681644640,1,1
13.682092160,0,1
13.682142400,0,0
13.682592160,1,0
13.682644960,1,1
13.683092160,0,1
13.683141600,0,0
13.683592160,1,0
13.683646560,1,1
13.684092000,0,1
13.684142240,0,0
13.684592000,1,0
13.684644800,1,1
13.685092000,0,1
13.685141760,0,0
13.685592000,1,0
13.685645280,1,1
13.686092000,0,1
13.686142080,0,0
13.686591840,1,0
13.686642080,1,1
13.687091840,0,1
13.687142240,0,0
13.687591840,1,0
13.687642080,1,1
13.688091840,0,1
13.688144160,0,0
13.688591840,1,0
13.688642080,1,1
13.689091840,0,1
13.689144320,0,0
13.689591680,1,0
13.689641920,1,1
13.690091680,0,1
13.690144160,0,0
13.690591680,1,0
13.690641920,1,1
13.691091680,0,1
13.691144000,0,0
13.691591680,1,0
13.691641920,1,1
13.692091680,0,1
13.692144480,0,0
13.692591520,1,0
13.692641600,1,1
13.693091520,0,1
13.693144640,0,0
13.693591520,1,0
13.693641760,1,1
13.694091520,0,1
13.694144480,0,0
13.694591520,1,0
13.694641440,1,1
13.695091360,0,1
13.695144000,0,0
13.695591360,1,0
13.695641280,1,1
13.696091360,0,1
13.696143840,0,0
13.696591360,1,0
13.696641280,1,1
13.697091360,0,1
13.697140800,0,0
13.697591200,1,0
13.697641280,1,1
13.698091200,0,1
13.698141280,0,0
13.698591200,1,0
13.698644000,1,1
13.699091200,0,1
13.699141600,0,0
13.699591200,1,0
13.699644000,1,1
13.700091200,0,1
13.700140960,0,0
13.700591040,1,0
13.700643520,1,1
13.701091040,0,1
13.701141120,0,0
13.701591040,1,0
13.701644000,1,1
13.702091040,0,1
13.702141280,0,0
13.702591040,1,0
13.702643680,1,1
13.703091040,0,1
13.703141120,0,0
13.703590880,1,0
13.703644000,1,1
13.704090880,0,1
13.704140960,0,0
13.704590880,1,0
13.704643520,1,1
13.705090880,0,1
13.705140640,0,0
13.705590880,1,0
13.705644160,1,1
13.706090720,0,1
13.706140800,0,0
13.706590720,1,0
13.706643520,1,1
13.707090720,0,1
13.707140800,0,0
13.707590720,1,0
13.707643680,1,1
13.708090720,0,1
13.708140960,0,0
13.708590560,1,0
13.708640960,1,1
13.709090560,0,1
13.709141280,0,0
13.709590560,1,0
13.709640480,1,1
13.710090560,0,1
13.710143520,0,0
13.710590560,1,0
13.710640320,1,1
13.711090560,0,1
13.711143200,0,0
13.711590400,1,0
13.711640800,1,1
13.712090400,0,1
13.712143200,0,0
13.712590400,1,0
13.712640960,1,1
13.713090400,0,1
13.713142720,0,0
13.713590400,1,0
13.713640480,1,1
13.714090400,0,1
13.714143200,0,0
13.714590240,1,0
13.714640160,1,1
13.715090240,0,1
13.715143040,0,0
13.715590240,1,0
13.715640000,1,1
13.716090240,0,1
13.716143200,0,0
13.716590240,1,0
13.716640320,1,1
13.717090080,0,1
13.717143040,0,0
13.717590080,1,0
13.717640320,1,1
13.718090080,0,1
13.718143040,0,0
13.718590080,1,0
13.718640320,1,1
13.719090080,0,1
13.719140320,0,0
13.719589920,1,0
13.719640480,1,1
13.720089920,0,1
13.720139680,0,0
13.720589920,1,0
13.720642240,1,1
13.721089920,0,1
13.721139840,0,0
13.721589920,1,0
13.721642400,1,1
13.722089920,0,1
13.722140000,0,0
13.722589760,1,0
13.722642720,1,1
13.723089760,0,1
13.723140000,0,0
13.723589760,1,0
13.723642400,1,1
13.724089760,0,1
13.724140160,0,0
13.724589760,1,0
13.724642560,1,1
13.725089760,0,1
13.725139360,0,0
13.725589600,1,0
13.725642880,1,1
13.726089600,0,1
13.726139680,0,0
13.726589600,1,0
13.726642400,1,1
13.727089600,0,1
13.727139040,0,0
13.727589600,1,0
13.727642240,1,1
13.728089440,0,1
13.728139520,0,0
13.728589440,1,0
13.728642400,1,1
13.729089440,0,1
13.729139520,0,0
13.729589440,1,0
13.729639680,1,1
13.730089440,0,1
13.730139840,0,0
13.730589280,1,0
13.730639360,1,1
13.731089280,0,1
13.731142400,0,0
13.731589280,1,0
13.731638880,1,1
13.732089280,0,1
13.732141760,0,0
13.732589280,1,0
13.732639680,1,1
13.733089280,0,1
13.733142080,0,0
13.733589120,1,0
13.733639200,1,1
13.734089120,0,1
13.734141760,0,0
13.734589120,1,0
13.734639200,1,1
13.735089120,0,1
13.735142400,0,0
13.735589120,1,0
13.735639360,1,1
13.736089120,0,1
13.736142400,0,0
13.736588960,1,0
13.736638880,1,1
13.737088960,0,1
13.737141760,0,0
13.737588960,1,0
13.737639040,1,1
13.738088960,0,1
13.738141760,0,0
13.738588960,1,0
13.738638880,1,1
13.739088800,0,1
13.739142080,0,0
13.739588800,1,0
13.739639360,1,1
13.740088800,0,1
13.740142080,0,0
13.740588800,1,0
13.740638880,1,1
13.741088800,0,1
13.741138240,0,0
13.741588640,1,0
13.741638720,1,1
13.742088640,0,1
13.742138720,0,0
13.742588640,1,0
13.742640800,1,1
13.743088640,0,1
13.743138720,0,0
13.743588640,1,0
13.743640800,1,1
13.744088640,0,1
13.744138880,0,0
13.744588480,1,0
13.744641600,1,1
13.745088480,0,1
13.745138560,0,0
13.745588480,1,0
13.745641120,1,1
13.746088480,0,1
13.746138400,0,0
13.746588480,1,0
13.746641120,1,1
13.747088480,0,1
13.747138560,0,0
13.747588320,1,0
13.747641280,1,1
13.748088320,0,1
13.748138720,0,0
13.748588320,1,0
13.748640960,1,1
13.749088320,0,1
13.749137760,0,0
13.749588320,1,0
13.749641120,1,1
13.750088160,0,1
13.750138400,0,0
13.750588160,1,0
13.750640640,1,1
13.751088160,0,1
13.751137920,0,0
13.751588160,1,0
13.751638080,1,1
13.752088160,0,1
13.752137920,0,0
13.752588000,1,0
13.752637920,1,1
13.753088000,0,1
13.753140640,0,0
13.753588000,1,0
13.753637920,1,1
13.754088000,0,1
13.754140640,0,0
13.754588000,1,0
13.754638240,1,1
13.755088000,0,1
13.755140320,0,0
13.755587840,1,0
13.755637760,1,1
13.756087840,0,1
13.756140480,0,0
13.756587840,1,0
13.756637920,1,1
13.757087840,0,1
13.757140960,0,0
13.757587840,1,0
13.757637600,1,1
13.758087840,0,1
13.758140640,0,0
13.758587680,1,0
13.758637760,1,1
13.759087680,0,1
13.759140800,0,0
13.759587680,1,0
13.759637760,1,1
13.760087680,0,1
13.760140480,0,0
13.760587680,1,0
13.760637920,1,1
13.761087520,0,1
13.761140480,0,0
13.761587520,1,0
13.761637920,1,1
13.762087520,0,1
13.762137440,0,0
13.762587520,1,0
13.762637440,1,1
13.763087520,0,1
13.763137440,0,0
13.763587360,1,0
13.763639840,1,1
13.764087360,0,1
13.764137600,0,0
13.764587360,1,0
13.764640000,1,1
13.765087360,0,1
13.765137280,0,0
13.765587360,1,0
13.765639840,1,1
13.766087360,0,1
13.766137440,0,0
13.766587200,1,0
13.766640160,1,1
13.767087200,0,1
13.767137280,0,0
13.767587200,1,0
13.767639840,1,1
13.768087200,0,1
13.768137600,0,0
13.768587200,1,0
13.768640000,1,1
13.769087200,0,1
13.769136960,0,0
13.769587040,1,0
13.769640000,1,1
13.770087040,0,1
13.770136960,0,0
13.770587040,1,0
13.770639680,1,1
13.771087040,0,1
13.771137440,0,0
13.771587040,1,0
13.771639680,1,1
13.772086880,0,1
13.772136800,0,0
13.772586880,1,0
13.772639200,1,1
13.773086880,0,1
13.773136960,0,0
13.773586880,1,0
13.773636960,1,1
13.774086880,0,1
13.774137120,0,0
13.774586720,1,0
13.774636480,1,1
13.775086720,0,1
13.775139200,0,0
13.775586720,1,0
13.775636640,1,1
13.776086720,0,1
13.776139520,0,0
13.776586720,1,0
13.776636960,1,1
13.777086720,0,1
13.777139040,0,0
13.777586560,1,0
13.777636160,1,1
13.778086560,0,1
13.778139200,0,0
13.778586560,1,0
13.778636480,1,1
13.779086560,0,1
13.779139520,0,0
13.779586560,1,0
13.779636800,1,1
13.780086560,0,1
13.780139680,0,0
13.780586400,1,0
13.780636480,1,1
13.781086400,0,1
13.781139360,0,0
13.781586400,1,0
13.781636320,1,1
13.782086400,0,1
13.782139360,0,0
13.782586400,1,0
13.782636480,1,1
13.783086240,0,1
13.783139200,0,0
13.783586240,1,0
13.783636800,1,1
13.784086240,0,1
13.784135520,0,0
13.784586240,1,0
13.784636160,1,1
13.785086240,0,1
13.785136160,0,0
13.785586080,1,0
13.785638400,1,1
13.786086080,0,1
13.786136000,0,0
13.786586080,1,0
13.786638560,1,1
13.787086080,0,1
13.787136160,0,0
13.787586080,1,0
13.787638240,1,1
13.788086080,0,1
13.788136160,0,0
13.788585920,1,0
13.788638240,1,1
13.789085920,0,1
13.789136000,0,0
13.789585920,1,0
13.789638720,1,1
13.790085920,0,1
13.790136000,0,0
13.790585920,1,0
13.790638560,1,1
13.791085920,0,1
13.791135680,0,0
13.791585760,1,0
13.791638880,1,1
13.792085760,0,1
13.792136000,0,0
13.792585760,1,0
13.792638560,1,1
13.793085760,0,1
13.793135840,0,0
13.793585760,1,0
13.793638400,1,1
13.794085600,0,1
13.794135360,0,0
13.794585600,1,0
13.794636000,1,1
13.795085600,0,1
13.795135680,0,0
13.795585600,1,0
13.795635520,1,1
13.796085600,0,1
13.796137920,0,0
13.796585440,1,0
13.796635360,1,1
13.797085440,0,1
13.797138080,0,0
13.797585440,1,0
13.797635680,1,1
13.798085440,0,1
13.798138080,0,0
13.798585440,1,0
13.798635040,1,1
13.799085440,0,1
13.799138400,0,0
13.799585280,1,0
13.799635360,1,1
13.800085280,0,1
13.800138240,0,0
13.800585280,1,0
13.800634720,1,1
13.801085280,0,1
13.801137600,0,0
13.801585280,1,0
13.801635680,1,1
13.802085280,0,1
13.802138240,0,0
13.802585120,1,0
13.802635520,1,1
13.803085120,0,1
13.803137760,0,0
13.803585120,1,0
13.803635040,1,1
13.804085120,0,1
13.804138240,0,0
13.804585120,1,0
13.804635200,1,1
13.805084960,0,1
13.805137920,0,0
13.805584960,1,0
13.805635200,1,1
13.806084960,0,1
13.806135200,0,0
13.806584960,1,0
13.806635680,1,1
13.807084960,0,1
13.807134560,0,0
13.807584800,1,0
13.807637120,1,1
13.808084800,0,1
13.808134560,0,0
13.808584800,1,0
13.808637280,1,1
13.809084800,0,1
13.809134560,0,0
13.809584800,1,0
13.809637120,1,1
13.810084800,0,1
13.810134720,0,0
13.810584640,1,0
13.810637440,1,1
13.811084640,0,1
13.811134400,0,0
13.811584640,1,0
13.811637600,1,1
13.812084640,0,1
13.812134560,0,0
13.812584640,1,0
13.812637280,1,1
13.813084640,0,1
13.813134560,0,0
13.813584480,1,0
13.813637440,1,1
13.814084480,0,1
13.814134720,0,0
13.814584480,1,0
13.814636960,1,1
13.815084480,0,1
13.815134400,0,0
13.815584480,1,0
13.815636800,1,1
13.816084320,0,1
13.816134400,0,0
13.816584320,1,0
13.816633920,1,1
13.817084320,0,1
13.817134560,0,0
13.817584320,1,0
13.817634080,1,1
13.818084320,0,1
13.818136960,0,0
13.818584160,1,0
13.818633760,1,1
13.819084160,0,1
13.819136960,0,0
13.819584160,1,0
13.819634720,1,1
13.820084160,0,1
13.820136800,0,0
13.820584160,1,0
13.820633920,1,1
13.821084160,0,1
13.821136960,0,0
13.821584000,1,0
13.821633920,1,1
13.822084000,0,1
13.822136960,0,0
13.822584000,1,0
13.822634080,1,1
13.823084000,0,1
13.823137280,0,0
13.823584000,1,0
13.823631200,1,1
13.824084000,0,1
13.824133760,0,0
13.824583840,1,0
13.824630400,1,1
13.825083840,0,1
13.825132960,0,0
13.825583840,1,0
13.825630240,1,1
13.826083840,0,1
13.826136640,0,0
13.826583840,1,0
13.826630240,1,1
13.827083680,0,1
13.827130400,0,0
13.827583680,1,0
13.827630400,1,1
13.828083680,0,1
13.828129920,0,0
13.828583680,1,0
13.828632640,1,1
13.829083680,0,1
13.829130240,0,0
13.829583520,1,0
13.829632480,1,1
13.830083520,0,1
13.830130240,0,0
13.830583520,1,0
13.830632160,1,1
13.831083520,0,1
13.831130240,0,0
13.831583520,1,0
13.831632480,1,1
13.832083520,0,1
13.832129920,0,0
13.832583360,1,0
13.832632320,1,1
13.833083360,0,1
13.833129760,0,0
13.833583360,1,0
13.833640960,1,1
13.834083360,0,1
13.834133760,0,0
13.834583360,1,0
13.834636480,1,1
13.835083360,0,1
13.835133600,0,0
13.835583200,1,0
13.835635680,1,1
13.836083200,0,1
13.836133440,0,0
13.836583200,1,0
13.836636000,1,1
13.837083200,0,1
13.837133280,0,0
13.837583200,1,0
13.837636160,1,1
13.838083040,0,1
13.838132960,0,0
13.838583040,1,0
13.838632640,1,1
13.839083040,0,1
13.839133600,0,0
13.839583040,1,0
13.839632640,1,1
13.840083040,0,1
13.840135680,0,0
13.840582880,1,0
13.840633280,1,1
13.841082880,0,1
13.841135680,0,0
13.841582880,1,0
13.841632960,1,1
13.842082880,0,1
13.842135680,0,0
13.842582880,1,0
13.842632960,1,1
13.843082880,0,1
13.843135520,0,0
13.843582720,1,0
13.843640320,1,1
13.844082720,0,1
13.844136640,0,0
13.844582720,1,0
13.844633280,1,1
13.845082720,0,1
13.845135200,0,0
13.845582720,1,0
13.845632800,1,1
13.846082720,0,1
13.846135680,0,0
13.846582560,1,0
13.846632480,1,1
13.847082560,0,1
13.847135840,0,0
13.847582560,1,0
13.847632160,1,1
13.848082560,0,1
13.848135040,0,0
13.848582400,1,0
13.848632480,1,1
13.849082400,0,1
13.849132000,0,0
13.849582400,1,0
13.849632480,1,1
13.850082400,0,1
13.850132480,0,0
13.850582400,1,0
13.850635040,1,1
13.851082400,0,1
13.851132160,0,0
13.851582240,1,0
13.851634720,1,1
13.852082240,0,1
13.852132320,0,0
13.852582240,1,0
13.852634720,1,1
13.853082240,0,1
13.853132160,0,0
13.853582240,1,0
13.853638080,1,1
13.854082240,0,1
13.854132640,0,0
13.854582080,1,0
13.854636160,1,1
13.855082080,0,1
13.855133120,0,0
13.855582080,1,0
13.855635840,1,1
13.856082080,0,1
13.856132640,0,0
13.856582080,1,0
13.856636320,1,1
13.857082080,0,1
13.857132800,0,0
13.857581920,1,0
13.857635360,1,1
13.858081920,0,1
13.858132960,0,0
13.858581920,1,0
13.858635680,1,1
13.859081920,0,1
13.859132800,0,0
13.859581760,1,0
13.859632800,1,1
13.860081760,0,1
13.860132480,0,0
13.860581760,1,0
13.860632800,1,1
13.861081760,0,1
13.861135200,0,0
13.861581760,1,0
13.861632960,1,1
13.862081760,0,1
13.862135040,0,0
13.862581600,1,0
13.862632640,1,1
13.863081600,0,1
13.863135040,0,0
13.863581600,1,0
13.863629280,1,1
13.864081600,0,1
13.864130240,0,0
13.864581600,1,0
13.864627520,1,1
13.865081600,0,1
13.865130400,0,0
13.865581440,1,0
13.865627680,1,1
13.866081440,0,1
13.866130560,0,0
13.866581440,1,0
13.866627680,1,1
13.867081440,0,1
13.867130720,0,0
13.867581440,1,0
13.867627840,1,1
13.868081440,0,1
13.868130400,0,0
13.868581280,1,0
13.868627680,1,1
13.869081280,0,1
13.869130400,0,0
13.869581280,1,0
13.869628000,1,1
13.870081280,0,1
13.870127680,0,0
13.870581120,1,0
13.870627840,1,1
13.871081120,0,1
13.871127200,0,0
13.871581120,1,0
13.871629600,1,1
13.872081120,0,1
13.872127520,0,0
13.872581120,1,0
13.872629600,1,1
13.873081120,0,1
13.873127680,0,0
13.873580960,1,0
13.873635200,1,1
13.874080960,0,1
13.874130720,0,0
13.874580960,1,0
13.874632960,1,1
13.875080960,0,1
13.875130880,0,0
13.875580960,1,0
13.875633440,1,1
13.876080960,0,1
13.876131200,0,0
13.876580800,1,0
13.876633600,1,1
13.877080800,0,1
13.877130400,0,0
13.877580800,1,0
13.877633440,1,1
13.878080800,0,1
13.878130720,0,0
13.878580800,1,0
13.878633440,1,1
13.879080800,0,1
13.879130880,0,0
13.879580640,1,0
13.879633600,1,1
13.880080640,0,1
13.880130400,0,0
13.880580640,1,0
13.880633440,1,1
13.881080640,0,1
13.881131040,0,0
13.881580480,1,0
13.881630400,1,1
13.882080480,0,1
13.882130720,0,0
13.882580480,1,0
13.882630400,1,1
13.883080480,0,1
13.883133120,0,0
13.883580480,1,0
13.883631840,1,1
13.884080480,0,1
13.884133440,0,0
13.884580320,1,0
13.884630400,1,1
13.885080320,0,1
13.885133280,0,0
13.885580320,1,0
13.885630400,1,1
13.886080320,0,1
13.886132800,0,0
13.886580320,1,0
13.886630240,1,1
13.887080320,0,1
13.887132800,0,0
13.887580160,1,0
13.887630400,1,1
13.888080160,0,1
13.888132960,0,0
13.888580160,1,0
13.888630240,1,1
13.889080160,0,1
13.889132800,0,0
13.889580160,1,0
13.889630240,1,1
13.890080160,0,1
13.890132640,0,0
13.890580000,1,0
13.890630080,1,1
13.891080000,0,1
13.891132800,0,0
13.891580000,1,0
13.891630080,1,1
13.892080000,0,1
13.892130080,0,0
13.892579840,1,0
13.892629920,1,1
13.893079840,0,1
13.893130080,0,0
13.893579840,1,0
13.893632160,1,1
13.894079840,0,1
13.894130080,0,0
13.894579840,1,0
13.894632480,1,1
13.895079840,0,1
13.895130240,0,0
13.895579680,1,0
13.895632320,1,1
13.896079680,0,1
13.896129600,0,0
13.896579680,1,0
13.896632800,1,1
13.897079680,0,1
13.897129600,0,0
13.897579680,1,0
13.897632480,1,1
13.898079680,0,1
13.898129280,0,0
13.898579520,1,0
13.898632480,1,1
13.899079520,0,1
13.899129440,0,0
13.899579520,1,0
13.899632320,1,1
13.900079520,0,1
13.900129280,0,0
13.900579520,1,0
13.900632160,1,1
13.901079520,0,1
13.901129280,0,0
13.901579360,1,0
13.901632480,1,1
13.902079360,0,1
13.902129280,0,0
13.902579360,1,0
13.902632000,1,1
13.903079360,0,1
13.903129600,0,0
13.903579360,1,0
13.903629440,1,1
13.904079200,0,1
13.904131520,0,0
13.904579200,1,0
13.904629760,1,1
13.905079200,0,1
13.905132160,0,0
13.905579200,1,0
13.905629280,1,1
13.906079200,0,1
13.906132000,0,0
13.906579040,1,0
13.906629120,1,1
13.907079040,0,1
13.907132000,0,0
13.907579040,1,0
13.907629600,1,1
13.908079040,0,1
13.908131520,0,0
13.908579040,1,0
13.908628800,1,1
13.909079040,0,1
13.909131360,0,0
13.909578880,1,0
13.909628640,1,1
13.910078880,0,1
13.910130880,0,0
13.910578880,1,0
13.910628800,1,1
13.911078880,0,1
13.911131360,0,0
13.911578880,1,0
13.911628320,1,1
13.912078880,0,1
13.912131680,0,0
13.912578720,1,0
13.912628960,1,1
13.913078720,0,1
13.913131360,0,0
13.913578720,1,0
13.913629120,1,1
13.914078720,0,1
13.914128480,0,0
13.914578720,1,0
13.914628800,1,1
13.915078560,0,1
13.915128320,0,0
13.915578560,1,0
13.915630560,1,1
13.916078560,0,1
13.916128640,0,0
13.916578560,1,0
13.916631200,1,1
13.917078560,0,1
13.917128160,0,0
13.917578400,1,0
13.917631200,1,1
13.918078400,0,1
13.918128160,0,0
13.918578400,1,0
13.918631200,1,1
13.919078400,0,1
13.919128480,0,0
13.919578400,1,0
13.919630720,1,1
13.920078400,0,1
13.920128000,0,0
13.920578240,1,0
13.920630720,1,1
13.921078240,0,1
13.921128320,0,0
13.921578240,1,0
13.921630560,1,1
13.922078240,0,1
13.922128160,0,0
13.922578240,1,0
13.922631040,1,1
13.923078240,0,1
13.923128320,0,0
13.923578080,1,0
13.923630720,1,1
13.924078080,0,1
13.924128160,0,0
13.924578080,1,0
13.924628640,1,1
13.925078080,0,1
13.925128160,0,0
13.925578080,1,0
13.925627680,1,1
13.926077920,0,1
13.926130720,0,0
13.926577920,1,0
13.926627840,1,1
13.927077920,0,1
13.927130720,0,0
13.927577920,1,0
13.927627840,1,1
13.928077920,0,1
13.928130560,0,0
13.928577760,1,0
13.928627680,1,1
13.929077760,0,1
13.929130560,0,0
13.929577760,1,0
13.929627680,1,1
13.930077760,0,1
13.930130720,0,0
13.930577760,1,0
13.930627520,1,1
13.931077760,0,1
13.931130240,0,0
13.931577600,1,0
13.931627680,1,1
13.932077600,0,1
13.932130720,0,0
13.932577600,1,0
13.932627520,1,1
13.933077600,0,1
13.933130400,0,0
13.933577600,1,0
13.933627840,1,1
13.934077600,0,1
13.934130240,0,0
13.934577440,1,0
13.934627360,1,1
13.935077440,0,1
13.935126880,0,0
13.935577440,1,0
13.935627520,1,1
13.936077440,0,1
13.936127360,0,0
13.936577440,1,0
13.936630080,1,1
13.937077280,0,1
13.937126880,0,0
13.937577280,1,0
13.937630240,1,1
13.938077280,0,1
13.938127200,0,0
13.938577280,1,0
13.938629280,1,1
13.939077280,0,1
13.939127520,0,0
13.939577120,1,0
13.939629760,1,1
13.940077120,0,1
13.940127840,0,0
13.940577120,1,0
13.940629920,1,1
13.941077120,0,1
13.941127200,0,0
13.941577120,1,0
13.941629760,1,1
13.942077120,0,1
13.942126880,0,0
13.942576960,1,0
13.942629760,1,1
13.943076960,0,1
13.943127360,0,0
13.943576960,1,0
13.943629920,1,1
13.944076960,0,1
13.944127360,0,0
13.944576960,1,0
13.944629600,1,1
13.945076960,0,1
13.945127360,0,0
13.945576800,1,0
13.945629760,1,1
13.946076800,0,1
13.946126880,0,0
13.946576800,1,0
13.946626400,1,1
13.947076800,0,1
13.947126400,0,0
13.947576800,1,0
13.947626400,1,1
13.948076640,0,1
13.948129440,0,0
13.948576640,1,0
13.948626560,1,1
13.949076640,0,1
13.949129440,0,0
13.949576640,1,0
13.949626880,1,1
13.950076640,0,1
13.950129120,0,0
13.950576480,1,0
13.950626560,1,1
13.951076480,0,1
13.951128800,0,0
13.951576480,1,0
13.951626400,1,1
13.952076480,0,1
13.952129600,0,0
13.952576480,1,0
13.952626560,1,1
13.953076480,0,1
13.953129120,0,0
13.953576320,1,0
13.953625920,1,1
13.954076320,0,1
13.954129440,0,0
13.954576320,1,0
13.954626400,1,1
13.955076320,0,1
13.955129280,0,0
13.955576320,1,0
13.955626400,1,1
13.956076320,0,1
13.956129280,0,0
13.956576160,1,0
13.956625920,1,1
13.957076160,0,1
13.957125760,0,0
13.957576160,1,0
13.957626080,1,1
13.958076160,0,1
13.958126080,0,0
13.958576160,1,0
13.958628960,1,1
13.959076000,0,1
13.959125920,0,0
13.959576000,1,0
13.959628480,1,1
13.960076000,0,1
13.960125920,0,0
13.960576000,1,0
13.960628640,1,1
13.961076000,0,1
13.961125760,0,0
13.961575840,1,0
13.961628320,1,1
13.962075840,0,1
13.962125920,0,0
13.962575840,1,0
13.962628640,1,1
13.963075840,0,1
13.963125920,0,0
13.963575840,1,0
13.963628640,1,1
13.964075840,0,1
13.964125760,0,0
13.964575680,1,0
13.964628480,1,1
13.965075680,0,1
13.965125920,0,0
13.965575680,1,0
13.965628320,1,1
13.966075680,0,1
13.966125440,0,0
13.966575680,1,0
13.966628320,1,1
13.967075680,0,1
13.967125600,0,0
13.967575520,1,0
13.967625440,1,1
13.968075520,0,1
13.968125600,0,0
13.968575520,1,0
13.968625440,1,1
13.969075520,0,1
13.969128320,0,0
13.969575520,1,0
13.969625440,1,1
13.970075360,0,1
13.970127680,0,0
13.970575360,1,0
13.970625280,1,1
13.971075360,0,1
13.971128320,0,0
13.971575360,1,0
13.971625600,1,1
13.972075360,0,1
13.972128480,0,0
13.972575200,1,0
13.972625120,1,1
13.973075200,0,1
13.973127840,0,0
13.973575200,1,0
13.973625440,1,1
13.974075200,0,1
13.974128480,0,0
13.974575200,1,0
13.974625600,1,1
13.975075200,0,1
13.975128000,0,0
13.975575040,1,0
13.975625280,1,1
13.976075040,0,1
13.976127520,0,0
13.976575040,1,0
13.976625120,1,1
13.977075040,0,1
13.977127840,0,0
13.977575040,1,0
13.977624800,1,1
13.978075040,0,1
13.978127360,0,0
13.978574880,1,0
13.978625120,1,1
13.979074880,0,1
13.979124640,0,0
13.979574880,1,0
13.979624960,1,1
13.980074880,0,1
13.980124480,0,0
13.980574880,1,0
13.980627040,1,1
13.981074720,0,1
13.981124640,0,0
13.981574720,1,0
13.981626880,1,1
13.982074720,0,1
13.982124320,0,0
13.982574720,1,0
13.982627040,1,1
13.983074720,0,1
13.983124480,0,0
13.983574560,1,0
13.983627200,1,1
13.984074560,0,1
13.984124320,0,0
13.984574560,1,0
13.984627520,1,1
13.985074560,0,1
13.985124640,0,0
13.985574560,1,0
13.985869760,1,1
13.986074560,0,1
13.986130560,0,0
13.986574400,1,0
13.986627840,1,1
13.987074400,0,1
13.987124640,0,0
13.987574400,1,0
13.987627680,1,1
13.988074400,0,1
13.988124160,0,0
13.988574400,1,0
13.988627520,1,1
13.989074400,0,1
13.989124480,0,0
13.989574240,1,0
13.989624160,1,1
13.990074240,0,1
13.990124160,0,0
13.990574240,1,0
13.990624800,1,1
13.991074240,0,1
13.991139360,0,0
13.991574240,1,0
13.991625280,1,1
13.992074080,0,1
13.992127200,0,0
13.992574080,1,0
13.992624640,1,1
13.993074080,0,1
13.993126400,0,0
13.993574080,1,0
13.993623520,1,1
13.994074080,0,1
13.994126080,0,0
13.994573920,1,0
13.994623360,1,1
13.995073920,0,1
13.995131040,0,0
13.995573920,1,0
13.995725280,1,1
13.996073920,0,1
13.996127840,0,0
13.996573920,1,0
13.996629280,1,1
13.997073920,0,1
13.997127040,0,0
13.997573760,1,0
13.997623360,1,1
13.998073760,0,1
13.998125920,0,0
13.998573760,1,0
13.998623040,1,1
13.999073760,0,1
13.999125920,0,0
13.999573760,1,0
13.999623200,1,1
14.000073760,0,1
14.000122720,0,0
14.000573600,1,0
14.000622880,1,1
14.001073600,0,1
14.001122720,0,0
14.001573600,1,0
14.001625120,1,1
14.002073600,0,1
14.002122720,0,0
14.002573600,1,0
14.002625440,1,1
14.003073440,0,1
14.003122560,0,0
14.003573440,1,0
14.003630880,1,1
14.004073440,0,1
14.004125760,0,0
14.004573440,1,0
14.004627360,1,1
14.005073440,0,1
14.005125600,0,0
14.005573280,1,0
14.005630400,1,1
14.006073280,0,1
14.006125600,0,0
14.006573280,1,0
14.006628000,1,1
14.007073280,0,1
14.007125280,0,0
14.007573280,1,0
14.007627840,1,1
14.008073280,0,1
14.008125280,0,0
14.008573120,1,0
14.008627680,1,1
14.009073120,0,1
14.009125440,0,0
14.009573120,1,0
14.009628160,1,1
14.010073120,0,1
14.010124960,0,0
14.010573120,1,0
14.010628160,1,1
14.011073120,0,1
14.011124960,0,0
14.011572960,1,0
14.011624960,1,1
14.012072960,0,1
14.012125280,0,0
14.012572960,1,0
14.012632320,1,1
14.013072960,0,1
14.013127840,0,0
14.013572960,1,0
14.013625760,1,1
14.014072800,0,1
14.014127360,0,0
14.014572800,1,0
14.014624480,1,1
14.015072800,0,1
14.015127200,0,0
14.015572800,1,0
14.015624800,1,1
14.016072800,0,1
14.016127840,0,0
14.016572640,1,0
14.016624960,1,1
14.017072640,0,1
14.017127360,0,0
14.017572640,1,0
14.017624640,1,1
14.018072640,0,1
14.018127520,0,0
14.018572640,1,0
14.018624320,1,1
14.019072640,0,1
14.019127520,0,0
14.019572480,1,0
14.019624640,1,1
14.020072480,0,1
14.020127840,0,0
14.020572480,1,0
14.020624320,1,1
14.021072480,0,1
14.021127680,0,0
14.021572480,1,0
14.021624000,1,1
14.022072480,0,1
14.022124480,0,0
14.022572320,1,0
14.022624640,1,1
14.023072320,0,1
14.023123840,0,0
14.023572320,1,0
14.023627200,1,1
14.024072320,0,1
14.024124320,0,0
14.024572320,1,0
14.024627200,1,1
14.025072160,0,1
14.025123840,0,0
14.025572160,1,0
14.025626720,1,1
14.026072160,0,1
14.026124320,0,0
14.026572160,1,0
14.026627040,1,1
14.027072160,0,1
14.027124160,0,0
14.027572000,1,0
14.027626880,1,1
14.028072000,0,1
14.028124160,0,0
14.028572000,1,0
14.028626880,1,1
14.029072000,0,1
14.029123840,0,0
14.029572000,1,0
14.029626400,1,1
14.030072000,0,1
14.030124000,0,0
14.030571840,1,0
14.030626400,1,1
14.031071840,0,1
14.031124000,0,0
14.031571840,1,0
14.031626880,1,1
14.032071840,0,1
14.032124320,0,0
14.032571840,1,0
14.032623200,1,1
14.033071840,0,1
14.033124160,0,0
14.033571680,1,0
14.033623520,1,1
14.034071680,0,1
14.034126400,0,0
14.034571680,1,0
14.034623680,1,1
14.035071680,0,1
14.035126240,0,0
14.035571680,1,0
14.035623200,1,1
14.036071520,0,1
14.036125920,0,0
14.036571520,1,0
14.036623680,1,1
14.037071520,0,1
14.037125920,0,0
14.037571520,1,0
14.037623680,1,1
14.038071520,0,1
14.038126880,0,0
14.038571360,1,0
14.038623520,1,1
14.039071360,0,1
14.039126400,0,0
14.039571360,1,0
14.039623360,1,1
14.040071360,0,1
14.040125920,0,0
14.040571360,1,0
14.040623360,1,1
14.041071360,0,1
14.041125920,0,0
14.041571200,1,0
14.041623360,1,1
14.042071200,0,1
14.042126560,0,0
14.042571200,1,0
14.042623040,1,1
14.043071200,0,1
14.043126240,0,0
14.043571200,1,0
14.043623360,1,1
14.044071200,0,1
14.044123200,0,0
14.044571040,1,0
14.044623200,1,1
14.045071040,0,1
14.045123200,0,0
14.045571040,1,0
14.045625280,1,1
14.046071040,0,1
14.046123040,0,0
14.046571040,1,0
14.046625440,1,1
14.047070880,0,1
14.047122880,0,0
14.047570880,1,0
14.047625280,1,1
14.048070880,0,1
14.048123040,0,0
14.048570880,1,0
14.048625600,1,1
14.049070880,0,1
14.049123040,0,0
14.049570720,1,0
14.049625760,1,1
14.050070720,0,1
14.050123200,0,0
14.050570720,1,0
14.050625920,1,1
14.051070720,0,1
14.051122560,0,0
14.051570720,1,0
14.051624960,1,1
14.052070720,0,1
14.052122720,0,0
14.052570560,1,0
14.052625600,1,1
14.053070560,0,1
14.053122720,0,0
14.053570560,1,0
14.053626080,1,1
14.054070560,0,1
14.054122400,0,0
14.054570560,1,0
14.054621920,1,1
14.055070560,0,1
14.055122880,0,0
14.055570400,1,0
14.055622240,1,1
14.056070400,0,1
14.056124960,0,0
14.056570400,1,0
14.056622560,1,1
14.057070400,0,1
14.057125120,0,0
14.057570400,1,0
14.057622240,1,1
14.058070240,0,1
14.058124480,0,0
14.058570240,1,0
14.058622080,1,1
14.059070240,0,1
14.059125280,0,0
14.059570240,1,0
14.059622560,1,1
14.060070240,0,1
14.060124960,0,0
14.060570080,1,0
14.060622240,1,1
14.061070080,0,1
14.061124960,0,0
14.061570080,1,0
14.061621920,1,1
14.062070080,0,1
14.062125120,0,0
14.062570080,1,0
14.062621920,1,1
14.063070080,0,1
14.063125280,0,0
14.063569920,1,0
14.063622560,1,1
14.064069920,0,1
14.064124960,0,0
14.064569920,1,0
14.064621440,1,1
14.065069920,0,1
14.065121760,0,0
14.065569920,1,0
14.065621600,1,1
14.066069920,0,1
14.066121760,0,0
14.066569760,1,0
14.066624960,1,1
14.067069760,0,1
14.067121920,0,0
14.067569760,1,0
14.067624160,1,1
14.068069760,0,1
14.068121280,0,0
14.068569760,1,0
14.068623840,1,1
14.069069760,0,1
14.069121440,0,0
14.069569600,1,0
14.069624160,1,1
14.070069600,0,1
14.070121600,0,0
14.070569600,1,0
14.070624160,1,1
14.071069600,0,1
14.071121440,0,0
14.071569440,1,0
14.071624320,1,1
14.072069440,0,1
14.072121280,0,0
14.072569440,1,0
14.072623840,1,1
14.073069440,0,1
14.073121280,0,0
14.073569440,1,0
14.073620800,1,1
14.074069440,0,1
14.074116960,0,0
14.074569280,1,0
14.074619680,1,1
14.075069280,0,1
14.075116640,0,0
14.075569280,1,0
14.075619520,1,1
14.076069280,0,1
14.076117120,0,0
14.076569280,1,0
14.076616800,1,1
14.077069280,0,1
14.077116800,0,0
14.077569120,1,0
14.077616800,1,1
14.078069120,0,1
14.078119040,0,0
14.078569120,1,0
14.078616640,1,1
14.079069120,0,1
14.079119040,0,0
14.079569120,1,0
14.079619680,1,1
14.080068960,0,1
14.080121120,0,0
14.080568960,1,0
14.080668960,1,1
14.081068960,0,1
14.081121120,0,0
14.081568960,1,0
14.081617920,1,1
14.082068960,0,1
14.082119520,0,0
14.082568800,1,0
14.082616480,1,1
14.083068800,0,1
14.083118880,0,0
14.083568800,1,0
14.083631360,1,1
14.084068800,0,1
14.084125120,0,0
14.084568800,1,0
14.084620960,1,1
14.085068800,0,1
14.085123680,0,0
14.085568640,1,0
14.085620320,1,1
14.086068640,0,1
14.086123520,0,0
14.086568640,1,0
14.086620960,1,1
14.087068640,0,1
14.087120480,0,0
14.087568640,1,0
14.087620480,1,1
14.088068640,0,1
14.088120160,0,0
14.088568480,1,0
14.088623520,1,1
14.089068480,0,1
14.089120640,0,0
14.089568480,1,0
14.089623360,1,1
14.090068480,0,1
14.090120800,0,0
14.090568480,1,0
14.090623680,1,1
14.091068320,0,1
14.091120160,0,0
14.091568320,1,0
14.091623040,1,1
14.092068320,0,1
14.092120320,0,0
14.092568320,1,0
14.092623520,1,1
14.093068320,0,1
14.093120320,0,0
14.093568160,1,0
14.093623520,1,1
14.094068160,0,1
14.094120160,0,0
14.094568160,1,0
14.094623520,1,1
14.095068160,0,1
14.095119840,0,0
14.095568160,1,0
14.095623200,1,1
14.096068160,0,1
14.096120160,0,0
14.096568000,1,0
14.096622400,1,1
14.097068000,0,1
14.097119840,0,0
14.097568000,1,0
14.097619840,1,1
14.098068000,0,1
14.098120000,0,0
14.098568000,1,0
14.098619840,1,1
14.099068000,0,1
14.099122560,0,0
14.099567840,1,0
14.099619840,1,1
14.100067840,0,1
14.100122080,0,0
14.100567840,1,0
14.100620000,1,1
14.101067840,0,1
14.101122240,0,0
14.101567840,1,0
14.101619840,1,1
14.102067680,0,1
14.102122720,0,0
14.102567680,1,0
14.102619840,1,1
14.103067680,0,1
14.103121920,0,0
14.103567680,1,0
14.103620160,1,1
14.104067680,0,1
14.104122880,0,0
14.104567520,1,0
14.104619520,1,1
14.105067520,0,1
14.105122720,0,0
14.105567520,1,0
14.105619520,1,1
14.106067520,0,1
14.106122560,0,0
14.106567520,1,0
14.106619840,1,1
14.107067520,0,1
14.107122240,0,0
14.107567360,1,0
14.107619040,1,1
14.108067360,0,1
14.108121920,0,0
14.108567360,1,0
14.108619200,1,1
14.109067360,0,1
14.109118880,0,0
14.109567360,1,0
14.109619680,1,1
14.110067360,0,1
14.110119040,0,0
14.110567200,1,0
14.110621760,1,1
14.111067200,0,1
14.111119200,0,0
14.111567200,1,0
14.111621280,1,1
14.112067200,0,1
14.112119200,0,0
14.112567200,1,0
14.112621600,1,1
14.113067200,0,1
14.113118880,0,0
14.113567040,1,0
14.113621440,1,1
14.114067040,0,1
14.114118720,0,0
14.114567040,1,0
14.114621600,1,1
14.115067040,0,1
14.115118880,0,0
14.115566880,1,0
14.115621600,1,1
14.116066880,0,1
14.116119040,0,0
14.116566880,1,0
14.116621760,1,1
14.117066880,0,1
14.117118720,0,0
14.117566880,1,0
14.117621600,1,1
14.118066880,0,1
14.118118720,0,0
14.118566720,1,0
14.118621760,1,1
14.119066720,0,1
14.119118560,0,0
14.119566720,1,0
14.119618560,1,1
14.120066720,0,1
14.120118560,0,0
14.120566720,1,0
14.120618400,1,1
14.121066720,0,1
14.121120800,0,0
14.121566560,1,0
14.121618560,1,1
14.122066560,0,1
14.122121280,0,0
14.122566560,1,0
14.122619040,1,1
14.123066560,0,1
14.123121120,0,0
14.123566560,1,0
14.123618560,1,1
14.124066560,0,1
14.124121600,0,0
14.124566400,1,0
14.124618560,1,1
14.125066400,0,1
14.125120960,0,0
14.125566400,1,0
14.125618240,1,1
14.126066400,0,1
14.126121120,0,0
14.126566240,1,0
14.126618400,1,1
14.127066240,0,1
14.127121120,0,0
14.127566240,1,0
14.127618240,1,1
14.128066240,0,1
14.128121120,0,0
14.128566240,1,0
14.128618400,1,1
14.129066240,0,1
14.129121280,0,0
14.129566080,1,0
14.129618080,1,1
14.130066080,0,1
14.130117600,0,0
14.130566080,1,0
14.130617600,1,1
14.131066080,0,1
14.131117600,0,0
14.131566080,1,0
14.131620640,1,1
14.132066080,0,1
14.132118240,0,0
14.132565920,1,0
14.132620800,1,1
14.133065920,0,1
14.133118240,0,0
14.133565920,1,0
14.133620640,1,1
14.134065920,0,1
14.134117920,0,0
14.134565920,1,0
14.134620320,1,1
14.135065920,0,1
14.135118080,0,0
14.135565760,1,0
14.135620160,1,1
14.136065760,0,1
14.136117760,0,0
14.136565760,1,0
14.136620640,1,1
14.137065760,0,1
14.137117920,0,0
14.137565600,1,0
14.137630400,1,1
14.138065600,0,1
14.138118400,0,0
14.138565600,1,0
14.138620800,1,1
14.139065600,0,1
14.139117280,0,0
14.139565600,1,0
14.139620320,1,1
14.140065600,0,1
14.140117440,0,0
14.140565440,1,0
14.140620320,1,1
14.141065440,0,1
14.141117280,0,0
14.141565440,1,0
14.141617600,1,1
14.142065440,0,1
14.142117600,0,0
14.142565440,1,0
14.142616800,1,1
14.143065440,0,1
14.143120480,0,0
14.143565280,1,0
14.143617600,1,1
14.144065280,0,1
14.144119520,0,0
14.144565280,1,0
14.144616800,1,1
14.145065280,0,1
14.145120160,0,0
14.145565280,1,0
14.145616480,1,1
14.146065120,0,1
14.146119360,0,0
14.146565120,1,0
14.146616960,1,1
14.147065120,0,1
14.147120000,0,0
14.147565120,1,0
14.147616960,1,1
14.148065120,0,1
14.148120160,0,0
14.148564960,1,0
14.148616960,1,1
14.149064960,0,1
14.149119360,0,0
14.149564960,1,0
14.149616800,1,1
14.150064960,0,1
14.150119520,0,0
14.150564960,1,0
14.150616640,1,1
14.151064960,0,1
14.151120000,0,0
14.151564800,1,0
14.151616640,1,1
14.152064800,0,1
14.152116480,0,0
14.152564800,1,0
14.152616800,1,1
14.153064800,0,1
14.153116160,0,0
14.153564800,1,0
14.153619520,1,1
14.154064800,0,1
14.154116800,0,0
14.154564640,1,0
14.154618880,1,1
14.155064640,0,1
14.155116320,0,0
14.155564640,1,0
14.155619360,1,1
14.156064640,0,1
14.156116480,0,0
14.156564640,1,0
14.156618880,1,1
14.157064480,0,1
14.157116320,0,0
14.157564480,1,0
14.157619680,1,1
14.158064480,0,1
14.158116480,0,0
14.158564480,1,0
14.158619200,1,1
14.159064480,0,1
14.159116320,0,0
14.159564320,1,0
14.159619040,1,1
14.160064320,0,1
14.160116160,0,0
14.160564320,1,0
14.160619200,1,1
14.161064320,0,1
14.161116480,0,0
14.161564320,1,0
14.161619040,1,1
14.162064320,0,1
14.162116000,0,0
14.162564160,1,0
14.162615840,1,1
14.163064160,0,1
14.163117280,0,0
14.163564160,1,0
14.163617760,1,1
14.164064160,0,1
14.164138560,0,0
14.164564160,1,0
14.164619680,1,1
14.165064160,0,1
14.165117920,0,0
14.165564000,1,0
14.165614080,1,1
14.166064000,0,1
14.166117120,0,0
14.166564000,1,0
14.166614080,1,1
14.167064000,0,1
14.167117120,0,0
14.167564000,1,0
14.167614080,1,1
14.168063840,0,1
14.168116960,0,0
14.168563840,1,0
14.168613760,1,1
14.169063840,0,1
14.169117440,0,0
14.169563840,1,0
14.169613920,1,1
14.170063840,0,1
14.170143680,0,0
14.170563680,1,0
14.170614880,1,1
14.171063680,0,1
14.171116800,0,0
14.171563680,1,0
14.171626720,1,1
14.172063680,0,1
14.172120000,0,0
14.172563680,1,0
14.172616160,1,1
14.173063680,0,1
14.173118080,0,0
14.173563520,1,0
14.173618240,1,1
14.174063520,0,1
14.174115360,0,0
14.174563520,1,0
14.174616160,1,1
14.175063520,0,1
14.175115680,0,0
14.175563520,1,0
14.175618240,1,1
14.176063520,0,1
14.176115200,0,0
14.176563360,1,0
14.176617760,1,1
14.177063360,0,1
14.177115040,0,0
14.177563360,1,0
14.177617760,1,1
14.178063360,0,1
14.178115360,0,0
14.178563360,1,0
14.178617280,1,1
14.179063200,0,1
14.179114880,0,0
14.179563200,1,0
14.179618080,1,1
14.180063200,0,1
14.180115200,0,0
14.180563200,1,0
14.180618080,1,1
14.181063200,0,1
14.181114880,0,0
14.181563040,1,0
14.181617920,1,1
14.182063040,0,1
14.182115040,0,0
14.182563040,1,0
14.182617440,1,1
14.183063040,0,1
14.183115360,0,0
14.183563040,1,0
14.183617760,1,1
14.184063040,0,1
14.184114880,0,0
14.184562880,1,0
14.184614720,1,1
14.185062880,0,1
14.185115040,0,0
14.185562880,1,0
14.185614560,1,1
14.186062880,0,1
14.186117280,0,0
14.186562880,1,0
14.186614400,1,1
14.187062880,0,1
14.187118080,0,0
14.187562720,1,0
14.187614400,1,1
14.188062720,0,1
14.188117280,0,0
14.188562720,1,0
14.188614560,1,1
14.189062720,0,1
14.189116800,0,0
14.189562720,1,0
14.189614560,1,1
14.190062560,0,1
14.190116960,0,0
14.190562560,1,0
14.190614720,1,1
14.191062560,0,1
14.191117760,0,0
14.191562560,1,0
14.191614560,1,1
14.192062560,0,1
14.192117120,0,0
14.192562400,1,0
14.192614720,1,1
14.193062400,0,1
14.193117280,0,0
14.193562400,1,0
14.193614240,1,1
14.194062400,0,1
14.194117280,0,0
14.194562400,1,0
14.194614400,1,1
14.195062400,0,1
14.195114080,0,0
14.195562240,1,0
14.195614400,1,1
14.196062240,0,1
14.196113760,0,0
14.196562240,1,0
14.196616640,1,1
14.197062240,0,1
14.197113920,0,0
14.197562240,1,0
14.197616800,1,1
14.198062240,0,1
14.198114240,0,0
14.198562080,1,0
14.198616640,1,1
14.199062080,0,1
14.199113920,0,0
14.199562080,1,0
14.199616800,1,1
14.200062080,0,1
14.200114080,0,0
14.200562080,1,0
14.200616960,1,1
14.201061920,0,1
14.201113920,0,0
14.201561920,1,0
14.201616480,1,1
14.202061920,0,1
14.202114080,0,0
14.202561920,1,0
14.202616640,1,1
14.203061920,0,1
14.203113920,0,0
14.203561760,1,0
14.203617920,1,1
14.204061760,0,1
14.204114080,0,0
14.204561760,1,0
14.204616640,1,1
14.205061760,0,1
14.205113440,0,0
14.205561760,1,0
14.205616000,1,1
14.206061760,0,1
14.206113440,0,0
14.206561600,1,0
14.206613280,1,1
14.207061600,0,1
14.207113760,0,0
14.207561600,1,0
14.207613920,1,1
14.208061600,0,1
14.208116000,0,0
14.208561600,1,0
14.208613280,1,1
14.209061600,0,1
14.209116320,0,0
14.209561440,1,0
14.209613120,1,1
14.210061440,0,1
14.210115840,0,0
14.210561440,1,0
14.210613280,1,1
14.211061440,0,1
14.211115840,0,0
14.211561440,1,0
14.211612960,1,1
14.212061280,0,1
14.212116000,0,0
14.212561280,1,0
14.212613120,1,1
14.213061280,0,1
14.213116640,0,0
14.213561280,1,0
14.213613440,1,1
14.214061280,0,1
14.214116160,0,0
14.214561120,1,0
14.214612640,1,1
14.215061120,0,1
14.215115680,0,0
14.215561120,1,0
14.215613440,1,1
14.216061120,0,1
14.216116000,0,0
14.216561120,1,0
14.216612640,1,1
14.217061120,0,1
14.217112480,0,0
14.217560960,1,0
14.217613120,1,1
14.218060960,0,1
14.218112480,0,0
14.218560960,1,0
14.218615680,1,1
14.219060960,0,1
14.219112640,0,0
14.219560960,1,0
14.219615200,1,1
14.220060960,0,1
14.220113280,0,0
14.220560800,1,0
14.220615680,1,1
14.221060800,0,1
14.221112480,0,0
14.221560800,1,0
14.221615040,1,1
14.222060800,0,1
14.222112640,0,0
14.222560800,1,0
14.222615680,1,1
14.223060640,0,1
14.223112320,0,0
14.223560640,1,0
14.223615680,1,1
14.224060640,0,1
14.224112800,0,0
14.224560640,1,0
14.224615360,1,1
14.225060640,0,1
14.225112320,0,0
14.225560480,1,0
14.225615520,1,1
14.226060480,0,1
14.226112480,0,0
14.226560480,1,0
14.226615040,1,1
14.227060480,0,1
14.227112160,0,0
14.227560480,1,0
14.227612320,1,1
14.228060480,0,1
14.228112480,0,0
14.228560320,1,0
14.228612320,1,1
14.229060320,0,1
14.229115200,0,0
14.229560320,1,0
14.229612160,1,1
14.230060320,0,1
14.230114560,0,0
14.230560320,1,0
14.230612000,1,1
14.231060320,0,1
14.231114720,0,0
14.231560160,1,0
14.231611520,1,1
14.232060160,0,1
14.232114560,0,0
14.232560160,1,0
14.232612000,1,1
14.233060160,0,1
14.233115360,0,0
14.233560160,1,0
14.233612160,1,1
14.234060000,0,1
14.234115840,0,0
14.234560000,1,0
14.234612000,1,1
14.235060000,0,1
14.235114720,0,0
14.235560000,1,0
14.235611680,1,1
14.236060000,0,1
14.236115040,0,0
14.236559840,1,0
14.236612160,1,1
14.237059840,0,1
14.237115040,0,0
14.237559840,1,0
14.237612000,1,1
14.238059840,0,1
14.238114240,0,0
14.238559840,1,0
14.238611680,1,1
14.239059840,0,1
14.239111680,0,0
14.239559680,1,0
14.239611680,1,1
14.240059680,0,1
14.240111520,0,0
14.240559680,1,0
14.240614400,1,1
14.241059680,0,1
14.241111520,0,0
14.241559680,1,0
14.241614080,1,1
14.242059680,0,1
14.242111360,0,0
14.242559520,1,0
14.242614080,1,1
14.243059520,0,1
14.243111520,0,0
14.243559520,1,0
14.243613920,1,1
14.244059520,0,1
14.244111360,0,0
14.244559520,1,0
14.244613920,1,1
14.245059360,0,1
14.245111040,0,0
14.245559360,1,0
14.245614240,1,1
14.246059360,0,1
14.246110880,0,0
14.246559360,1,0
14.246614080,1,1
14.247059360,0,1
14.247111520,0,0
14.247559200,1,0
14.247613760,1,1
14.248059200,0,1
14.248110720,0,0
14.248559200,1,0
14.248614080,1,1
14.249059200,0,1
14.249110880,0,0
14.249559200,1,0
14.249610880,1,1
14.250059200,0,1
14.250110880,0,0
14.250559040,1,0
14.250611200,1,1
14.251059040,0,1
14.251113760,0,0
14.251559040,1,0
14.251611040,1,1
14.252059040,0,1
14.252112960,0,0
14.252559040,1,0
14.252610560,1,1
14.253059040,0,1
14.253113440,0,0
14.253558880,1,0
14.253610880,1,1
14.254058880,0,1
14.254113280,0,0
14.254558880,1,0
14.254610560,1,1
14.255058880,0,1
14.255113760,0,0
14.255558880,1,0
14.255610400,1,1
14.256058720,0,1
14.256113600,0,0
14.256558720,1,0
14.256610560,1,1
14.257058720,0,1
14.257113760,0,0
14.257558720,1,0
14.257610880,1,1
14.258058720,0,1
14.258113600,0,0
14.258558560,1,0
14.258610240,1,1
14.259058560,0,1
14.259113600,0,0
14.259558560,1,0
14.259610720,1,1
14.260058560,0,1
14.260110240,0,0
14.260558560,1,0
14.260610560,1,1
14.261058560,0,1
14.261110240,0,0
14.261558400,1,0
14.261612800,1,1
14.262058400,0,1
14.262110720,0,0
14.262558400,1,0
14.262612480,1,1
14.263058400,0,1
14.263110400,0,0
14.263558400,1,0
14.263612960,1,1
14.264058400,0,1
14.264109920,0,0
14.264558240,1,0
14.264612320,1,1
14.265058240,0,1
14.265110560,0,0
14.265558240,1,0
14.265612960,1,1
14.266058240,0,1
14.266109760,0,0
14.266558240,1,0
14.266612960,1,1
14.267058080,0,1
14.267109920,0,0
14.267558080,1,0
14.267613280,1,1
14.268058080,0,1
14.268110080,0,0
14.268558080,1,0
14.268612960,1,1
14.269058080,0,1
14.269109600,0,0
14.269557920,1,0
14.269612800,1,1
14.270057920,0,1
14.270109920,0,0
14.270557920,1,0
14.270609760,1,1
14.271057920,0,1
14.271109920,0,0
14.271557920,1,0
14.271609760,1,1
14.272057920,0,1
14.272112480,0,0
14.272557760,1,0
14.272609600,1,1
14.273057760,0,1
14.273112160,0,0
14.273557760,1,0
14.273609600,1,1
14.274057760,0,1
14.274112320,0,0
14.274557760,1,0
14.274609760,1,1
14.275057760,0,1
14.275112320,0,0
14.275557600,1,0
14.275609440,1,1
14.276057600,0,1
14.276112160,0,0
14.276557600,1,0
14.276609600,1,1
14.277057600,0,1
14.277112160,0,0
14.277557600,1,0
14.277609440,1,1
14.278057440,0,1
14.278112480,0,0
14.278557440,1,0
14.278609440,1,1
14.279057440,0,1
14.279112160,0,0
14.279557440,1,0
14.279609280,1,1
14.280057440,0,1
14.280112160,0,0
14.280557280,1,0
14.280609440,1,1
14.281057280,0,1
14.281111680,0,0
14.281557280,1,0
14.281608640,1,1
14.282057280,0,1
14.282109280,0,0
14.282557280,1,0
14.282609120,1,1
14.283057280,0,1
14.283108800,0,0
14.283557120,1,0
14.283611520,1,1
14.284057120,0,1
14.284109280,0,0
14.284557120,1,0
14.284611840,1,1
14.285057120,0,1
14.285108960,0,0
14.285557120,1,0
14.285611680,1,1
14.286057120,0,1
14.286109120,0,0
14.286556960,1,0
14.286612000,1,1
14.287056960,0,1
14.287108800,0,0
14.287556960,1,0
14.287611520,1,1
14.288056960,0,1
14.288108960,0,0
14.288556960,1,0
14.288611520,1,1
14.289056800,0,1
14.289109120,0,0
14.289556800,1,0
14.289611680,1,1
14.290056800,0,1
14.290108800,0,0
14.290556800,1,0
14.290611200,1,1
14.291056800,0,1
14.291108800,0,0
14.291556640,1,0
14.291611200,1,1
14.292056640,0,1
14.292108480,0,0
14.292556640,1,0
14.292608160,1,1
14.293056640,0,1
14.293108800,0,0
14.293556640,1,0
14.293608320,1,1
14.294056640,0,1
14.294111200,0,0
14.294556480,1,0
14.294608480,1,1
14.295056480,0,1
14.295111040,0,0
14.295556480,1,0
14.295608480,1,1
14.296056480,0,1
14.296111040,0,0
14.296556480,1,0
14.296608640,1,1
14.297056480,0,1
14.297111200,0,0
14.297556320,1,0
14.297608320,1,1
14.298056320,0,1
14.298111360,0,0
14.298556320,1,0
14.298608480,1,1
14.299056320,0,1
14.299111360,0,0
14.299556320,1,0
14.299608320,1,1
14.300056160,0,1
14.300111040,0,0
14.300556160,1,0
14.300608000,1,1
14.301056160,0,1
14.301111360,0,0
14.301556160,1,0
14.301607520,1,1
14.302056160,0,1
14.302110880,0,0
14.302556000,1,0
14.302608000,1,1
14.303056000,0,1
14.303107520,0,0
14.303556000,1,0
14.303608160,1,1
14.304056000,0,1
14.304107840,0,0
14.304556000,1,0
14.304610240,1,1
14.305056000,0,1
14.305107840,0,0
14.305555840,1,0
14.305610240,1,1
14.306055840,0,1
14.306107840,0,0
14.306555840,1,0
14.306609920,1,1
14.307055840,0,1
14.307107840,0,0
14.307555840,1,0
14.307610400,1,1
14.308055840,0,1
14.308107360,0,0
14.308555680,1,0
14.308610400,1,1
14.309055680,0,1
14.309107520,0,0
14.309555680,1,0
14.309610240,1,1
14.310055680,0,1
14.310107680,0,0
14.310555680,1,0
14.310610560,1,1
14.311055520,0,1
14.311107200,0,0
14.311555520,1,0
14.311610080,1,1
14.312055520,0,1
14.312107520,0,0
14.312555520,1,0
14.312609760,1,1
14.313055520,0,1
14.313107040,0,0
14.313555360,1,0
14.313611040,1,1
14.314055360,0,1
14.314107200,0,0
14.314555360,1,0
14.314607200,1,1
14.315055360,0,1
14.315107520,0,0
14.315555360,1,0
14.315606880,1,1
14.316055360,0,1
14.316110080,0,0
14.316555200,1,0
14.316607200,1,1
14.317055200,0,1
14.317109920,0,0
14.317555200,1,0
14.317607200,1,1
14.318055200,0,1
14.318109760,0,0
14.318555200,1,0
14.318607520,1,1
14.319055200,0,1
14.319109440,0,0
14.319555040,1,0
14.319607520,1,1
14.320055040,0,1
14.320110080,0,0
14.320555040,1,0
14.320607040,1,1
14.321055040,0,1
14.321109760,0,0
14.321555040,1,0
14.321607040,1,1
14.322054880,0,1
14.322109760,0,0
14.322554880,1,0
14.322606560,1,1
14.323054880,0,1
14.323109440,0,0
14.323554880,1,0
14.323606720,1,1
14.324054880,0,1
14.324109760,0,0
14.324554720,1,0
14.324606240,1,1
14.325054720,0,1
14.325106720,0,0
14.325554720,1,0
14.325607040,1,1
14.326054720,0,1
14.326106240,0,0
14.326554720,1,0
14.326609440,1,1
14.327054720,0,1
14.327106720,0,0
14.327554560,1,0
14.327609120,1,1
14.328054560,0,1
14.328106400,0,0
14.328554560,1,0
14.328608960,1,1
14.329054560,0,1
14.329106400,0,0
14.329554560,1,0
14.329608480,1,1
14.330054560,0,1
14.330106560,0,0
14.330554400,1,0
14.330609120,1,1
14.331054400,0,1
14.331106400,0,0
14.331554400,1,0
14.331609280,1,1
14.332054400,0,1
14.332106080,0,0
14.332554400,1,0
14.332609120,1,1
14.333054240,0,1
14.333106400,0,0
14.333554240,1,0
14.333605600,1,1
14.334054240,0,1
14.334101760,0,0
14.334554240,1,0
14.334604320,1,1
14.335054240,0,1
14.335101440,0,0
14.335554080,1,0
14.335601280,1,1
14.336054080,0,1
14.336101760,0,0
14.336554080,1,0
14.336601600,1,1
14.337054080,0,1
14.337104000,0,0
14.337554080,1,0
14.337601920,1,1
14.338054080,0,1
14.338104000,0,0
14.338553920,1,0
14.338601280,1,1
14.339053920,0,1
14.339104640,0,0
14.339553920,1,0
14.339601600,1,1
14.340053920,0,1
14.340104000,0,0
14.340553920,1,0
14.340601600,1,1
14.341053920,0,1
14.341104480,0,0
14.341553760,1,0
14.341601120,1,1
14.342053760,0,1
14.342103520,0,0
14.342553760,1,0
14.342601440,1,1
14.343053760,0,1
14.343103840,0,0
14.343553760,1,0
14.343609440,1,1
14.344053600,0,1
14.344107200,0,0
14.344553600,1,0
14.344604480,1,1
14.345053600,0,1
14.345106560,0,0
14.345553600,1,0
14.345603520,1,1
14.346053600,0,1
14.346106720,0,0
14.346553440,1,0
14.346603520,1,1
14.347053440,0,1
14.347103040,0,0
14.347553440,1,0
14.347603680,1,1
14.348053440,0,1
14.348103360,0,0
14.348553440,1,0
14.348605920,1,1
14.349053440,0,1
14.349103520,0,0
14.349553280,1,0
14.349605920,1,1
14.350053280,0,1
14.350103840,0,0
14.350553280,1,0
14.350606240,1,1
14.351053280,0,1
14.351104160,0,0
14.351553280,1,0
14.351606080,1,1
14.352053280,0,1
14.352103360,0,0
14.352553120,1,0
14.352606080,1,1
14.353053120,0,1
14.353103360,0,0
14.353553120,1,0
14.353606400,1,1
14.354053120,0,1
14.354103040,0,0
14.354553120,1,0
14.354605600,1,1
14.355052960,0,1
14.355103040,0,0
14.355552960,1,0
14.355606240,1,1
14.356052960,0,1
14.356103040,0,0
14.356552960,1,0
14.356605600,1,1
14.357052960,0,1
14.357102880,0,0
14.357552800,1,0
14.357602240,1,1
14.358052800,0,1
14.358103200,0,0
14.358552800,1,0
14.358602560,1,1
14.359052800,0,1
14.359105440,0,0
14.359552800,1,0
14.359602720,1,1
14.360052800,0,1
14.360105920,0,0
14.360552640,1,0
14.360602560,1,1
14.361052640,0,1
14.361105280,0,0
14.361552640,1,0
14.361603200,1,1
14.362052640,0,1
14.362105440,0,0
14.362552640,1,0
14.362602400,1,1
14.363052640,0,1
14.363105120,0,0
14.363552480,1,0
14.363603040,1,1
14.364052480,0,1
14.364105600,0,0
14.364552480,1,0
14.364602400,1,1
14.365052480,0,1
14.365105280,0,0
14.365552480,1,0
14.365602720,1,1
14.366052320,0,1
14.366105440,0,0
14.366552320,1,0
14.366602400,1,1
14.367052320,0,1
14.367105280,0,0
14.367552320,1,0
14.367602240,1,1
14.368052320,0,1
14.368102080,0,0
14.368552160,1,0
14.368602560,1,1
14.369052160,0,1
14.369102080,0,0
14.369552160,1,0
14.369604960,1,1
14.370052160,0,1
14.370102400,0,0
14.370552160,1,0
14.370604320,1,1
14.371052160,0,1
14.371101760,0,0
14.371552000,1,0
14.371604640,1,1
14.372052000,0,1
14.372102080,0,0
14.372552000,1,0
14.372604640,1,1
14.373052000,0,1
14.373102560,0,0
14.373552000,1,0
14.373604960,1,1
14.374052000,0,1
14.374101920,0,0
14.374551840,1,0
14.374604800,1,1
14.375051840,0,1
14.375101600,0,0
14.375551840,1,0
14.375604480,1,1
14.376051840,0,1
14.376101440,0,0
14.376551840,1,0
14.376604480,1,1
14.377051680,0,1
14.377101920,0,0
14.377551680,1,0
14.377604160,1,1
14.378051680,0,1
14.378101600,0,0
14.378551680,1,0
14.378604640,1,1
14.379051680,0,1
14.379101600,0,0
14.379551520,1,0
14.379601760,1,1
14.380051520,0,1
14.380101280,0,0
14.380551520,1,0
14.380601600,1,1
14.381051520,0,1
14.381103840,0,0
14.381551520,1,0
14.381601920,1,1
14.382051520,0,1
14.382103360,0,0
14.382551360,1,0
14.382601760,1,1
14.383051360,0,1
14.383104160,0,0
14.383551360,1,0
14.383601280,1,1
14.384051360,0,1
14.384103040,0,0
14.384551360,1,0
14.384600800,1,1
14.385051360,0,1
14.385103360,0,0
14.385551200,1,0
14.385600480,1,1
14.386051200,0,1
14.386103200,0,0
14.386551200,1,0
14.386600000,1,1
14.387051200,0,1
14.387103360,0,0
14.387551200,1,0
14.387599840,1,1
14.388051040,0,1
14.388102880,0,0
14.388551040,1,0
14.388600480,1,1
14.389051040,0,1
14.389102880,0,0
14.389551040,1,0
14.389599680,1,1
14.390051040,0,1
14.390099840,0,0
14.390550880,1,0
14.390600000,1,1
14.391050880,0,1
14.391161920,0,0
14.391550880,1,0
14.391606240,1,1
14.392050880,0,1
14.392103520,0,0
14.392550880,1,0
14.392626720,1,1
14.393050880,0,1
14.393105760,0,0
14.393550720,1,0
14.393607200,1,1
14.394050720,0,1
14.394103360,0,0
14.394550720,1,0
14.394605440,1,1
14.395050720,0,1
14.395102400,0,0
14.395550720,1,0
14.395605440,1,1
14.396050720,0,1
14.396102080,0,0
14.396550560,1,0
14.396605280,1,1
14.397050560,0,1
14.397102720,0,0
14.397550560,1,0
14.397604960,1,1
14.398050560,0,1
14.398102400,0,0
14.398550560,1,0
14.398605120,1,1
14.399050400,0,1
14.399102080,0,0
14.399550400,1,0
14.399605440,1,1
14.400050400,0,1
14.400102240,0,0
14.400550400,1,0
14.400602400,1,1
14.401050400,0,1
14.401102080,0,0
14.401550240,1,0
14.401601280,1,1
14.402050240,0,1
14.402104480,0,0
14.402550240,1,0
14.402602560,1,1
14.403050240,0,1
14.403104800,0,0
14.403550240,1,0
14.403602400,1,1
14.404050240,0,1
14.404104960,0,0
14.404550080,1,0
14.404602080,1,1
14.405050080,0,1
14.405104480,0,0
14.405550080,1,0
14.405602240,1,1
14.406050080,0,1
14.406104960,0,0
14.406550080,1,0
14.406601920,1,1
14.407050080,0,1
14.407104800,0,0
14.407549920,1,0
14.407601280,1,1
14.408049920,0,1
14.408104960,0,0
14.408549920,1,0
14.408601600,1,1
14.409049920,0,1
14.409104640,0,0
14.409549920,1,0
14.409601280,1,1
14.410049760,0,1
14.410104800,0,0
14.410549760,1,0
14.410601760,1,1
14.411049760,0,1
14.411104480,0,0
14.411549760,1,0
14.411602080,1,1
14.412049760,0,1
14.412101280,0,0
14.412549600,1,0
14.412602080,1,1
14.413049600,0,1
14.413101600,0,0
14.413549600,1,0
14.413604320,1,1
14.414049600,0,1
14.414101440,0,0
14.414549600,1,0
14.414603840,1,1
14.415049600,0,1
14.415101280,0,0
14.415549440,1,0
14.415603680,1,1
14.416049440,0,1
14.416101280,0,0
14.416549440,1,0
14.416603680,1,1
14.417049440,0,1
14.417101440,0,0
14.417549440,1,0
14.417603840,1,1
14.418049440,0,1
14.418101120,0,0
14.418549280,1,0
14.418604320,1,1
14.419049280,0,1
14.419100800,0,0
14.419549280,1,0
14.419603360,1,1
14.420049280,0,1
14.420101280,0,0
14.420549280,1,0
14.420603520,1,1
14.421049120,0,1
14.421101280,0,0
14.421549120,1,0
14.421603680,1,1
14.422049120,0,1
14.422101120,0,0
14.422549120,1,0
14.422600800,1,1
14.423049120,0,1
14.423101280,0,0
14.423548960,1,0
14.423601120,1,1
14.424048960,0,1
14.424103360,0,0
14.424548960,1,0
14.424600800,1,1
14.425048960,0,1
14.425103520,0,0
14.425548960,1,0
14.425601120,1,1
14.426048960,0,1
14.426103200,0,0
14.426548800,1,0
14.426600640,1,1
14.427048800,0,1
14.427103360,0,0
14.427548800,1,0
14.427600800,1,1
14.428048800,0,1
14.428102880,0,0
14.428548800,1,0
14.428600640,1,1
14.429048800,0,1
14.429103200,0,0
14.429548640,1,0
14.429600480,1,1
14.430048640,0,1
14.430103520,0,0
14.430548640,1,0
14.430600640,1,1
14.431048640,0,1
14.431103840,0,0
14.431548640,1,0
14.431600480,1,1
14.432048480,0,1
14.432103520,0,0
14.432548480,1,0
14.432600160,1,1
14.433048480,0,1
14.433100160,0,0
14.433548480,1,0
14.433600640,1,1
14.434048480,0,1
14.434100320,0,0
14.434548320,1,0
14.434602720,1,1
14.435048320,0,1
14.435100000,0,0
14.435548320,1,0
14.435602560,1,1
14.436048320,0,1
14.436100000,0,0
14.436548320,1,0
14.436602400,1,1
14.437048320,0,1
14.437100000,0,0
14.437548160,1,0
14.437602400,1,1
14.438048160,0,1
14.438100000,0,0
14.438548160,1,0
14.438603040,1,1
14.439048160,0,1
14.439100160,0,0
14.439548160,1,0
14.439602720,1,1
14.440048160,0,1
14.440099680,0,0
14.440548000,1,0
14.440602560,1,1
14.441048000,0,1
14.441099360,0,0
14.441548000,1,0
14.441603040,1,1
14.442048000,0,1
14.442100000,0,0
14.442548000,1,0
14.442602880,1,1
14.443047840,0,1
14.443099680,0,0
14.443547840,1,0
14.443602880,1,1
14.444047840,0,1
14.444099840,0,0
14.444547840,1,0
14.444599680,1,1
14.445047840,0,1
14.445099840,0,0
14.445547680,1,0
14.445599520,1,1
14.446047680,0,1
14.446102240,0,0
14.446547680,1,0
14.446599200,1,1
14.447047680,0,1
14.447102240,0,0
14.447547680,1,0
14.447599840,1,1
14.448047680,0,1
14.448102560,0,0
14.448547520,1,0
14.448599840,1,1
14.449047520,0,1
14.449101760,0,0
14.449547520,1,0
14.449600000,1,1
14.450047520,0,1
14.450102560,0,0
14.450547520,1,0
14.450599040,1,1
14.451047520,0,1
14.451102400,0,0
14.451547360,1,0
14.451599200,1,1
14.452047360,0,1
14.452102240,0,0
14.452547360,1,0
14.452599520,1,1
14.453047360,0,1
14.453101760,0,0
14.453547360,1,0
14.453599840,1,1
14.454047200,0,1
14.454102240,0,0
14.454547200,1,0
14.454599040,1,1
14.455047200,0,1
14.455098880,0,0
14.455547200,1,0
14.455598720,1,1
14.456047200,0,1
14.456098720,0,0
14.456547040,1,0
14.456601760,1,1
14.457047040,0,1
14.457098880,0,0
14.457547040,1,0
14.457601280,1,1
14.458047040,0,1
14.458099040,0,0
14.458547040,1,0
14.458601440,1,1
14.459047040,0,1
14.459099040,0,0
14.459546880,1,0
14.459601760,1,1
14.460046880,0,1
14.460098560,0,0
14.460546880,1,0
14.460601280,1,1
14.461046880,0,1
14.461098560,0,0
14.461546880,1,0
14.461601600,1,1
14.462046880,0,1
14.462098720,0,0
14.462546720,1,0
14.462601280,1,1
14.463046720,0,1
14.463098080,0,0
14.463546720,1,0
14.463602880,1,1
14.464046720,0,1
14.464098560,0,0
14.464546720,1,0
14.464601440,1,1
14.465046560,0,1
14.465098080,0,0
14.465546560,1,0
14.465598560,1,1
14.466046560,0,1
14.466098720,0,0
14.466546560,1,0
14.466598400,1,1
14.467046560,0,1
14.467101120,0,0
14.467546400,1,0
14.467598400,1,1
14.468046400,0,1
14.468101440,0,0
14.468546400,1,0
14.468598240,1,1
14.469046400,0,1
14.469100640,0,0
14.469546400,1,0
14.469598240,1,1
14.470046400,0,1
14.470101120,0,0
14.470546240,1,0
14.470598400,1,1
14.471046240,0,1
14.471101120,0,0
14.471546240,1,0
14.471597920,1,1
14.472046240,0,1
14.472101120,0,0
14.472546240,1,0
14.472597920,1,1
14.473046240,0,1
14.473101120,0,0
14.473546080,1,0
14.473595200,1,1
14.474046080,0,1
14.474096320,0,0
14.474546080,1,0
14.474593600,1,1
14.475046080,0,1
14.475096480,0,0
14.475546080,1,0
14.475593280,1,1
14.476045920,0,1
14.476093120,0,0
14.476545920,1,0
14.476593280,1,1
14.477045920,0,1
14.477093600,0,0
14.477545920,1,0
14.477595840,1,1
14.478045920,0,1
14.478093280,0,0
14.478545760,1,0
14.478595680,1,1
14.479045760,0,1
14.479092800,0,0
14.479545760,1,0
14.479595680,1,1
14.480045760,0,1
14.480093120,0,0
14.480545760,1,0
14.480595840,1,1
14.481045760,0,1
14.481092960,0,0
14.481545600,1,0
14.481595840,1,1
14.482045600,0,1
14.482093440,0,0
14.482545600,1,0
14.482596000,1,1
14.483045600,0,1
14.483093280,0,0
14.483545600,1,0
14.483606720,1,1
14.484045600,0,1
14.484096320,0,0
14.484545440,1,0
14.484598560,1,1
14.485045440,0,1
14.485095840,0,0
14.485545440,1,0
14.485598560,1,1
14.486045440,0,1
14.486095680,0,0
14.486545440,1,0
14.486598240,1,1
14.487045280,0,1
14.487095840,0,0
14.487545280,1,0
14.487595200,1,1
14.488045280,0,1
14.488095520,0,0
14.488545280,1,0
14.488595040,1,1
14.489045280,0,1
14.489097920,0,0
14.489545120,1,0
14.489595680,1,1
14.490045120,0,1
14.490097280,0,0
14.490545120,1,0
14.490595200,1,1
14.491045120,0,1
14.491097920,0,0
14.491545120,1,0
14.491595360,1,1
14.492045120,0,1
14.492097760,0,0
14.492544960,1,0
14.492595360,1,1
14.493044960,0,1
14.493098400,0,0
14.493544960,1,0
14.493595680,1,1
14.494044960,0,1
14.494098240,0,0
14.494544960,1,0
14.494594880,1,1
14.495044960,0,1
14.495097440,0,0
14.495544800,1,0
14.495595040,1,1
14.496044800,0,1
14.496097760,0,0
14.496544800,1,0
14.496594720,1,1
14.497044800,0,1
14.497097920,0,0
14.497544800,1,0
14.497594400,1,1
14.498044640,0,1
14.498095200,0,0
14.498544640,1,0
14.498595040,1,1
14.499044640,0,1
14.499094720,0,0
14.499544640,1,0
14.499597440,1,1
14.500044640,0,1
14.500094720,0,0
14.500544480,1,0
14.500596960,1,1
14.501044480,0,1
14.501094880,0,0
14.501544480,1,0
14.501597120,1,1
14.502044480,0,1
14.502095200,0,0
14.502544480,1,0
14.502597280,1,1
14.503044480,0,1
14.503094720,0,0
14.503544320,1,0
14.503597760,1,1
14.504044320,0,1
14.504094560,0,0
14.504544320,1,0
14.504597120,1,1
14.505044320,0,1
14.505094400,0,0
14.505544320,1,0
14.505597120,1,1
14.506044320,0,1
14.506094560,0,0
14.506544160,1,0
14.506597120,1,1
14.507044160,0,1
14.507094720,0,0
14.507544160,1,0
14.507597120,1,1
14.508044160,0,1
14.508093920,0,0
14.508544160,1,0
14.508596800,1,1
14.509044000,0,1
14.509094240,0,0
14.509544000,1,0
14.509594080,1,1
14.510044000,0,1
14.510096320,0,0
14.510544000,1,0
14.510593760,1,1
14.511044000,0,1
14.511096960,0,0
14.511543840,1,0
14.511593920,1,1
14.512043840,0,1
14.512096640,0,0
14.512543840,1,0
14.512593600,1,1
14.513043840,0,1
14.513096800,0,0
14.513543840,1,0
14.513594240,1,1
14.514043840,0,1
14.514096480,0,0
14.514543680,1,0
14.514593920,1,1
14.515043680,0,1
14.515096960,0,0
14.515543680,1,0
14.515593600,1,1
14.516043680,0,1
14.516096800,0,0
14.516543680,1,0
14.516593600,1,1
14.517043680,0,1
14.517096800,0,0
14.517543520,1,0
14.517593760,1,1
14.518043520,0,1
14.518096800,0,0
14.518543520,1,0
14.518593280,1,1
14.519043520,0,1
14.519096640,0,0
14.519543360,1,0
14.519593600,1,1
14.520043360,0,1
14.520092960,0,0
14.520543360,1,0
14.520593600,1,1
14.521043360,0,1
14.521093280,0,0
14.521543360,1,0
14.521596320,1,1
14.522043360,0,1
14.522093600,0,0
14.522543200,1,0
14.522595680,1,1
14.523043200,0,1
14.523092960,0,0
14.523543200,1,0
14.523596480,1,1
14.524043200,0,1
14.524093280,0,0
14.524543200,1,0
14.524595680,1,1
14.525043200,0,1
14.525093120,0,0
14.525543040,1,0
14.525595840,1,1
14.526043040,0,1
14.526092800,0,0
14.526543040,1,0
14.526595680,1,1
14.527043040,0,1
14.527092800,0,0
14.527543040,1,0
14.527595680,1,1
14.528043040,0,1
14.528093280,0,0
14.528542880,1,0
14.528595840,1,1
14.529042880,0,1
14.529092960,0,0
14.529542880,1,0
14.529595840,1,1
14.530042880,0,1
14.530092960,0,0
14.530542720,1,0
14.530592480,1,1
14.531042720,0,1
14.531092960,0,0
14.531542720,1,0
14.531592640,1,1
14.532042720,0,1
14.532095680,0,0
14.532542720,1,0
14.532592640,1,1
14.533042720,0,1
14.533095360,0,0
14.533542560,1,0
14.533593760,1,1
14.534042560,0,1
14.534095360,0,0
14.534542560,1,0
14.534592640,1,1
14.535042560,0,1
14.535095360,0,0
14.535542560,1,0
14.535592640,1,1
14.536042560,0,1
14.536096160,0,0
14.536542400,1,0
14.536592480,1,1
14.537042400,0,1
14.537095360,0,0
14.537542400,1,0
14.537592480,1,1
14.538042400,0,1
14.538094880,0,0
14.538542400,1,0
14.538592160,1,1
14.539042240,0,1
14.539095360,0,0
14.539542240,1,0
14.539592640,1,1
14.540042240,0,1
14.540095200,0,0
14.540542240,1,0
14.540592160,1,1
14.541042240,0,1
14.541092000,0,0
14.541542080,1,0
14.541592480,1,1
14.542042080,0,1
14.542092320,0,0
14.542542080,1,0
14.542594720,1,1
14.543042080,0,1
14.543092480,0,0
14.543542080,1,0
14.543594880,1,1
14.544042080,0,1
14.544092320,0,0
14.544541920,1,0
14.544594400,1,1
14.545041920,0,1
14.545092160,0,0
14.545541920,1,0
14.545594720,1,1
14.546041920,0,1
14.546092000,0,0
14.546541920,1,0
14.546594400,1,1
14.547041920,0,1
14.547091840,0,0
14.547541760,1,0
14.547594560,1,1
14.548041760,0,1
14.548092000,0,0
14.548541760,1,0
14.548594560,1,1
14.549041760,0,1
14.549091200,0,0
14.549541760,1,0
14.549594560,1,1
14.550041600,0,1
14.550091360,0,0
14.550541600,1,0
14.550594720,1,1
14.551041600,0,1
14.551091840,0,0
14.551541600,1,0
14.551594240,1,1
14.552041600,0,1
14.552092000,0,0
14.552541440,1,0
14.552591040,1,1
14.553041440,0,1
14.553092000,0,0
14.553541440,1,0
14.553592160,1,1
14.554041440,0,1
14.554094400,0,0
14.554541440,1,0
14.554591040,1,1
14.555041440,0,1
14.555094080,0,0
14.555541280,1,0
14.555591680,1,1
14.556041280,0,1
14.556094560,0,0
14.556541280,1,0
14.556591200,1,1
14.557041280,0,1
14.557094080,0,0
14.557541280,1,0
14.557591200,1,1
14.558041280,0,1
14.558094240,0,0
14.558541120,1,0
14.558591040,1,1
14.559041120,0,1
14.559093760,0,0
14.559541120,1,0
14.559591200,1,1
14.560041120,0,1
14.560094240,0,0
14.560541120,1,0
14.560591200,1,1
14.561040960,0,1
14.561094240,0,0
14.561540960,1,0
14.561590720,1,1
14.562040960,0,1
14.562094080,0,0
14.562540960,1,0
14.562591360,1,1
14.563040960,0,1
14.563090720,0,0
14.563540800,1,0
14.563591680,1,1
14.564040800,0,1
14.564090880,0,0
14.564540800,1,0
14.564593440,1,1
14.565040800,0,1
14.565090880,0,0
14.565540800,1,0
14.565592800,1,1
14.566040800,0,1
14.566091200,0,0
14.566540640,1,0
14.566593280,1,1
14.567040640,0,1
14.567090240,0,0
14.567540640,1,0
14.567593280,1,1
14.568040640,0,1
14.568091040,0,0
14.568540640,1,0
14.568593280,1,1
14.569040640,0,1
14.569090560,0,0
14.569540480,1,0
14.569593280,1,1
14.570040480,0,1
14.570090560,0,0
14.570540480,1,0
14.570593280,1,1
14.571040480,0,1
14.571090240,0,0
14.571540480,1,0
14.571593120,1,1
14.572040320,0,1
14.572090880,0,0
14.572540320,1,0
14.572593280,1,1
14.573040320,0,1
14.573090720,0,0
14.573540320,1,0
14.573591040,1,1
14.574040320,0,1
14.574090400,0,0
14.574540160,1,0
14.574590240,1,1
14.575040160,0,1
14.575092960,0,0
14.575540160,1,0
14.575590080,1,1
14.576040160,0,1
14.576092800,0,0
14.576540160,1,0
14.576589920,1,1
14.577040160,0,1
14.577092800,0,0
14.577540000,1,0
14.577589600,1,1
14.578040000,0,1
14.578092640,0,0
14.578540000,1,0
14.578589920,1,1
14.579040000,0,1
14.579092480,0,0
14.579540000,1,0
14.579590080,1,1
14.580040000,0,1
14.580093120,0,0
14.580539840,1,0
14.580589280,1,1
14.581039840,0,1
14.581093440,0,0
14.581539840,1,0
14.581589920,1,1
14.582039840,0,1
14.582092640,0,0
14.582539840,1,0
14.582589760,1,1
14.583039680,0,1
14.583092640,0,0
14.583539680,1,0
14.583590080,1,1
14.584039680,0,1
14.584093120,0,0
14.584539680,1,0
14.584589760,1,1
14.585039680,0,1
14.585089600,0,0
14.585539520,1,0
14.585589760,1,1
14.586039520,0,1
14.586089280,0,0
14.586539520,1,0
14.586592160,1,1
14.587039520,0,1
14.587089600,0,0
14.587539520,1,0
14.587592480,1,1
14.588039520,0,1
14.588089760,0,0
14.588539360,1,0
14.588592320,1,1
14.589039360,0,1
14.589089120,0,0
14.589539360,1,0
14.589591680,1,1
14.590039360,0,1
14.590088960,0,0
14.590539360,1,0
14.590592000,1,1
14.591039360,0,1
14.591089280,0,0
14.591539200,1,0
14.591592000,1,1
14.592039200,0,1
14.592089120,0,0
14.592539200,1,0
14.592591680,1,1
14.593039200,0,1
14.593089600,0,0
14.593539200,1,0
14.593592640,1,1
14.594039040,0,1
14.594088480,0,0
14.594539040,1,0
14.594592320,1,1
14.595039040,0,1
14.595088800,0,0
14.595539040,1,0
14.595588800,1,1
14.596039040,0,1
14.596089120,0,0
14.596538880,1,0
14.596588640,1,1
14.597038880,0,1
14.597092000,0,0
14.597538880,1,0
14.597588800,1,1
14.598038880,0,1
14.598091840,0,0
14.598538880,1,0
14.598588960,1,1
14.599038880,0,1
14.599091520,0,0
14.599538720,1,0
14.599588480,1,1
14.600038720,0,1
14.600091520,0,0
14.600538720,1,0
14.600588480,1,1
14.601038720,0,1
14.601091520,0,0
14.601538720,1,0
14.601588960,1,1
14.602038720,0,1
14.602092160,0,0
14.602538560,1,0
14.602588640,1,1
14.603038560,0,1
14.603092000,0,0
14.603538560,1,0
14.603592640,1,1
14.604038560,0,1
14.604091680,0,0
14.604538560,1,0
14.604588480,1,1
14.605038400,0,1
14.605091520,0,0
14.605538400,1,0
14.605588800,1,1
14.606038400,0,1
14.606088320,0,0
14.606538400,1,0
14.606588320,1,1
14.607038400,0,1
14.607087840,0,0
14.607538240,1,0
14.607590720,1,1
14.608038240,0,1
14.608088800,0,0
14.608538240,1,0
14.608590720,1,1
14.609038240,0,1
14.609088320,0,0
14.609538240,1,0
14.609590720,1,1
14.610038240,0,1
14.610088320,0,0
14.610538080,1,0
14.610590560,1,1
14.611038080,0,1
14.611087840,0,0
14.611538080,1,0
14.611591040,1,1
14.612038080,0,1
14.612087680,0,0
14.612538080,1,0
14.612591200,1,1
14.613038080,0,1
14.613087840,0,0
14.613537920,1,0
14.613592960,1,1
14.614037920,0,1
14.614088160,0,0
14.614537920,1,0
14.614590720,1,1
14.615037920,0,1
14.615088320,0,0
14.615537760,1,0
14.615590400,1,1
14.616037760,0,1
14.616088480,0,0
14.616537760,1,0
14.616590720,1,1
14.617037760,0,1
14.617088160,0,0
14.617537760,1,0
14.617587520,1,1
14.618037760,0,1
14.618088160,0,0
14.618537600,1,0
14.618587520,1,1
14.619037600,0,1
14.619090560,0,0
14.619537600,1,0
14.619587360,1,1
14.620037600,0,1
14.620090080,0,0
14.620537600,1,0
14.620587520,1,1
14.621037600,0,1
14.621090080,0,0
14.621537440,1,0
14.621586880,1,1
14.622037440,0,1
14.622090080,0,0
14.622537440,1,0
14.622587520,1,1
14.623037440,0,1
14.623090400,0,0
14.623537440,1,0
14.623589120,1,1
14.624037440,0,1
14.624090400,0,0
14.624537280,1,0
14.624587200,1,1
14.625037280,0,1
14.625090080,0,0
14.625537280,1,0
14.625587040,1,1
14.626037280,0,1
14.626090080,0,0
14.626537120,1,0
14.626587200,1,1
14.627037120,0,1
14.627090400,0,0
14.627537120,1,0
14.627586880,1,1
14.628037120,0,1
14.628087200,0,0
14.628537120,1,0
14.628587040,1,1
14.629037120,0,1
14.629086560,0,0
14.629536960,1,0
14.629589440,1,1
14.630036960,0,1
14.630087360,0,0
14.630536960,1,0
14.630589600,1,1
14.631036960,0,1
14.631087040,0,0
14.631536960,1,0
14.631589280,1,1
14.632036960,0,1
14.632087040,0,0
14.632536800,1,0
14.632589440,1,1
14.633036800,0,1
14.633086880,0,0
14.633536800,1,0
14.633590880,1,1
14.634036800,0,1
14.634087040,0,0
14.634536800,1,0
14.634589920,1,1
14.635036800,0,1
14.635086880,0,0
14.635536640,1,0
14.635589440,1,1
14.636036640,0,1
14.636086560,0,0
14.636536640,1,0
14.636589440,1,1
14.637036640,0,1
14.637086400,0,0
14.637536480,1,0
14.637589120,1,1
14.638036480,0,1
14.638086560,0,0
14.638536480,1,0
14.638586080,1,1
14.639036480,0,1
14.639086400,0,0
14.639536480,1,0
14.639586080,1,1
14.640036480,0,1
14.640088640,0,0
14.640536320,1,0
14.640586400,1,1
14.641036320,0,1
14.641089120,0,0
14.641536320,1,0
14.641586240,1,1
14.642036320,0,1
14.642088960,0,0
14.642536320,1,0
14.642585760,1,1
14.643036320,0,1
14.643089440,0,0
14.643536160,1,0
14.643587840,1,1
14.644036160,0,1
14.644089440,0,0
14.644536160,1,0
14.644585920,1,1
14.645036160,0,1
14.645089280,0,0
14.645536160,1,0
14.645585920,1,1
14.646036000,0,1
14.646089280,0,0
14.646536000,1,0
14.646586080,1,1
14.647036000,0,1
14.647088800,0,0
14.647536000,1,0
14.647586080,1,1
14.648036000,0,1
14.648088640,0,0
14.648535840,1,0
14.648585760,1,1
14.649035840,0,1
14.649088800,0,0
14.649535840,1,0
14.649585920,1,1
14.650035840,0,1
14.650085600,0,0
14.650535840,1,0
14.650586240,1,1
14.651035840,0,1
14.651085600,0,0
14.651535680,1,0
14.651588320,1,1
14.652035680,0,1
14.652085600,0,0
14.652535680,1,0
14.652588000,1,1
14.653035680,0,1
14.653085280,0,0
14.653535680,1,0
14.653587680,1,1
14.654035680,0,1
14.654085600,0,0
14.654535520,1,0
14.654587680,1,1
14.655035520,0,1
14.655085600,0,0
14.655535520,1,0
14.655588320,1,1
14.656035520,0,1
14.656085120,0,0
14.656535520,1,0
14.656588480,1,1
14.657035360,0,1
14.657085760,0,0
14.657535360,1,0
14.657588160,1,1
14.658035360,0,1
14.658085440,0,0
14.658535360,1,0
14.658587840,1,1
14.659035360,0,1
14.659085440,0,0
14.659535200,1,0
14.659588160,1,1
14.660035200,0,1
14.660085280,0,0
14.660535200,1,0
14.660585120,1,1
14.661035200,0,1
14.661085440,0,0
14.661535200,1,0
14.661585120,1,1
14.662035200,0,1
14.662087520,0,0
14.662535040,1,0
14.662585440,1,1
14.663035040,0,1
14.663087680,0,0
14.663535040,1,0
14.663587840,1,1
14.664035040,0,1
14.664087840,0,0
14.664535040,1,0
14.664585280,1,1
14.665035040,0,1
14.665087520,0,0
14.665534880,1,0
14.665585280,1,1
14.666034880,0,1
14.666087840,0,0
14.666534880,1,0
14.666585120,1,1
14.667034880,0,1
14.667088000,0,0
14.667534880,1,0
14.667584320,1,1
14.668034720,0,1
14.668088000,0,0
14.668534720,1,0
14.668584800,1,1
14.669034720,0,1
14.669088160,0,0
14.669534720,1,0
14.669584800,1,1
14.670034720,0,1
14.670088000,0,0
14.670534560,1,0
14.670584640,1,1
14.671034560,0,1
14.671084480,0,0
14.671534560,1,0
14.671584640,1,1
14.672034560,0,1
14.672084160,0,0
14.672534560,1,0
14.672587200,1,1
14.673034560,0,1
14.673084480,0,0
14.673534400,1,0
14.673586400,1,1
14.674034400,0,1
14.674084640,0,0
14.674534400,1,0
14.674587040,1,1
14.675034400,0,1
14.675084320,0,0
14.675534400,1,0
14.675587200,1,1
14.676034400,0,1
14.676084320,0,0
14.676534240,1,0
14.676587200,1,1
14.677034240,0,1
14.677084480,0,0
14.677534240,1,0
14.677587360,1,1
14.678034240,0,1
14.678084160,0,0
14.678534240,1,0
14.678587040,1,1
14.679034080,0,1
14.679084160,0,0
14.679534080,1,0
14.679586880,1,1
14.680034080,0,1
14.680083840,0,0
14.680534080,1,0
14.680587360,1,1
14.681034080,0,1
14.681084000,0,0
14.681533920,1,0
14.681586560,1,1
14.682033920,0,1
14.682083840,0,0
14.682533920,1,0
14.682583840,1,1
14.683033920,0,1
14.683084800,0,0
14.683533920,1,0
14.683585760,1,1
14.684033920,0,1
14.684086720,0,0
14.684533760,1,0
14.684584160,1,1
14.685033760,0,1
14.685086240,0,0
14.685533760,1,0
14.685583840,1,1
14.686033760,0,1
14.686086400,0,0
14.686533760,1,0
14.686583680,1,1
14.687033760,0,1
14.687085760,0,0
14.687533600,1,0
14.687583680,1,1
14.688033600,0,1
14.688086240,0,0
14.688533600,1,0
14.688583840,1,1
14.689033600,0,1
14.689086240,0,0
14.689533600,1,0
14.689583520,1,1
14.690033440,0,1
14.690086400,0,0
14.690533440,1,0
14.690583680,1,1
14.691033440,0,1
14.691086880,0,0
14.691533440,1,0
14.691583360,1,1
14.692033440,0,1
14.692086560,0,0
14.692533280,1,0
14.692583520,1,1
14.693033280,0,1
14.693083360,0,0
14.693533280,1,0
14.693584480,1,1
14.694033280,0,1
14.694082560,0,0
14.694533280,1,0
14.694585120,1,1
14.695033280,0,1
14.695082560,0,0
14.695533120,1,0
14.695585120,1,1
14.696033120,0,1
14.696082400,0,0
14.696533120,1,0
14.696585280,1,1
14.697033120,0,1
14.697082240,0,0
14.697533120,1,0
14.697584800,1,1
14.698033120,0,1
14.698082240,0,0
14.698532960,1,0
14.698585280,1,1
14.699032960,0,1
14.699082400,0,0
14.699532960,1,0
14.699584640,1,1
14.700032960,0,1
14.700081920,0,0
14.700532960,1,0
14.700585280,1,1
14.701032800,0,1
14.701082240,0,0
14.701532800,1,0
14.701584640,1,1
14.702032800,0,1
14.702090560,0,0
14.702532800,1,0
14.702587200,1,1
14.703032800,0,1
14.703093920,0,0
14.703532640,1,0
14.703597120,1,1
14.704032640,0,1
14.704085280,0,0
14.704532640,1,0
14.704584000,1,1
14.705032640,0,1
14.705086720,0,0
14.705532640,1,0
14.705584160,1,1
14.706032640,0,1
14.706086400,0,0
14.706532480,1,0
14.706583520,1,1
14.707032480,0,1
14.707086400,0,0
14.707532480,1,0
14.707583520,1,1
14.708032480,0,1
14.708086560,0,0
14.708532480,1,0
14.708583520,1,1
14.709032480,0,1
14.709086080,0,0
14.709532320,1,0
14.709583200,1,1
14.710032320,0,1
14.710086080,0,0
14.710532320,1,0
14.710583360,1,1
14.711032320,0,1
14.711086240,0,0
14.711532320,1,0
14.711583360,1,1
14.712032160,0,1
14.712085920,0,0
14.712532160,1,0
14.712583840,1,1
14.713032160,0,1
14.713086560,0,0
14.713532160,1,0
14.713585440,1,1
14.714032160,0,1
14.714086560,0,0
14.714532000,1,0
14.714582560,1,1
14.715032000,0,1
14.715082560,0,0
14.715532000,1,0
14.715582720,1,1
14.716032000,0,1
14.716082560,0,0
14.716532000,1,0
14.716585280,1,1
14.717032000,0,1
14.717083040,0,0
14.717531840,1,0
14.717585120,1,1
14.718031840,0,1
14.718082880,0,0
14.718531840,1,0
14.718585760,1,1
14.719031840,0,1
14.719082880,0,0
14.719531840,1,0
14.719585760,1,1
14.720031840,0,1
14.720083360,0,0
14.720531680,1,0
14.720585600,1,1
14.721031680,0,1
14.721082560,0,0
14.721531680,1,0
14.721585440,1,1
14.722031680,0,1
14.722082240,0,0
14.722531520,1,0
14.722585440,1,1
14.723031520,0,1
14.723082400,0,0
14.723531520,1,0
14.723587840,1,1
14.724031520,0,1
14.724082400,0,0
14.724531520,1,0
14.724584960,1,1
14.725031520,0,1
14.725082720,0,0
14.725531360,1,0
14.725582080,1,1
14.726031360,0,1
14.726082720,0,0
14.726531360,1,0
14.726582560,1,1
14.727031360,0,1
14.727085120,0,0
14.727531360,1,0
14.727582240,1,1
14.728031360,0,1
14.728085280,0,0
14.728531200,1,0
14.728581760,1,1
14.729031200,0,1
14.729084800,0,0
14.729531200,1,0
14.729582080,1,1
14.730031200,0,1
14.730084960,0,0
14.730531200,1,0
14.730581920,1,1
14.731031200,0,1
14.731084960,0,0
14.731531040,1,0
14.731582080,1,1
14.732031040,0,1
14.732085120,0,0
14.732531040,1,0
14.732582080,1,1
14.733031040,0,1
14.733084640,0,0
14.733530880,1,0
14.733584640,1,1
14.734030880,0,1
14.734085120,0,0
14.734530880,1,0
14.734581760,1,1
14.735030880,0,1
14.735084640,0,0
14.735530880,1,0
14.735581600,1,1
14.736030880,0,1
14.736081600,0,0
14.736530720,1,0
14.736581760,1,1
14.737030720,0,1
14.737082240,0,0
14.737530720,1,0
14.737584160,1,1
14.738030720,0,1
14.738081760,0,0
14.738530720,1,0
14.738584000,1,1
14.739030720,0,1
14.739081600,0,0
14.739530560,1,0
14.739584640,1,1
14.740030560,0,1
14.740081920,0,0
14.740530560,1,0
14.740584160,1,1
14.741030560,0,1
14.741082080,0,0
14.741530560,1,0
14.741584000,1,1
14.742030400,0,1
14.742081920,0,0
14.742530400,1,0
14.742584640,1,1
14.743030400,0,1
14.743080960,0,0
14.743530400,1,0
14.743586080,1,1
14.744030400,0,1
14.744080800,0,0
14.744530240,1,0
14.744583360,1,1
14.745030240,0,1
14.745080320,0,0
14.745530240,1,0
14.745582880,1,1
14.746030240,0,1
14.746080320,0,0
14.746530240,1,0
14.746583200,1,1
14.747030240,0,1
14.747080160,0,0
14.747530080,1,0
14.747580480,1,1
14.748030080,0,1
14.748080160,0,0
14.748530080,1,0
14.748580000,1,1
14.749030080,0,1
14.749082880,0,0
14.749530080,1,0
14.749580000,1,1
14.750030080,0,1
14.750082400,0,0
14.750529920,1,0
14.750580000,1,1
14.751029920,0,1
14.751082560,0,0
14.751529920,1,0
14.751579840,1,1
14.752029920,0,1
14.752082400,0,0
14.752529920,1,0
14.752579520,1,1
14.753029760,0,1
14.753082720,0,0
14.753529760,1,0
14.753582080,1,1
14.754029760,0,1
14.754082880,0,0
14.754529760,1,0
14.754579520,1,1
14.755029760,0,1
14.755082400,0,0
14.755529600,1,0
14.755580000,1,1
14.756029600,0,1
14.756082400,0,0
14.756529600,1,0
14.756579680,1,1
14.757029600,0,1
14.757082560,0,0
14.757529600,1,0
14.757580000,1,1
14.758029600,0,1
14.758079200,0,0
14.758529440,1,0
14.758579200,1,1
14.759029440,0,1
14.759079040,0,0
14.759529440,1,0
14.759581600,1,1
14.760029440,0,1
14.760079040,0,0
14.760529440,1,0
14.760582080,1,1
14.761029440,0,1
14.761079040,0,0
14.761529280,1,0
14.761581600,1,1
14.762029280,0,1
14.762079200,0,0
14.762529280,1,0
14.762581920,1,1
14.763029280,0,1
14.763079360,0,0
14.763529280,1,0
14.763584320,1,1
14.764029120,0,1
14.764079200,0,0
14.764529120,1,0
14.764581760,1,1
14.765029120,0,1
14.765079680,0,0
14.765529120,1,0
14.765581600,1,1
14.766029120,0,1
14.766079680,0,0
14.766528960,1,0
14.766581440,1,1
14.767028960,0,1
14.767078720,0,0
14.767528960,1,0
14.767581280,1,1
14.768028960,0,1
14.768079040,0,0
14.768528960,1,0
14.768578400,1,1
14.769028960,0,1
14.769079200,0,0
14.769528800,1,0
14.769579040,1,1
14.770028800,0,1
14.770081760,0,0
14.770528800,1,0
14.770578880,1,1
14.771028800,0,1
14.771081280,0,0
14.771528800,1,0
14.771578400,1,1
14.772028800,0,1
14.772081600,0,0
14.772528640,1,0
14.772578400,1,1
14.773028640,0,1
14.773080960,0,0
14.773528640,1,0
14.773580800,1,1
14.774028640,0,1
14.774081280,0,0
14.774528640,1,0
14.774578240,1,1
14.775028480,0,1
14.775081440,0,0
14.775528480,1,0
14.775578400,1,1
14.776028480,0,1
14.776081280,0,0
14.776528480,1,0
14.776578560,1,1
14.777028480,0,1
14.777081120,0,0
14.777528320,1,0
14.777578720,1,1
14.778028320,0,1
14.778081440,0,0
14.778528320,1,0
14.778578240,1,1
14.779028320,0,1
14.779080960,0,0
14.779528320,1,0
14.779578400,1,1
14.780028320,0,1
14.780078400,0,0
14.780528160,1,0
14.780578560,1,1
14.781028160,0,1
14.781077280,0,0
14.781528160,1,0
14.781580640,1,1
14.782028160,0,1
14.782078080,0,0
14.782528160,1,0
14.782580480,1,1
14.783028160,0,1
14.783078080,0,0
14.783528000,1,0
14.783580640,1,1
14.784028000,0,1
14.784078080,0,0
14.784528000,1,0
14.784580320,1,1
14.785028000,0,1
14.785078240,0,0
14.785528000,1,0
14.785580320,1,1
14.786027840,0,1
14.786078080,0,0
14.786527840,1,0
14.786580800,1,1
14.787027840,0,1
14.787077600,0,0
14.787527840,1,0
14.787580480,1,1
14.788027840,0,1
14.788077760,0,0
14.788527680,1,0
14.788580160,1,1
14.789027680,0,1
14.789077760,0,0
14.789527680,1,0
14.789580800,1,1
14.790027680,0,1
14.790077280,0,0
14.790527680,1,0
14.790577600,1,1
14.791027680,0,1
14.791077280,0,0
14.791527520,1,0
14.791577600,1,1
14.792027520,0,1
14.792080320,0,0
14.792527520,1,0
14.792577600,1,1
14.793027520,0,1
14.793080160,0,0
14.793527520,1,0
14.793580000,1,1
14.794027520,0,1
14.794080160,0,0
14.794527360,1,0
14.794577440,1,1
14.795027360,0,1
14.795080000,0,0
14.795527360,1,0
14.795577440,1,1
14.796027360,0,1
14.796080000,0,0
14.796527360,1,0
14.796577600,1,1
14.797027200,0,1
14.797079840,0,0
14.797527200,1,0
14.797577280,1,1
14.798027200,0,1
14.798080160,0,0
14.798527200,1,0
14.798577280,1,1
14.799027200,0,1
14.799080160,0,0
14.799527040,1,0
14.799576960,1,1
14.800027040,0,1
14.800080160,0,0
14.800527040,1,0
14.800576960,1,1
14.801027040,0,1
14.801076800,0,0
14.801527040,1,0
14.801577120,1,1
14.802027040,0,1
14.802076800,0,0
14.802526880,1,0
14.802579360,1,1
14.803026880,0,1
14.803076800,0,0
14.803526880,1,0
14.803579840,1,1
14.804026880,0,1
14.804076800,0,0
14.804526880,1,0
14.804579200,1,1
14.805026880,0,1
14.805076480,0,0
14.805526720,1,0
14.805579200,1,1
14.806026720,0,1
14.806076480,0,0
14.806526720,1,0
14.806578880,1,1
14.807026720,0,1
14.807076960,0,0
14.807526720,1,0
14.807579680,1,1
14.808026560,0,1
14.808076480,0,0
14.808526560,1,0
14.808579680,1,1
14.809026560,0,1
14.809076480,0,0
14.809526560,1,0
14.809579040,1,1
14.810026560,0,1
14.810076320,0,0
14.810526400,1,0
14.810578720,1,1
14.811026400,0,1
14.811076480,0,0
14.811526400,1,0
14.811579520,1,1
14.812026400,0,1
14.812076480,0,0
14.812526400,1,0
14.812576960,1,1
14.813026400,0,1
14.813076320,0,0
14.813526240,1,0
14.813578560,1,1
14.814026240,0,1
14.814079040,0,0
14.814526240,1,0
14.814576000,1,1
14.815026240,0,1
14.815078720,0,0
14.815526240,1,0
14.815576160,1,1
14.816026240,0,1
14.816078560,0,0
14.816526080,1,0
14.816575840,1,1
14.817026080,0,1
14.817078720,0,0
14.817526080,1,0
14.817576000,1,1
14.818026080,0,1
14.818078720,0,0
14.818525920,1,0
14.818575680,1,1
14.819025920,0,1
14.819078720,0,0
14.819525920,1,0
14.819576000,1,1
14.820025920,0,1
14.820078720,0,0
14.820525920,1,0
14.820575680,1,1
14.821025920,0,1
14.821078240,0,0
14.821525760,1,0
14.821576000,1,1
14.822025760,0,1
14.822078560,0,0
14.822525760,1,0
14.822575840,1,1
14.823025760,0,1
14.823075680,0,0
14.823525760,1,0
14.823578400,1,1
14.824025760,0,1
14.824074880,0,0
14.824525600,1,0
14.824577280,1,1
14.825025600,0,1
14.825074240,0,0
14.825525600,1,0
14.825577280,1,1
14.826025600,0,1
14.826078240,0,0
14.826525600,1,0
14.826578880,1,1
14.827025600,0,1
14.827076160,0,0
14.827525440,1,0
14.827578400,1,1
14.828025440,0,1
14.828076160,0,0
14.828525440,1,0
14.828579200,1,1
14.829025440,0,1
14.829076320,0,0
14.829525280,1,0
14.829578720,1,1
14.830025280,0,1
14.830076000,0,0
14.830525280,1,0
14.830578560,1,1
14.831025280,0,1
14.831076160,0,0
14.831525280,1,0
14.831578400,1,1
14.832025280,0,1
14.832075520,0,0
14.832525120,1,0
14.832578560,1,1
14.833025120,0,1
14.833075360,0,0
14.833525120,1,0
14.833577920,1,1
14.834025120,0,1
14.834076480,0,0
14.834525120,1,0
14.834576000,1,1
14.835025120,0,1
14.835078400,0,0
14.835524960,1,0
14.835575840,1,1
14.836024960,0,1
14.836078240,0,0
14.836524960,1,0
14.836576000,1,1
14.837024960,0,1
14.837078400,0,0
14.837524960,1,0
14.837575840,1,1
14.838024800,0,1
14.838077920,0,0
14.838524800,1,0
14.838576000,1,1
14.839024800,0,1
14.839078560,0,0
14.839524800,1,0
14.839575040,1,1
14.840024800,0,1
14.840078400,0,0
14.840524640,1,0
14.840575520,1,1
14.841024640,0,1
14.841078400,0,0
14.841524640,1,0
14.841575520,1,1
14.842024640,0,1
14.842078560,0,0
14.842524640,1,0
14.842575520,1,1
14.843024640,0,1
14.843078240,0,0
14.843524480,1,0
14.843574720,1,1
14.844024480,0,1
14.844071040,0,0
14.844524480,1,0
14.844571040,1,1
14.845024480,0,1
14.845070720,0,0
14.845524480,1,0
14.845573280,1,1
14.846024480,0,1
14.846071040,0,0
14.846524320,1,0
14.846573120,1,1
14.847024320,0,1
14.847070720,0,0
14.847524320,1,0
14.847573280,1,1
14.848024320,0,1
14.848070720,0,0
14.848524320,1,0
14.848572960,1,1
14.849024160,0,1
14.849070400,0,0
14.849524160,1,0
14.849572800,1,1
14.850024160,0,1
14.850070560,0,0
14.850524160,1,0
14.850573280,1,1
14.851024160,0,1
14.851070240,0,0
14.851524000,1,0
14.851572480,1,1
14.852024000,0,1
14.852069920,0,0
14.852524000,1,0
14.852573120,1,1
14.853024000,0,1
14.853070560,0,0
14.853524000,1,0
14.853580800,1,1
14.854024000,0,1
14.854075360,0,0
14.854523840,1,0
14.854577440,1,1
14.855023840,0,1
14.855074400,0,0
14.855523840,1,0
14.855574400,1,1
14.856023840,0,1
14.856074720,0,0
14.856523840,1,0
14.856574400,1,1
14.857023840,0,1
14.857077280,0,0
14.857523680,1,0
14.857574560,1,1
14.858023680,0,1
14.858076800,0,0
14.858523680,1,0
14.858574400,1,1
14.859023680,0,1
14.859077280,0,0
14.859523680,1,0
14.859574720,1,1
14.860023520,0,1
14.860077120,0,0
14.860523520,1,0
14.860574080,1,1
14.861023520,0,1
14.861077120,0,0
14.861523520,1,0
14.861574400,1,1
14.862023520,0,1
14.862076960,0,0
14.862523360,1,0
14.862573760,1,1
14.863023360,0,1
14.863077120,0,0
14.863523360,1,0
14.863577120,1,1
14.864023360,0,1
14.864076960,0,0
14.864523360,1,0
14.864573920,1,1
14.865023360,0,1
14.865077280,0,0
14.865523200,1,0
14.865574080,1,1
14.866023200,0,1
14.866073760,0,0
14.866523200,1,0
14.866574400,1,1
14.867023200,0,1
14.867073440,0,0
14.867523200,1,0
14.867576000,1,1
14.868023200,0,1
14.868074080,0,0
14.868523040,1,0
14.868576160,1,1
14.869023040,0,1
14.869073600,0,0
14.869523040,1,0
14.869576320,1,1
14.870023040,0,1
14.870073760,0,0
14.870523040,1,0
14.870576480,1,1
14.871022880,0,1
14.871073760,0,0
14.871522880,1,0
14.871576320,1,1
14.872022880,0,1
14.872073440,0,0
14.872522880,1,0
14.872576000,1,1
14.873022880,0,1
14.873073440,0,0
14.873522720,1,0
14.873579040,1,1
14.874022720,0,1
14.874073600,0,0
14.874522720,1,0
14.874576000,1,1
14.875022720,0,1
14.875073760,0,0
14.875522720,1,0
14.875576320,1,1
14.876022720,0,1
14.876073280,0,0
14.876522560,1,0
14.876572960,1,1
14.877022560,0,1
14.877073120,0,0
14.877522560,1,0
14.877572800,1,1
14.878022560,0,1
14.878075840,0,0
14.878522560,1,0
14.878573120,1,1
14.879022560,0,1
14.879075520,0,0
14.879522400,1,0
14.879573120,1,1
14.880022400,0,1
14.880075680,0,0
14.880522400,1,0
14.880573120,1,1
14.881022400,0,1
14.881075360,0,0
14.881522400,1,0
14.881572960,1,1
14.882022240,0,1
14.882075200,0,0
14.882522240,1,0
14.882572960,1,1
14.883022240,0,1
14.883076000,0,0
14.883522240,1,0
14.883575520,1,1
14.884022240,0,1
14.884075680,0,0
14.884522080,1,0
14.884572640,1,1
14.885022080,0,1
14.885075680,0,0
14.885522080,1,0
14.885572960,1,1
14.886022080,0,1
14.886075360,0,0
14.886522080,1,0
14.886573120,1,1
14.887022080,0,1
14.887075520,0,0
14.887521920,1,0
14.887572640,1,1
14.888021920,0,1
14.888072640,0,0
14.888521920,1,0
14.888572640,1,1
14.889021920,0,1
14.889072800,0,0
14.889521920,1,0
14.889575040,1,1
14.890021920,0,1
14.890072800,0,0
14.890521760,1,0
14.890574880,1,1
14.891021760,0,1
14.891072640,0,0
14.891521760,1,0
14.891574880,1,1
14.892021760,0,1
14.892072320,0,0
14.892521760,1,0
14.892574720,1,1
14.893021600,0,1
14.893071840,0,0
14.893521600,1,0
14.893577920,1,1
14.894021600,0,1
14.894072160,0,0
14.894521600,1,0
14.894574720,1,1
14.895021600,0,1
14.895072320,0,0
14.895521440,1,0
14.895575200,1,1
14.896021440,0,1
14.896071520,0,0
14.896521440,1,0
14.896574560,1,1
14.897021440,0,1
14.897072000,0,0
14.897521440,1,0
14.897574560,1,1
14.898021440,0,1
14.898071520,0,0
14.898521280,1,0
14.898571680,1,1
14.899021280,0,1
14.899072160,0,0
14.899521280,1,0
14.899572000,1,1
14.900021280,0,1
14.900073920,0,0
14.900521280,1,0
14.900571680,1,1
14.901021280,0,1
14.901074880,0,0
14.901521120,1,0
14.901572160,1,1
14.902021120,0,1
14.902074240,0,0
14.902521120,1,0
14.902571840,1,1
14.903021120,0,1
14.903074400,0,0
14.903521120,1,0
14.903574400,1,1
14.904020960,0,1
14.904074720,0,0
14.904520960,1,0
14.904572320,1,1
14.905020960,0,1
14.905074240,0,0
14.905520960,1,0
14.905571200,1,1
14.906020960,0,1
14.906074400,0,0
14.906520800,1,0
14.906571840,1,1
14.907020800,0,1
14.907074720,0,0
14.907520800,1,0
14.907571520,1,1
14.908020800,0,1
14.908074400,0,0
14.908520800,1,0
14.908571680,1,1
14.909020800,0,1
14.909071200,0,0
14.909520640,1,0
14.909571520,1,1
14.910020640,0,1
14.910071200,0,0
14.910520640,1,0
14.910573600,1,1
14.911020640,0,1
14.911071680,0,0
14.911520640,1,0
14.911573440,1,1
14.912020640,0,1
14.912071040,0,0
14.912520480,1,0
14.912573600,1,1
14.913020480,0,1
14.913071040,0,0
14.913520480,1,0
14.913574240,1,1
14.914020480,0,1
14.914071040,0,0
14.914520320,1,0
14.914573920,1,1
14.915020320,0,1
14.915070880,0,0
14.915520320,1,0
14.915573760,1,1
14.916020320,0,1
14.916070560,0,0
14.916520320,1,0
14.916573760,1,1
14.917020320,0,1
14.917070880,0,0
14.917520160,1,0
14.917573600,1,1
14.918020160,0,1
14.918070880,0,0
14.918520160,1,0
14.918572960,1,1
14.919020160,0,1
14.919070720,0,0
14.919520160,1,0
14.919573600,1,1
14.920020160,0,1
14.920070560,0,0
14.920520000,1,0
14.920570560,1,1
14.921020000,0,1
14.921071040,0,0
14.921520000,1,0
14.921570240,1,1
14.922020000,0,1
14.922073120,0,0
14.922520000,1,0
14.922570880,1,1
14.923020000,0,1
14.923073440,0,0
14.923519840,1,0
14.923572960,1,1
14.924019840,0,1
14.924073600,0,0
14.924519840,1,0
14.924570720,1,1
14.925019840,0,1
14.925072960,0,0
14.925519680,1,0
14.925570560,1,1
14.926019680,0,1
14.926072960,0,0
14.926519680,1,0
14.926570880,1,1
14.927019680,0,1
14.927073280,0,0
14.927519680,1,0
14.927570240,1,1
14.928019680,0,1
14.928073440,0,0
14.928519520,1,0
14.928569920,1,1
14.929019520,0,1
14.929072960,0,0
14.929519520,1,0
14.929570080,1,1
14.930019520,0,1
14.930072640,0,0
14.930519520,1,0
14.930570720,1,1
14.931019520,0,1
14.931070080,0,0
14.931519360,1,0
14.931570400,1,1
14.932019360,0,1
14.932069920,0,0
14.932519360,1,0
14.932572800,1,1
14.933019360,0,1
14.933069600,0,0
14.933519360,1,0
14.933573280,1,1
14.934019200,0,1
14.934070080,0,0
14.934519200,1,0
14.934572320,1,1
14.935019200,0,1
14.935069920,0,0
14.935519200,1,0
14.935572000,1,1
14.936019200,0,1
14.936070080,0,0
14.936519040,1,0
14.936572160,1,1
14.937019040,0,1
14.937069760,0,0
14.937519040,1,0
14.937572480,1,1
14.938019040,0,1
14.938069600,0,0
14.938519040,1,0
14.938572000,1,1
14.939019040,0,1
14.939069760,0,0
14.939518880,1,0
14.939572480,1,1
14.940018880,0,1
14.940069280,0,0
14.940518880,1,0
14.940572160,1,1
14.941018880,0,1
14.941068960,0,0
14.941518880,1,0
14.941569600,1,1
14.942018880,0,1
14.942069600,0,0
14.942518720,1,0
14.942569920,1,1
14.943018720,0,1
14.943072000,0,0
14.943518720,1,0
14.943573120,1,1
14.944018720,0,1
14.944071840,0,0
14.944518720,1,0
14.944569760,1,1
14.945018560,0,1
14.945072000,0,0
14.945518560,1,0
14.945569280,1,1
14.946018560,0,1
14.946072160,0,0
14.946518560,1,0
14.946569280,1,1
14.947018560,0,1
14.947072160,0,0
14.947518400,1,0
14.947569440,1,1
14.948018400,0,1
14.948072160,0,0
14.948518400,1,0
14.948569120,1,1
14.949018400,0,1
14.949071840,0,0
14.949518400,1,0
14.949569440,1,1
14.950018400,0,1
14.950071840,0,0
14.950518240,1,0
14.950569120,1,1
14.951018240,0,1
14.951071840,0,0
14.951518240,1,0
14.951569280,1,1
14.952018240,0,1
14.952072160,0,0
14.952518240,1,0
14.952568960,1,1
14.953018240,0,1
14.953068960,0,0
14.953518080,1,0
14.953571840,1,1
14.954018080,0,1
14.954068480,0,0
14.954518080,1,0
14.954571200,1,1
14.955018080,0,1
14.955068640,0,0
14.955518080,1,0
14.955571200,1,1
14.956017920,0,1
14.956068800,0,0
14.956517920,1,0
14.956571040,1,1
14.957017920,0,1
14.957068800,0,0
14.957517920,1,0
14.957570720,1,1
14.958017920,0,1
14.958068640,0,0
14.958517760,1,0
14.958571040,1,1
14.959017760,0,1
14.959068320,0,0
14.959517760,1,0
14.959570880,1,1
14.960017760,0,1
14.960068160,0,0
14.960517760,1,0
14.960571040,1,1
14.961017760,0,1
14.961068160,0,0
14.961517600,1,0
14.961570880,1,1
14.962017600,0,1
14.962068480,0,0
14.962517600,1,0
14.962570880,1,1
14.963017600,0,1
14.963067680,0,0
14.963517600,1,0
14.963570720,1,1
14.964017600,0,1
14.964068320,0,0
14.964517440,1,0
14.964568320,1,1
14.965017440,0,1
14.965070880,0,0
14.965517440,1,0
14.965568000,1,1
14.966017440,0,1
14.966070720,0,0
14.966517440,1,0
14.966568000,1,1
14.967017280,0,1
14.967070560,0,0
14.967517280,1,0
14.967568000,1,1
14.968017280,0,1
14.968070240,0,0
14.968517280,1,0
14.968567680,1,1
14.969017280,0,1
14.969070560,0,0
14.969517120,1,0
14.969568160,1,1
14.970017120,0,1
14.970071040,0,0
14.970517120,1,0
14.970568000,1,1
14.971017120,0,1
14.971070720,0,0
14.971517120,1,0
14.971567840,1,1
14.972017120,0,1
14.972070560,0,0
14.972516960,1,0
14.972567200,1,1
14.973016960,0,1
14.973070240,0,0
14.973516960,1,0
14.973570560,1,1
14.974016960,0,1
14.974067200,0,0
14.974516960,1,0
14.974568000,1,1
14.975016960,0,1
14.975068000,0,0
14.975516800,1,0
14.975570080,1,1
14.976016800,0,1
14.976067520,0,0
14.976516800,1,0
14.976570240,1,1
14.977016800,0,1
14.977067520,0,0
14.977516800,1,0
14.977569600,1,1
14.978016640,0,1
14.978067520,0,0
14.978516640,1,0
14.978569920,1,1
14.979016640,0,1
14.979067360,0,0
14.979516640,1,0
14.979569920,1,1
14.980016640,0,1
14.980067200,0,0
14.980516480,1,0
14.980569600,1,1
14.981016480,0,1
14.981067520,0,0
14.981516480,1,0
14.981570080,1,1
14.982016480,0,1
14.982066720,0,0
14.982516480,1,0
14.982569600,1,1
14.983016480,0,1
14.983066880,0,0
14.983516320,1,0
14.983570880,1,1
14.984016320,0,1
14.984066880,0,0
14.984516320,1,0
14.984570080,1,1
14.985016320,0,1
14.985066880,0,0
14.985516320,1,0
14.985567520,1,1
14.986016320,0,1
14.986067200,0,0
14.986516160,1,0
14.986567040,1,1
14.987016160,0,1
14.987069280,0,0
14.987516160,1,0
14.987567040,1,1
14.988016160,0,1
14.988069440,0,0
14.988516160,1,0
14.988566880,1,1
14.989016000,0,1
14.989069280,0,0
14.989516000,1,0
14.989566880,1,1
14.990016000,0,1
14.990068960,0,0
14.990516000,1,0
14.990566880,1,1
14.991016000,0,1
14.991069760,0,0
14.991515840,1,0
14.991566560,1,1
14.992015840,0,1
14.992069280,0,0
14.992515840,1,0
14.992566560,1,1
14.993015840,0,1
14.993068800,0,0
14.993515840,1,0
14.993570080,1,1
14.994015840,0,1
14.994069600,0,0
14.994515680,1,0
14.994566560,1,1
14.995015680,0,1
14.995068800,0,0
14.995515680,1,0
14.995571680,1,1
14.996015680,0,1
14.996066720,0,0
14.996515680,1,0
14.996566720,1,1
14.997015680,0,1
14.997067040,0,0
14.997515520,1,0
14.997568640,1,1
14.998015520,0,1
14.998066080,0,0
14.998515520,1,0
14.998568480,1,1
14.999015520,0,1
14.999066080,0,0
14.999515520,1,0
14.999568800,1,1
15.000015360,0,1
15.000065440,0,0
15.000515360,1,0
15.000569120,1,1
15.001015360,0,1
15.001066080,0,0
15.001515360,1,0
15.001568640,1,1
15.002015360,0,1
15.002065920,0,0
15.002515200,1,0
15.002568640,1,1
15.003015200,0,1
15.003066080,0,0
15.003515200,1,0
15.003573920,1,1
15.004015200,0,1
15.004065760,0,0
15.004515200,1,0
15.004568160,1,1
15.005015200,0,1
15.005066080,0,0
15.005515040,1,0
15.005570720,1,1
15.006015040,0,1
15.006065920,0,0
15.006515040,1,0
15.006566240,1,1
15.007015040,0,1
15.007065600,0,0
15.007515040,1,0
15.007565440,1,1
15.008015040,0,1
15.008068800,0,0
15.008514880,1,0
15.008565760,1,1
15.009014880,0,1
15.009068000,0,0
15.009514880,1,0
15.009565920,1,1
15.010014880,0,1
15.010068160,0,0
15.010514720,1,0
15.010565920,1,1
15.011014720,0,1
15.011068160,0,0
15.011514720,1,0
15.011565440,1,1
15.012014720,0,1
15.012068320,0,0
15.012514720,1,0
15.012565920,1,1
15.013014720,0,1
15.013068640,0,0
15.013514560,1,0
15.013570400,1,1
15.014014560,0,1
15.014068320,0,0
15.014514560,1,0
15.014565600,1,1
15.015014560,0,1
15.015068320,0,0
15.015514560,1,0
15.015565120,1,1
15.016014560,0,1
15.016068160,0,0
15.016514400,1,0
15.016565120,1,1
15.017014400,0,1
15.017067680,0,0
15.017514400,1,0
15.017565280,1,1
15.018014400,0,1
15.018065120,0,0
15.018514400,1,0
15.018565440,1,1
15.019014400,0,1
15.019064960,0,0
15.019514240,1,0
15.019567520,1,1
15.020014240,0,1
15.020065280,0,0
15.020514240,1,0
15.020567520,1,1
15.021014240,0,1
15.021064640,0,0
15.021514080,1,0
15.021567360,1,1
15.022014080,0,1
15.022065280,0,0
15.022514080,1,0
15.022567680,1,1
15.023014080,0,1
15.023064960,0,0
15.023514080,1,0
15.023571040,1,1
15.024014080,0,1
15.024064800,0,0
15.024513920,1,0
15.024567520,1,1
15.025013920,0,1
15.025065120,0,0
15.025513920,1,0
15.025567360,1,1
15.026013920,0,1
15.026064480,0,0
15.026513920,1,0
15.026567520,1,1
15.027013920,0,1
15.027064640,0,0
15.027513760,1,0
15.027567040,1,1
15.028013760,0,1
15.028064640,0,0
15.028513760,1,0
15.028564640,1,1
15.029013760,0,1
15.029064800,0,0
15.029513760,1,0
15.029564000,1,1
15.030013600,0,1
15.030066720,0,0
15.030513600,1,0
15.030564480,1,1
15.031013600,0,1
15.031066880,0,0
15.031513600,1,0
15.031564320,1,1
15.032013600,0,1
15.032066720,0,0
15.032513440,1,0
15.032564320,1,1
15.033013440,0,1
15.033067040,0,0
15.033513440,1,0
15.033566720,1,1
15.034013440,0,1
15.034062400,0,0
15.034513440,1,0
15.034560000,1,1
15.035013440,0,1
15.035062400,0,0
15.035513280,1,0
15.035560000,1,1
15.036013280,0,1
15.036062400,0,0
15.036513280,1,0
15.036560000,1,1
15.037013280,0,1
15.037062240,0,0
15.037513280,1,0
15.037559840,1,1
15.038013280,0,1
15.038062240,0,0
15.038513120,1,0
15.038559360,1,1
15.039013120,0,1
15.039059520,0,0
15.039513120,1,0
15.039834080,1,1
15.040013120,0,1
15.040065760,0,0
15.040513120,1,0
15.040562240,1,1
15.041012960,0,1
15.041068640,0,0
15.041512960,1,0
15.041562720,1,1
15.042012960,0,1
15.042068800,0,0
15.042512960,1,0
15.042562720,1,1
15.043012960,0,1
15.043163360,0,0
15.043512800,1,0
15.043573120,1,1
15.044012800,0,1
15.044066240,0,0
15.044512800,1,0
15.044571360,1,1
15.045012800,0,1
15.045065120,0,0
15.045512800,1,0
15.045572640,1,1
15.046012800,0,1
15.046065760,0,0
15.046512640,1,0
15.046572960,1,1
15.047012640,0,1
15.047065440,0,0
15.047512640,1,0
15.047675520,1,1
15.048012640,0,1
15.048065920,0,0
15.048512640,1,0
15.048567680,1,1
15.049012640,0,1
15.049068000,0,0
15.049512480,1,0
15.049568320,1,1
15.050012480,0,1
15.050071520,0,0
15.050512480,1,0
15.050564800,1,1
15.051012480,0,1
15.051071840,0,0
15.051512480,1,0
15.051564480,1,1
15.052012320,0,1
15.052204160,0,0
15.052512320,1,0
15.052565120,1,1
15.053012320,0,1
15.053067520,0,0
15.053512320,1,0
15.053572000,1,1
15.054012320,0,1
15.054067520,0,0
15.054512160,1,0
15.054564160,1,1
15.055012160,0,1
15.055066560,0,0
15.055512160,1,0
15.055653760,1,1
15.056012160,0,1
15.056068480,0,0
15.056512160,1,0
15.056564320,1,1
15.057012160,0,1
15.057066880,0,0
15.057512000,1,0
15.057564640,1,1
15.058012000,0,1
15.058074400,0,0
15.058512000,1,0
15.058564480,1,1
15.059012000,0,1
15.059073440,0,0
15.059512000,1,0
15.059564480,1,1
15.060012000,0,1
15.060075040,0,0
15.060511840,1,0
15.060566880,1,1
15.061011840,0,1
15.061064480,0,0
15.061511840,1,0
15.061570400,1,1
15.062011840,0,1
15.062064160,0,0
15.062511840,1,0
15.062571840,1,1
15.063011680,0,1
15.063064320,0,0
15.063511680,1,0
15.063666560,1,1
15.064011680,0,1
15.064064320,0,0
15.064511680,1,0
15.064575200,1,1
15.065011680,0,1
15.065066080,0,0
15.065511520,1,0
15.065566880,1,1
15.066011520,0,1
15.066070240,0,0
15.066511520,1,0
15.066566400,1,1
15.067011520,0,1
15.067070880,0,0
15.067511520,1,0
15.067566400,1,1
15.068011520,0,1
15.068152320,0,0
15.068511360,1,0
15.068567520,1,1
15.069011360,0,1
15.069072960,0,0
15.069511360,1,0
15.069569120,1,1
15.070011360,0,1
15.070063360,0,0
15.070511360,1,0
15.070572640,1,1
15.071011360,0,1
15.071064160,0,0
15.071511200,1,0
15.071569760,1,1
15.072011200,0,1
15.072063840,0,0
15.072511200,1,0
15.072677440,1,1
15.073011200,0,1
15.073064640,0,0
15.073511200,1,0
15.073567520,1,1
15.074011040,0,1
15.074068640,0,0
15.074511040,1,0
15.074563520,1,1
15.075011040,0,1
15.075069920,0,0
15.075511040,1,0
15.075563520,1,1
15.076011040,0,1
15.076119040,0,0
15.076510880,1,0
15.076564160,1,1
15.077010880,0,1
15.077223520,0,0
15.077510880,1,0
15.077564000,1,1
15.078010880,0,1
15.078066240,0,0
15.078510880,1,0
15.078568800,1,1
15.079010880,0,1
15.079066240,0,0
15.079510720,1,0
15.079569600,1,1
15.080010720,0,1
15.080066400,0,0
15.080510720,1,0
15.080617600,1,1
15.081010720,0,1
15.081066880,0,0
15.081510720,1,0
15.081720160,1,1
15.082010720,0,1
15.082067200,0,0
15.082510560,1,0
15.082562880,1,1
15.083010560,0,1
15.083068640,0,0
15.083510560,1,0
15.083566560,1,1
15.084010560,0,1
15.084069440,0,0
15.084510560,1,0
15.084566080,1,1
15.085010400,0,1
15.085154560,0,0
15.085510400,1,0
15.085566720,1,1
15.086010400,0,1
15.086072160,0,0
15.086510400,1,0
15.086565760,1,1
15.087010400,0,1
15.087062560,0,0
15.087510240,1,0
15.087569280,1,1
15.088010240,0,1
15.088062720,0,0
15.088510240,1,0
15.088569760,1,1
15.089010240,0,1
15.089063040,0,0
15.089510240,1,0
15.089669120,1,1
15.090010240,0,1
15.090063200,0,0
15.090510080,1,0
15.090565440,1,1
15.091010080,0,1
15.091065760,0,0
15.091510080,1,0
15.091565440,1,1
15.092010080,0,1
15.092068800,0,0
15.092510080,1,0
15.092565120,1,1
15.093010080,0,1
15.093068640,0,0
15.093509920,1,0
15.093566560,1,1
15.094009920,0,1
15.094193920,0,0
15.094509920,1,0
15.094562880,1,1
15.095009920,0,1
15.095064640,0,0
15.095509920,1,0
15.095565760,1,1
15.096009760,0,1
15.096064800,0,0
15.096509760,1,0
15.096568480,1,1
15.097009760,0,1
15.097064960,0,0
15.097509760,1,0
15.097583040,1,1
15.098009760,0,1
15.098064960,0,0
15.098509600,1,0
15.098722720,1,1
15.099009600,0,1
15.099066080,0,0
15.099509600,1,0
15.099562080,1,1
15.100009600,0,1
15.100070080,0,0
15.100509600,1,0
15.100562240,1,1
15.101009600,0,1
15.101068800,0,0
15.101509440,1,0
15.101562560,1,1
15.102009440,0,1
15.102161120,0,0
15.102509440,1,0
15.102562880,1,1
15.103009440,0,1
15.103074880,0,0
15.103509440,1,0
15.103569280,1,1
15.104009440,0,1
15.104061600,0,0
15.104509280,1,0
15.104568640,1,1
15.105009280,0,1
15.105061920,0,0
15.105509280,1,0
15.105569120,1,1
15.106009280,0,1
15.106061760,0,0
15.106509280,1,0
15.106681760,1,1
15.107009120,0,1
15.107062080,0,0
15.107509120,1,0
15.107564000,1,1
15.108009120,0,1
15.108064480,0,0
15.108509120,1,0
15.108564000,1,1
15.109009120,0,1
15.109068320,0,0
15.109508960,1,0
15.109564160,1,1
15.110008960,0,1
15.110070080,0,0
15.110508960,1,0
15.110563680,1,1
15.111008960,0,1
15.111198880,0,0
15.111508960,1,0
15.111564800,1,1
15.112008960,0,1
15.112061280,0,0
15.112508800,1,0
15.112568160,1,1
15.113008800,0,1
15.113061440,0,0
15.113508800,1,0
15.113566240,1,1
15.114008800,0,1
15.114057120,0,0
15.114508800,1,0
15.114654080,1,1
15.115008800,0,1
15.115057760,0,0
15.115508640,1,0
15.115566240,1,1
15.116008640,0,1
15.116058720,0,0
15.116508640,1,0
15.116556320,1,1
15.117008640,0,1
15.117062560,0,0
15.117508640,1,0
15.117556320,1,1
15.118008480,0,1
15.118063680,0,0
15.118508480,1,0
15.118556640,1,1
15.119008480,0,1
15.119170240,0,0
15.119508480,1,0
15.119557120,1,1
15.120008480,0,1
15.120059040,0,0
15.120508320,1,0
15.120558560,1,1
15.121008320,0,1
15.121059040,0,0
15.121508320,1,0
15.121562560,1,1
15.122008320,0,1
15.122059360,0,0
15.122508320,1,0
15.122563040,1,1
15.123008320,0,1
15.123058880,0,0
15.123508160,1,0
15.123714880,1,1
15.124008160,0,1
15.124064000,0,0
15.124508160,1,0
15.124559040,1,1
15.125008160,0,1
15.125065600,0,0
15.125508160,1,0
15.125558400,1,1
15.126008160,0,1
15.126065440,0,0
15.126508000,1,0
15.126558080,1,1
15.127008000,0,1
15.127068640,0,0
15.127508000,1,0
15.127561600,1,1
15.128008000,0,1
15.128196960,0,0
15.128507840,1,0
15.128559680,1,1
15.129007840,0,1
15.129058080,0,0
15.129507840,1,0
15.129562080,1,1
15.130007840,0,1
15.130058560,0,0
15.130507840,1,0
15.130565280,1,1
15.131007840,0,1
15.131057920,0,0
15.131507680,1,0
15.131566400,1,1
15.132007680,0,1
15.132058240,0,0
15.132507680,1,0
15.132707520,1,1
15.133007680,0,1
15.133059040,0,0
15.133507680,1,0
15.133565920,1,1
15.134007680,0,1
15.134063520,0,0
15.134507520,1,0
15.134560800,1,1
15.135007520,0,1
15.135065120,0,0
15.135507520,1,0
15.135560800,1,1
15.136007520,0,1
15.136105920,0,0
15.136507520,1,0
15.136558560,1,1
15.137007520,0,1
15.137212640,0,0
15.137507360,1,0
15.137558720,1,1
15.138007360,0,1
15.138060640,0,0
15.138507360,1,0
15.138563680,1,1
15.139007360,0,1
15.139060000,0,0
15.139507200,1,0
15.139564480,1,1
15.140007200,0,1
15.140060480,0,0
15.140507200,1,0
15.140618400,1,1
15.141007200,0,1
15.141061280,0,0
15.141507200,1,0
15.141564000,1,1
15.142007200,0,1
15.142062880,0,0
15.142507040,1,0
15.142557600,1,1
15.143007040,0,1
15.143063680,0,0
15.143507040,1,0
15.143561120,1,1
15.144007040,0,1
15.144065600,0,0
15.144507040,1,0
15.144557920,1,1
15.145007040,0,1
15.145143840,0,0
15.145506880,1,0
15.145557920,1,1
15.146006880,0,1
15.146068640,0,0
15.146506880,1,0
15.146559840,1,1
15.147006880,0,1
15.147057440,0,0
15.147506880,1,0
15.147563680,1,1
15.148006720,0,1
15.148057440,0,0
15.148506720,1,0
15.148565280,1,1
15.149006720,0,1
15.149057440,0,0
15.149506720,1,0
15.149652800,1,1
15.150006720,0,1
15.150057920,0,0
15.150506560,1,0
15.150567520,1,1
15.151006560,0,1
15.151059680,0,0
15.151506560,1,0
15.151559200,1,1
15.152006560,0,1
15.152062880,0,0
15.152506560,1,0
15.152559520,1,1
15.153006560,0,1
15.153064000,0,0
15.153506400,1,0
15.153563040,1,1
15.154006400,0,1
15.154170080,0,0
15.154506400,1,0
15.154560320,1,1
15.155006400,0,1
15.155056800,0,0
15.155506400,1,0
15.155562080,1,1
15.156006400,0,1
15.156057600,0,0
15.156506240,1,0
15.156566560,1,1
15.157006240,0,1
15.157056960,0,0
15.157506240,1,0
15.157566400,1,1
15.158006240,0,1
15.158056960,0,0
15.158506240,1,0
15.158685280,1,1
15.159006080,0,1
15.159057280,0,0
15.159506080,1,0
15.159556320,1,1
15.160006080,0,1
15.160060000,0,0
15.160506080,1,0
15.160556160,1,1
15.161006080,0,1
15.161063200,0,0
15.161505920,1,0
15.161556800,1,1
15.162005920,0,1
15.162066880,0,0
15.162505920,1,0
15.162556320,1,1
15.163005920,0,1
15.163195680,0,0
15.163505920,1,0
15.163560640,1,1
15.164005920,0,1
15.164059360,0,0
15.164505760,1,0
15.164559840,1,1
15.165005760,0,1
15.165059040,0,0
15.165505760,1,0
15.165562880,1,1
15.166005760,0,1
15.166059040,0,0
15.166505760,1,0
15.166580800,1,1
15.167005760,0,1
15.167059200,0,0
15.167505600,1,0
15.167704640,1,1
15.168005600,0,1
15.168059840,0,0
15.168505600,1,0
15.168555520,1,1
15.169005600,0,1
15.169061600,0,0
15.169505600,1,0
15.169556320,1,1
15.170005440,0,1
15.170062880,0,0
15.170505440,1,0
15.170559040,1,1
15.171005440,0,1
15.171205920,0,0
15.171505440,1,0
15.171559360,1,1
15.172005440,0,1
15.172064320,0,0
15.172505280,1,0
15.172562080,1,1
15.173005280,0,1
15.173057920,0,0
15.173505280,1,0
15.173566240,1,1
15.174005280,0,1
15.174057440,0,0
15.174505280,1,0
15.174566240,1,1
15.175005280,0,1
15.175057440,0,0
15.175505120,1,0
15.175698240,1,1
15.176005120,0,1
15.176057920,0,0
15.176505120,1,0
15.176559520,1,1
15.177005120,0,1
15.177061760,0,0
15.177505120,1,0
15.177559680,1,1
15.178005120,0,1
15.178064160,0,0
15.178504960,1,0
15.178560000,1,1
15.179004960,0,1
15.179078240,0,0
15.179504960,1,0
15.179557120,1,1
15.180004960,0,1
15.180200800,0,0
15.180504960,1,0
15.180557760,1,1
15.181004800,0,1
15.181059840,0,0
15.181504800,1,0
15.181561280,1,1
15.182004800,0,1
15.182058240,0,0
15.182504800,1,0
15.182563040,1,1
15.183004800,0,1
15.183058080,0,0
15.183504640,1,0
15.183612640,1,1
15.184004640,0,1
15.184058720,0,0
15.184504640,1,0
15.184709920,1,1
15.185004640,0,1
15.185058560,0,0
15.185504640,1,0
15.185555360,1,1
15.186004640,0,1
15.186061120,0,0
15.186504480,1,0
15.186555520,1,1
15.187004480,0,1
15.187061920,0,0
15.187504480,1,0
15.187555680,1,1
15.188004480,0,1
15.188117600,0,0
15.188504480,1,0
15.188556320,1,1
15.189004480,0,1
15.189219840,0,0
15.189504320,1,0
15.189556480,1,1
15.190004320,0,1
15.190057600,0,0
15.190504320,1,0
15.190560960,1,1
15.191004320,0,1
15.191054720,0,0
15.191504320,1,0
15.191561120,1,1
15.192004160,0,1
15.192055200,0,0
15.192504160,1,0
15.192628640,1,1
15.193004160,0,1
15.193056160,0,0
15.193504160,1,0
15.193569280,1,1
15.194004160,0,1
15.194058080,0,0
15.194504000,1,0
15.194557280,1,1
15.195004000,0,1
15.195061120,0,0
15.195504000,1,0
15.195557600,1,1
15.196004000,0,1
15.196061440,0,0
15.196504000,1,0
15.196557280,1,1
15.197004000,0,1
15.197132000,0,0
15.197503840,1,0
15.197558240,1,1
15.198003840,0,1
15.198061600,0,0
15.198503840,1,0
15.198559840,1,1
15.199003840,0,1
15.199054720,0,0
15.199503840,1,0
15.199562720,1,1
15.200003840,0,1
15.200054880,0,0
15.200503680,1,0
15.200564000,1,1
15.201003680,0,1
15.201054560,0,0
15.201503680,1,0
15.201636800,1,1
15.202003680,0,1
15.202055360,0,0
15.202503680,1,0
15.202561760,1,1
15.203003520,0,1
15.203057120,0,0
15.203503520,1,0
15.203557760,1,1
15.204003520,0,1
15.204060640,0,0
15.204503520,1,0
15.204554080,1,1
15.205003520,0,1
15.205101600,0,0
15.205503360,1,0
15.205555040,1,1
15.206003360,0,1
15.206207360,0,0
15.206503360,1,0
15.206554880,1,1
15.207003360,0,1
15.207056320,0,0
15.207503360,1,0
15.207559520,1,1
15.208003360,0,1
15.208057120,0,0
15.208503200,1,0
15.208561280,1,1
15.209003200,0,1
15.209056960,0,0
15.209503200,1,0
15.209608000,1,1
15.210003200,0,1
15.210057440,0,0
15.210503200,1,0
15.210711520,1,1
15.211003200,0,1
15.211057600,0,0
15.211503040,1,0
15.211553920,1,1
15.212003040,0,1
15.212059360,0,0
15.212503040,1,0
15.212554080,1,1
15.213003040,0,1
15.213060640,0,0
15.213503040,1,0
15.213555840,1,1
15.214002880,0,1
15.214142240,0,0
15.214502880,1,0
15.214554720,1,1
15.215002880,0,1
15.215061280,0,0
15.215502880,1,0
15.215556320,1,1
15.216002880,0,1
15.216053440,0,0
15.216502720,1,0
15.216560000,1,1
15.217002720,0,1
15.217053760,0,0
15.217502720,1,0
15.217560960,1,1
15.218002720,0,1
15.218053280,0,0
15.218502720,1,0
15.218640960,1,1
15.219002720,0,1
15.219053920,0,0
15.219502560,1,0
15.219563840,1,1
15.220002560,0,1
15.220055680,0,0
15.220502560,1,0
15.220555360,1,1
15.221002560,0,1
15.221059680,0,0
15.221502560,1,0
15.221556160,1,1
15.222002560,0,1
15.222060160,0,0
15.222502400,1,0
15.222556640,1,1
15.223002400,0,1
15.223137760,0,0
15.223502400,1,0
15.223559040,1,1
15.224002400,0,1
15.224061120,0,0
15.224502400,1,0
15.224555520,1,1
15.225002240,0,1
15.225056000,0,0
15.225502240,1,0
15.225558400,1,1
15.226002240,0,1
15.226055360,0,0
15.226502240,1,0
15.226559840,1,1
15.227002240,0,1
15.227055520,0,0
15.227502080,1,0
15.227642240,1,1
15.228002080,0,1
15.228056480,0,0
15.228502080,1,0
15.228560800,1,1
15.229002080,0,1
15.229057760,0,0
15.229502080,1,0
15.229552960,1,1
15.230002080,0,1
15.230058720,0,0
15.230501920,1,0
15.230552640,1,1
15.231001920,0,1
15.231060320,0,0
15.231501920,1,0
15.231552800,1,1
15.232001920,0,1
15.232148640,0,0
15.232501920,1,0
15.232553440,1,1
15.233001920,0,1
15.233064160,0,0
15.233501760,1,0
15.233559360,1,1
15.234001760,0,1
15.234052640,0,0
15.234501760,1,0
15.234558240,1,1
15.235001760,0,1
15.235052320,0,0
15.235501760,1,0
15.235560640,1,1
15.236001600,0,1
15.236052160,0,0
15.236501600,1,0
15.236665120,1,1
15.237001600,0,1
15.237053440,0,0
15.237501600,1,0
15.237554880,1,1
15.238001600,0,1
15.238054240,0,0
15.238501440,1,0
15.238554560,1,1
15.239001440,0,1
15.239058400,0,0
15.239501440,1,0
15.239555360,1,1
15.240001440,0,1
15.240059200,0,0
15.240501440,1,0
15.240555360,1,1
15.241001440,0,1
15.241162720,0,0
15.241501280,1,0
15.241555520,1,1
15.242001280,0,1
15.242052000,0,0
15.242501280,1,0
15.242556480,1,1
15.243001280,0,1
15.243052480,0,0
15.243501280,1,0
15.243562080,1,1
15.244001280,0,1
15.244051680,0,0
15.244501120,1,0
15.244580160,1,1
15.245001120,0,1
15.245052480,0,0
15.245501120,1,0
15.245699680,1,1
15.246001120,0,1
15.246052960,0,0
15.246501120,1,0
15.246551200,1,1
15.247000960,0,1
15.247056480,0,0
15.247500960,1,0
15.247552000,1,1
15.248000960,0,1
15.248057920,0,0
15.248500960,1,0
15.248551520,1,1
15.249000960,0,1
15.249080320,0,0
15.249500800,1,0
15.249552320,1,1
15.250000800,0,1
15.250203040,0,0
15.250500800,1,0
15.250552480,1,1
15.251000800,0,1
15.251054720,0,0
15.251500800,1,0
15.251556320,1,1
15.252000800,0,1
15.252054720,0,0
15.252500640,1,0
15.252558400,1,1
15.253000640,0,1
15.253054080,0,0
15.253500640,1,0
15.253600800,1,1
15.254000640,0,1
15.254054400,0,0
15.254500640,1,0
15.254705600,1,1
15.255000640,0,1
15.255055360,0,0
15.255500480,1,0
15.255551360,1,1
15.256000480,0,1
15.256056320,0,0
15.256500480,1,0
15.256551200,1,1
15.257000480,0,1
15.257058240,0,0
15.257500480,1,0
15.257553600,1,1
15.258000320,0,1
15.258101440,0,0
15.258500320,1,0
15.258554080,1,1
15.259000320,0,1
15.259205120,0,0
15.259500320,1,0
15.259552640,1,1
15.260000320,0,1
15.260050560,0,0
15.260500160,1,0
15.260556480,1,1
15.261000160,0,1
15.261051200,0,0
15.261500160,1,0
15.261557440,1,1
15.262000160,0,1
15.262051040,0,0
15.262500160,1,0
15.262606400,1,1
15.263000160,0,1
15.263051680,0,0
15.263500000,1,0
15.263714880,1,1
15.264000000,0,1
15.264052160,0,0
15.264500000,1,0
15.264553280,1,1
15.265000000,0,1
15.265056960,0,0
15.265500000,1,0
15.265553440,1,1
15.266000000,0,1
15.266057760,0,0
15.266499840,1,0
15.266550880,1,1
15.266999840,0,1
15.267105440,0,0
15.267499840,1,0
15.267551040,1,1
15.267999840,0,1
15.268212000,0,0
15.268499840,1,0
15.268550880,1,1
15.268999680,0,1
15.269053440,0,0
15.269499680,1,0
15.269556160,1,1
15.269999680,0,1
15.270053760,0,0
15.270499680,1,0
15.270557920,1,1
15.270999680,0,1
15.271053120,0,0
15.271499520,1,0
15.271605280,1,1
15.271999520,0,1
15.272053920,0,0
15.272499520,1,0
15.272556320,1,1
15.272999520,0,1
15.273055200,0,0
15.273499520,1,0
15.273553760,1,1
15.273999520,0,1
15.274058880,0,0
15.274499360,1,0
15.274550400,1,1
15.274999360,0,1
15.275059680,0,0
15.275499360,1,0
15.275550400,1,1
15.275999360,0,1
15.276123840,0,0
15.276499360,1,0
15.276550560,1,1
15.276999360,0,1
15.277055840,0,0
15.277499200,1,0
15.277552640,1,1
15.277999200,0,1
15.278049600,0,0
15.278499200,1,0
15.278556960,1,1
15.278999200,0,1
15.279049600,0,0
15.279499200,1,0
15.279558240,1,1
15.279999040,0,1
15.280050400,0,0
15.280499040,1,0
15.280669280,1,1
15.280999040,0,1
15.281051360,0,0
15.281499040,1,0
15.281552160,1,1
15.281999040,0,1
15.282051840,0,0
15.282498880,1,0
15.282552480,1,1
15.282998880,0,1
15.283056320,0,0
15.283498880,1,0
15.283552160,1,1
15.283998880,0,1
15.284056480,0,0
15.284498880,1,0
15.284551840,1,1
15.284998880,0,1
15.285167200,0,0
15.285498720,1,0
15.285552000,1,1
15.285998720,0,1
15.286048320,0,0
15.286498720,1,0
15.286553760,1,1
15.286998720,0,1
15.287048160,0,0
15.287498720,1,0
15.287558400,1,1
15.287998720,0,1
15.288048640,0,0
15.288498560,1,0
15.288559520,1,1
15.288998560,0,1
15.289058400,0,0
15.289498560,1,0
15.289704160,1,1
15.289998560,0,1
15.290050880,0,0
15.290498560,1,0
15.290549120,1,1
15.290998400,0,1
15.291052960,0,0
15.291498400,1,0
15.291549120,1,1
15.291998400,0,1
15.292055520,0,0
15.292498400,1,0
15.292548640,1,1
15.292998400,0,1
15.293057920,0,0
15.293498240,1,0
15.293555360,1,1
15.293998240,0,1
15.294193440,0,0
15.294498240,1,0
15.294549600,1,1
15.294998240,0,1
15.295051200,0,0
15.295498240,1,0
15.295552640,1,1
15.295998240,0,1
15.296051520,0,0
15.296498080,1,0
15.296555360,1,1
15.296998080,0,1
15.297051840,0,0
15.297498080,1,0
15.297554560,1,1
15.297998080,0,1
15.298051200,0,0
15.298498080,1,0
15.298703200,1,1
15.298998080,0,1
15.299048960,0,0
15.299497920,1,0
15.299548800,1,1
15.299997920,0,1
15.300054400,0,0
15.300497920,1,0
15.300550880,1,1
15.300997920,0,1
15.301055200,0,0
15.301497920,1,0
15.301550720,1,1
15.301997760,0,1
15.302098080,0,0
15.302497760,1,0
15.302552000,1,1
15.302997760,0,1
15.303209280,0,0
15.303497760,1,0
15.303555200,1,1
15.303997760,0,1
15.304047200,0,0
15.304497600,1,0
15.304554080,1,1
15.304997600,0,1
15.305047360,0,0
15.305497600,1,0
15.305554080,1,1
15.305997600,0,1
15.306046880,0,0
15.306497600,1,0
15.306637440,1,1
15.306997600,0,1
15.307065600,0,0
15.307497440,1,0
15.307560480,1,1
15.307997440,0,1
15.308052480,0,0
15.308497440,1,0
15.308550880,1,1
15.308997440,0,1
15.309053920,0,0
15.309497440,1,0
15.309548000,1,1
15.309997440,0,1
15.310054560,0,0
15.310497280,1,0
15.310548000,1,1
15.310997280,0,1
15.311143200,0,0
15.311497280,1,0
15.311548000,1,1
15.311997280,0,1
15.312058240,0,0
15.312497280,1,0
15.312549760,1,1
15.312997120,0,1
15.313050400,0,0
15.313497120,1,0
15.313556480,1,1
15.313997120,0,1
15.314050880,0,0
15.314497120,1,0
15.314554080,1,1
15.314997120,0,1
15.315050720,0,0
15.315496960,1,0
15.315708640,1,1
15.315996960,0,1
15.316051680,0,0
15.316496960,1,0
15.316547360,1,1
15.316996960,0,1
15.317056640,0,0
15.317496960,1,0
15.317547680,1,1
15.317996960,0,1
15.318055360,0,0
15.318496800,1,0
15.318547200,1,1
15.318996800,0,1
15.319125920,0,0
15.319496800,1,0
15.319548960,1,1
15.319996800,0,1
15.320057760,0,0
15.320496800,1,0
15.320549760,1,1
15.320996800,0,1
15.321047040,0,0
15.321496640,1,0
15.321554080,1,1
15.321996640,0,1
15.322047200,0,0
15.322496640,1,0
15.322554560,1,1
15.322996640,0,1
15.323047520,0,0
15.323496480,1,0
15.323640640,1,1
15.323996480,0,1
15.324047200,0,0
15.324496480,1,0
15.324560800,1,1
15.324996480,0,1
15.325053280,0,0
15.325496480,1,0
15.325563040,1,1
15.325996480,0,1
15.326058880,0,0
15.326496320,1,0
15.326550880,1,1
15.326996320,0,1
15.327046560,0,0
15.327496320,1,0
15.327549600,1,1
15.327996320,0,1
15.328046560,0,0
15.328496320,1,0
15.328548640,1,1
15.328996320,0,1
15.329046720,0,0
15.329496160,1,0
15.329557600,1,1
15.329996160,0,1
15.330048480,0,0
15.330496160,1,0
15.330550080,1,1
15.330996160,0,1
15.331047520,0,0
15.331496160,1,0
15.331547040,1,1
15.331996160,0,1
15.332047520,0,0
15.332496000,1,0
15.332547040,1,1
15.332996000,0,1
15.333049920,0,0
15.333496000,1,0
15.333555040,1,1
15.333996000,0,1
15.334049600,0,0
15.334495840,1,0
15.334546720,1,1
15.334995840,0,1
15.335052960,0,0
15.335495840,1,0
15.335546240,1,1
15.335995840,0,1
15.336049120,0,0
15.336495840,1,0
15.336546240,1,1
15.336995840,0,1
15.337048960,0,0
15.337495680,1,0
15.337545440,1,1
15.337995680,0,1
15.338048640,0,0
15.338495680,1,0
15.338545280,1,1
15.338995680,0,1
15.339048640,0,0
15.339495680,1,0
15.339545760,1,1
15.339995680,0,1
15.340048640,0,0
15.340495520,1,0
15.340545760,1,1
15.340995520,0,1
15.341048480,0,0
15.341495520,1,0
15.341545120,1,1
15.341995520,0,1
15.342045600,0,0
15.342495520,1,0
15.342545600,1,1
15.342995360,0,1
15.343045760,0,0
15.343495360,1,0
15.343551680,1,1
15.343995360,0,1
15.344044960,0,0
15.344495360,1,0
15.344547360,1,1
15.344995360,0,1
15.345044640,0,0
15.345495200,1,0
15.345547200,1,1
15.345995200,0,1
15.346044160,0,0
15.346495200,1,0
15.346546880,1,1
15.346995200,0,1
15.347105280,0,0
15.347495200,1,0
15.347565760,1,1
15.347995200,0,1
15.348078080,0,0
15.348495040,1,0
15.348565440,1,1
15.348995040,0,1
15.349047840,0,0
15.349495040,1,0
15.349549280,1,1
15.349995040,0,1
15.350046400,0,0
15.350495040,1,0
15.350549280,1,1
15.350995040,0,1
15.351046080,0,0
15.351494880,1,0
15.351549120,1,1
15.351994880,0,1
15.352045920,0,0
15.352494880,1,0
15.352549120,1,1
15.352994880,0,1
15.353045600,0,0
15.353494880,1,0
15.353555360,1,1
15.353994720,0,1
15.354041280,0,0
15.354494720,1,0
15.354541120,1,1
15.354994720,0,1
15.355043680,0,0
15.355494720,1,0
15.355540960,1,1
15.355994720,0,1
15.356043680,0,0
15.356494560,1,0
15.356540960,1,1
15.356994560,0,1
15.357043360,0,0
15.357494560,1,0
15.357541280,1,1
15.357994560,0,1
15.358043680,0,0
15.358494560,1,0
15.358540640,1,1
15.358994560,0,1
15.359043360,0,0
15.359494400,1,0
15.359540800,1,1
15.359994400,0,1
15.360043840,0,0
15.360494400,1,0
15.360541280,1,1
15.360994400,0,1
15.361043680,0,0
15.361494400,1,0
15.361540800,1,1
15.361994400,0,1
15.362043360,0,0
15.362494240,1,0
15.362540800,1,1
15.362994240,0,1
15.363043520,0,0
15.363494240,1,0
15.363549440,1,1
15.363994240,0,1
15.364045600,0,0
15.364494240,1,0
15.364545920,1,1
15.364994080,0,1
15.365044960,0,0
15.365494080,1,0
15.365547680,1,1
15.365994080,0,1
15.366044960,0,0
15.366494080,1,0
15.366547520,1,1
15.366994080,0,1
15.367044960,0,0
15.367493920,1,0
15.367547680,1,1
15.367993920,0,1
15.368045440,0,0
15.368493920,1,0
15.368547040,1,1
15.368993920,0,1
15.369045440,0,0
15.369493920,1,0
15.369547520,1,1
15.369993920,0,1
15.370044480,0,0
15.370493760,1,0
15.370547680,1,1
15.370993760,0,1
15.371045120,0,0
15.371493760,1,0
15.371547520,1,1
15.371993760,0,1
15.372044800,0,0
15.372493760,1,0
15.372547040,1,1
15.372993760,0,1
15.373044960,0,0
15.373493600,1,0
15.373550720,1,1
15.373993600,0,1
15.374044480,0,0
15.374493600,1,0
15.374544640,1,1
15.374993600,0,1
15.375044480,0,0
15.375493600,1,0
15.375544160,1,1
15.375993440,0,1
15.376046880,0,0
15.376493440,1,0
15.376544800,1,1
15.376993440,0,1
15.377046560,0,0
15.377493440,1,0
15.377544640,1,1
15.377993440,0,1
15.378047040,0,0
15.378493280,1,0
15.378544480,1,1
15.378993280,0,1
15.379046560,0,0
15.379493280,1,0
15.379544160,1,1
15.379993280,0,1
15.380047200,0,0
15.380493280,1,0
15.380544480,1,1
15.380993280,0,1
15.381046880,0,0
15.381493120,1,0
15.381557920,1,1
15.381993120,0,1
15.382048160,0,0
15.382493120,1,0
15.382545600,1,1
15.382993120,0,1
15.383047360,0,0
15.383493120,1,0
15.383548960,1,1
15.383993120,0,1
15.384046880,0,0
15.384492960,1,0
15.384544320,1,1
15.384992960,0,1
15.385046720,0,0
15.385492960,1,0
15.385544320,1,1
15.385992960,0,1
15.386044000,0,0
15.386492960,1,0
15.386544480,1,1
15.386992800,0,1
15.387043360,0,0
15.387492800,1,0
15.387546720,1,1
15.387992800,0,1
15.388044160,0,0
15.388492800,1,0
15.388545760,1,1
15.388992800,0,1
15.389043840,0,0
15.389492640,1,0
15.389546400,1,1
15.389992640,0,1
15.390043680,0,0
15.390492640,1,0
15.390546240,1,1
15.390992640,0,1
15.391043520,0,0
15.391492640,1,0
15.391546560,1,1
15.391992640,0,1
15.392043680,0,0
15.392492480,1,0
15.392546240,1,1
15.392992480,0,1
15.393044000,0,0
15.393492480,1,0
15.393548800,1,1
15.393992480,0,1
15.394043360,0,0
15.394492480,1,0
15.394545920,1,1
15.394992480,0,1
15.395043520,0,0
15.395492320,1,0
15.395546080,1,1
15.395992320,0,1
15.396043200,0,0
15.396492320,1,0
15.396543520,1,1
15.396992320,0,1
15.397043520,0,0
15.397492320,1,0
15.397543520,1,1
15.397992160,0,1
15.398045920,0,0
15.398492160,1,0
15.398543680,1,1
15.398992160,0,1
15.399046080,0,0
15.399492160,1,0
15.399543360,1,1
15.399992160,0,1
15.400045920,0,0
15.400492000,1,0
15.400543520,1,1
15.400992000,0,1
15.401045440,0,0
15.401492000,1,0
15.401543040,1,1
15.401992000,0,1
15.402046080,0,0
15.402492000,1,0
15.402542880,1,1
15.402992000,0,1
15.403045920,0,0
15.403491840,1,0
15.403545760,1,1
15.403991840,0,1
15.404045920,0,0
15.404491840,1,0
15.404542560,1,1
15.404991840,0,1
15.405058400,0,0
15.405491840,1,0
15.405546560,1,1
15.405991840,0,1
15.406047360,0,0
15.406491680,1,0
15.406544000,1,1
15.406991680,0,1
15.407043680,0,0
15.407491680,1,0
15.407544160,1,1
15.407991680,0,1
15.408043680,0,0
15.408491680,1,0
15.408546400,1,1
15.408991520,0,1
15.409043520,0,0
15.409491520,1,0
15.409546400,1,1
15.409991520,0,1
15.410043520,0,0
15.410491520,1,0
15.410545920,1,1
15.410991520,0,1
15.411043360,0,0
15.411491360,1,0
15.411545920,1,1
15.411991360,0,1
15.412043360,0,0
15.412491360,1,0
15.412546240,1,1
15.412991360,0,1
15.413043360,0,0
15.413491360,1,0
15.413552000,1,1
15.413991360,0,1
15.414044160,0,0
15.414491200,1,0
15.414546400,1,1
15.414991200,0,1
15.415044320,0,0
15.415491200,1,0
15.415548800,1,1
15.415991200,0,1
15.416043680,0,0
15.416491200,1,0
15.416546080,1,1
15.416991200,0,1
15.417042880,0,0
15.417491040,1,0
15.417546080,1,1
15.417991040,0,1
15.418042880,0,0
15.418491040,1,0
15.418542880,1,1
15.418991040,0,1
15.419043360,0,0
15.419490880,1,0
15.419542880,1,1
15.419990880,0,1
15.420045600,0,0
15.420490880,1,0
15.420543040,1,1
15.420990880,0,1
15.421045280,0,0
15.421490880,1,0
15.421542880,1,1
15.421990880,0,1
15.422045440,0,0
15.422490720,1,0
15.422543200,1,1
15.422990720,0,1
15.423045600,0,0
15.423490720,1,0
15.423548480,1,1
15.423990720,0,1
15.424045280,0,0
15.424490720,1,0
15.424542720,1,1
15.424990720,0,1
15.425045440,0,0
15.425490560,1,0
15.425542880,1,1
15.425990560,0,1
15.426045120,0,0
15.426490560,1,0
15.426542400,1,1
15.426990560,0,1
15.427045600,0,0
15.427490560,1,0
15.427542240,1,1
15.427990400,0,1
15.428045120,0,0
15.428490400,1,0
15.428542720,1,1
15.428990400,0,1
15.429042400,0,0
15.429490400,1,0
15.429542880,1,1
15.429990400,0,1
15.430042560,0,0
15.430490240,1,0
15.430544640,1,1
15.430990240,0,1
15.431042400,0,0
15.431490240,1,0
15.431545120,1,1
15.431990240,0,1
15.432041920,0,0
15.432490240,1,0
15.432544640,1,1
15.432990240,0,1
15.433042560,0,0
15.433490080,1,0
15.433548320,1,1
15.433990080,0,1
15.434042080,0,0
15.434490080,1,0
15.434544800,1,1
15.434990080,0,1
15.435042240,0,0
15.435490080,1,0
15.435544480,1,1
15.435990080,0,1
15.436048160,0,0
15.436489920,1,0
15.436544800,1,1
15.436989920,0,1
15.437042240,0,0
15.437489920,1,0
15.437544800,1,1
15.437989920,0,1
15.438041920,0,0
15.438489920,1,0
15.438544800,1,1
15.438989760,0,1
15.439041920,0,0
15.439489760,1,0
15.439541920,1,1
15.439989760,0,1
15.440041920,0,0
15.440489760,1,0
15.440541600,1,1
15.440989760,0,1
15.441044160,0,0
15.441489600,1,0
15.441542080,1,1
15.441989600,0,1
15.442043840,0,0
15.442489600,1,0
15.442541440,1,1
15.442989600,0,1
15.443044160,0,0
15.443489600,1,0
15.443544160,1,1
15.443989600,0,1
15.444044000,0,0
15.444489440,1,0
15.444541920,1,1
15.444989440,0,1
15.445044480,0,0
15.445489440,1,0
15.445541760,1,1
15.445989440,0,1
15.446044320,0,0
15.446489440,1,0
15.446542720,1,1
15.446989440,0,1
15.447044160,0,0
15.447489280,1,0
15.447541920,1,1
15.447989280,0,1
15.448044320,0,0
15.448489280,1,0
15.448541280,1,1
15.448989280,0,1
15.449044160,0,0
15.449489280,1,0
15.449541120,1,1
15.449989120,0,1
15.450043840,0,0
15.450489120,1,0
15.450541600,1,1
15.450989120,0,1
15.451040800,0,0
15.451489120,1,0
15.451541440,1,1
15.451989120,0,1
15.452040960,0,0
15.452488960,1,0
15.452543840,1,1
15.452988960,0,1
15.453041120,0,0
15.453488960,1,0
15.453548480,1,1
15.453988960,0,1
15.454041440,0,0
15.454488960,1,0
15.454543520,1,1
15.454988960,0,1
15.455041120,0,0
15.455488800,1,0
15.455543520,1,1
15.455988800,0,1
15.456040800,0,0
15.456488800,1,0
15.456543200,1,1
15.456988800,0,1
15.457040800,0,0
15.457488800,1,0
15.457543200,1,1
15.457988800,0,1
15.458040960,0,0
15.458488640,1,0
15.458543360,1,1
15.458988640,0,1
15.459040800,0,0
15.459488640,1,0
15.459543360,1,1
15.459988640,0,1
15.460040960,0,0
15.460488640,1,0
15.460543680,1,1
15.460988480,0,1
15.461040640,0,0
15.461488480,1,0
15.461540640,1,1
15.461988480,0,1
15.462040640,0,0
15.462488480,1,0
15.462540320,1,1
15.462988480,0,1
15.463043200,0,0
15.463488320,1,0
15.463543680,1,1
15.463988320,0,1
15.464042720,0,0
15.464488320,1,0
15.464540480,1,1
15.464988320,0,1
15.465043040,0,0
15.465488320,1,0
15.465540640,1,1
15.465988320,0,1
15.466042720,0,0
15.466488160,1,0
15.466540160,1,1
15.466988160,0,1
15.467046560,0,0
15.467488160,1,0
15.467540480,1,1
15.467988160,0,1
15.468043520,0,0
15.468488160,1,0
15.468539680,1,1
15.468988160,0,1
15.469043040,0,0
15.469488000,1,0
15.469540160,1,1
15.469988000,0,1
15.470042880,0,0
15.470488000,1,0
15.470540320,1,1
15.470988000,0,1
15.471042400,0,0
15.471488000,1,0
15.471540160,1,1
15.471987840,0,1
15.472039840,0,0
15.472487840,1,0
15.472539840,1,1
15.472987840,0,1
15.473039520,0,0
15.473487840,1,0
15.473547360,1,1
15.473987840,0,1
15.474039840,0,0
15.474487680,1,0
15.474542400,1,1
15.474987680,0,1
15.475039680,0,0
15.475487680,1,0
15.475542080,1,1
15.475987680,0,1
15.476039840,0,0
15.476487680,1,0
15.476542240,1,1
15.476987680,0,1
15.477039680,0,0
15.477487520,1,0
15.477543200,1,1
15.477987520,0,1
15.478039680,0,0
15.478487520,1,0
15.478542240,1,1
15.478987520,0,1
15.479039360,0,0
15.479487520,1,0
15.479542720,1,1
15.479987520,0,1
15.480039680,0,0
15.480487360,1,0
15.480542240,1,1
15.480987360,0,1
15.481039520,0,0
15.481487360,1,0
15.481541760,1,1
15.481987360,0,1
15.482039360,0,0
15.482487360,1,0
15.482539040,1,1
15.482987200,0,1
15.483039520,0,0
15.483487200,1,0
15.483544480,1,1
15.483987200,0,1
15.484040160,0,0
15.484487200,1,0
15.484538880,1,1
15.484987200,0,1
15.485042080,0,0
15.485487040,1,0
15.485539520,1,1
15.485987040,0,1
15.486041760,0,0
15.486487040,1,0
15.486538720,1,1
15.486987040,0,1
15.487041600,0,0
15.487487040,1,0
15.487539840,1,1
15.487987040,0,1
15.488041600,0,0
15.488486880,1,0
15.488539200,1,1
15.488986880,0,1
15.489041760,0,0
15.489486880,1,0
15.489539200,1,1
15.489986880,0,1
15.490040800,0,0
15.490486880,1,0
15.490538720,1,1
15.490986880,0,1
15.491041760,0,0
15.491486720,1,0
15.491538720,1,1
15.491986720,0,1
15.492041920,0,0
15.492486720,1,0
15.492538560,1,1
15.492986720,0,1
15.493041280,0,0
15.493486560,1,0
15.493542080,1,1
15.493986560,0,1
15.494039200,0,0
15.494486560,1,0
15.494538240,1,1
15.494986560,0,1
15.495038240,0,0
15.495486560,1,0
15.495541120,1,1
15.495986560,0,1
15.496038720,0,0
15.496486400,1,0
15.496540960,1,1
15.496986400,0,1
15.497038240,0,0
15.497486400,1,0
15.497541120,1,1
15.497986400,0,1
15.498041760,0,0
15.498486400,1,0
15.498541440,1,1
15.498986400,0,1
15.499038720,0,0
15.499486240,1,0
15.499540960,1,1
15.499986240,0,1
15.500038400,0,0
15.500486240,1,0
15.500540640,1,1
15.500986240,0,1
15.501037920,0,0
15.501486240,1,0
15.501540960,1,1
15.501986080,0,1
15.502038560,0,0
15.502486080,1,0
15.502540800,1,1
15.502986080,0,1
15.503038240,0,0
15.503486080,1,0
15.503545120,1,1
15.503986080,0,1
15.504038880,0,0
15.504485920,1,0
15.504538080,1,1
15.504985920,0,1
15.505038240,0,0
15.505485920,1,0
15.505537600,1,1
15.505985920,0,1
15.506040640,0,0
15.506485920,1,0
15.506537600,1,1
15.506985920,0,1
15.507040640,0,0
15.507485760,1,0
15.507537600,1,1
15.507985760,0,1
15.508040320,0,0
15.508485760,1,0
15.508539840,1,1
15.508985760,0,1
15.509040960,0,0
15.509485760,1,0
15.509537920,1,1
15.509985760,0,1
15.510040480,0,0
15.510485600,1,0
15.510537920,1,1
15.510985600,0,1
15.511040800,0,0
15.511485600,1,0
15.511537440,1,1
15.511985600,0,1
15.512040480,0,0
15.512485600,1,0
15.512537760,1,1
15.512985440,0,1
15.513040640,0,0
15.513485440,1,0
15.513542080,1,1
15.513985440,0,1
15.514040480,0,0
15.514485440,1,0
15.514537760,1,1
15.514985440,0,1
15.515037440,0,0
15.515485280,1,0
15.515539200,1,1
15.515985280,0,1
15.516037440,0,0
15.516485280,1,0
15.516539680,1,1
15.516985280,0,1
15.517037280,0,0
15.517485280,1,0
15.517539680,1,1
15.517985280,0,1
15.518037120,0,0
15.518485120,1,0
15.518539840,1,1
15.518985120,0,1
15.519037280,0,0
15.519485120,1,0
15.519540000,1,1
15.519985120,0,1
15.520036960,0,0
15.520485120,1,0
15.520539840,1,1
15.520985120,0,1
15.521036800,0,0
15.521484960,1,0
15.521539840,1,1
15.521984960,0,1
15.522036800,0,0
15.522484960,1,0
15.522539680,1,1
15.522984960,0,1
15.523037440,0,0
15.523484960,1,0
15.523544000,1,1
15.523984800,0,1
15.524037120,0,0
15.524484800,1,0
15.524539840,1,1
15.524984800,0,1
15.525036960,0,0
15.525484800,1,0
15.525539360,1,1
15.525984800,0,1
15.526036160,0,0
15.526484640,1,0
15.526536640,1,1
15.526984640,0,1
15.527036800,0,0
15.527484640,1,0
15.527536320,1,1
15.527984640,0,1
15.528039680,0,0
15.528484640,1,0
15.528536800,1,1
15.528984640,0,1
15.529042080,0,0
15.529484480,1,0
15.529536320,1,1
15.529984480,0,1
15.530039040,0,0
15.530484480,1,0
15.530536320,1,1
15.530984480,0,1
15.531038880,0,0
15.531484480,1,0
15.531536320,1,1
15.531984480,0,1
15.532039200,0,0
15.532484320,1,0
15.532536640,1,1
15.532984320,0,1
15.533039200,0,0
15.533484320,1,0
15.533540960,1,1
15.533984320,0,1
15.534039200,0,0
15.534484320,1,0
15.534536640,1,1
15.534984160,0,1
15.535038720,0,0
15.535484160,1,0
15.535535840,1,1
15.535984160,0,1
15.536038880,0,0
15.536484160,1,0
15.536536000,1,1
15.536984160,0,1
15.537036480,0,0
15.537484000,1,0
15.537536320,1,1
15.537984000,0,1
15.538035840,0,0
15.538484000,1,0
15.538538240,1,1
15.538984000,0,1
15.539036160,0,0
15.539484000,1,0
15.539541600,1,1
15.539984000,0,1
15.540036640,0,0
15.540483840,1,0
15.540538560,1,1
15.540983840,0,1
15.541035520,0,0
15.541483840,1,0
15.541538080,1,1
15.541983840,0,1
15.542036000,0,0
15.542483840,1,0
15.542538560,1,1
15.542983840,0,1
15.543036000,0,0
15.543483680,1,0
15.543542720,1,1
15.543983680,0,1
15.544035520,0,0
15.544483680,1,0
15.544538240,1,1
15.544983680,0,1
15.545035680,0,0
15.545483680,1,0
15.545538400,1,1
15.545983520,0,1
15.546035840,0,0
15.546483520,1,0
15.546540320,1,1
15.546983520,0,1
15.547035520,0,0
15.547483520,1,0
15.547535520,1,1
15.547983520,0,1
15.548035520,0,0
15.548483360,1,0
15.548535360,1,1
15.548983360,0,1
15.549038240,0,0
15.549483360,1,0
15.549535840,1,1
15.549983360,0,1
15.550037760,0,0
15.550483360,1,0
15.550535040,1,1
15.550983360,0,1
15.551037920,0,0
15.551483200,1,0
15.551535200,1,1
15.551983200,0,1
15.552038240,0,0
15.552483200,1,0
15.552534880,1,1
15.552983200,0,1
15.553038240,0,0
15.553483200,1,0
15.553539040,1,1
15.553983200,0,1
15.554037920,0,0
15.554483040,1,0
15.554534880,1,1
15.554983040,0,1
15.555038400,0,0
15.555483040,1,0
15.555535200,1,1
15.555983040,0,1
15.556037760,0,0
15.556483040,1,0
15.556534720,1,1
15.556982880,0,1
15.557037600,0,0
15.557482880,1,0
15.557535040,1,1
15.557982880,0,1
15.558037600,0,0
15.558482880,1,0
15.558535040,1,1
15.558982880,0,1
15.559034880,0,0
15.559482720,1,0
15.559534720,1,1
15.559982720,0,1
15.560036800,0,0
15.560482720,1,0
15.560538560,1,1
15.560982720,0,1
15.561035040,0,0
15.561482720,1,0
15.561537760,1,1
15.561982720,0,1
15.562035040,0,0
15.562482560,1,0
15.562537280,1,1
15.562982560,0,1
15.563034720,0,0
15.563482560,1,0
15.563541600,1,1
15.563982560,0,1
15.564034560,0,0
15.564482560,1,0
15.564537280,1,1
15.564982560,0,1
15.565034720,0,0
15.565482400,1,0
15.565536640,1,1
15.565982400,0,1
15.566034240,0,0
15.566482400,1,0
15.566536800,1,1
15.566982400,0,1
15.567034720,0,0
15.567482400,1,0
15.567537120,1,1
15.567982240,0,1
15.568034400,0,0
15.568482240,1,0
15.568536960,1,1
15.568982240,0,1
15.569034080,0,0
15.569482240,1,0
15.569534080,1,1
15.569982240,0,1
15.570034400,0,0
15.570482080,1,0
15.570537280,1,1
15.570982080,0,1
15.571037440,0,0
15.571482080,1,0
15.571534240,1,1
15.571982080,0,1
15.572036480,0,0
15.572482080,1,0
15.572534240,1,1
15.572982080,0,1
15.573036800,0,0
15.573481920,1,0
15.573539680,1,1
15.573981920,0,1
15.574036800,0,0
15.574481920,1,0
15.574533760,1,1
15.574981920,0,1
15.575036960,0,0
15.575481920,1,0
15.575533600,1,1
15.575981920,0,1
15.576036320,0,0
15.576481760,1,0
15.576533760,1,1
15.576981760,0,1
15.577036160,0,0
15.577481760,1,0
15.577536160,1,1
15.577981760,0,1
15.578037280,0,0
15.578481760,1,0
15.578533440,1,1
15.578981600,0,1
15.579036320,0,0
15.579481600,1,0
15.579533920,1,1
15.579981600,0,1
15.580033280,0,0
15.580481600,1,0
15.580533760,1,1
15.580981600,0,1
15.581033600,0,0
15.581481440,1,0
15.581535680,1,1
15.581981440,0,1
15.582033600,0,0
15.582481440,1,0
15.582535840,1,1
15.582981440,0,1
15.583033760,0,0
15.583481440,1,0
15.583540000,1,1
15.583981440,0,1
15.584033760,0,0
15.584481280,1,0
15.584535840,1,1
15.584981280,0,1
15.585033440,0,0
15.585481280,1,0
15.585536160,1,1
15.585981280,0,1
15.586033280,0,0
15.586481280,1,0
15.586535520,1,1
15.586981280,0,1
15.587033760,0,0
15.587481120,1,0
15.587536000,1,1
15.587981120,0,1
15.588033600,0,0
15.588481120,1,0
15.588535680,1,1
15.588981120,0,1
15.589033280,0,0
15.589481120,1,0
15.589535840,1,1
15.589980960,0,1
15.590033120,0,0
15.590480960,1,0
15.590536000,1,1
15.590980960,0,1
15.591036000,0,0
15.591480960,1,0
15.591533600,1,1
15.591980960,0,1
15.592033600,0,0
15.592480800,1,0
15.592532800,1,1
15.592980800,0,1
15.593035840,0,0
15.593480800,1,0
15.593537760,1,1
15.593980800,0,1
15.594035840,0,0
15.594480800,1,0
15.594532800,1,1
15.594980800,0,1
15.595035200,0,0
15.595480640,1,0
15.595532480,1,1
15.595980640,0,1
15.596035360,0,0
15.596480640,1,0
15.596532800,1,1
15.596980640,0,1
15.597035520,0,0
15.597480640,1,0
15.597532320,1,1
15.597980640,0,1
15.598035520,0,0
15.598480480,1,0
15.598532320,1,1
15.598980480,0,1
15.599035360,0,0
15.599480480,1,0
15.599532480,1,1
15.599980480,0,1
15.600035040,0,0
15.600480480,1,0
15.600532800,1,1
15.600980320,0,1
15.601035200,0,0
15.601480320,1,0
15.601535680,1,1
15.601980320,0,1
15.602032480,0,0
15.602480320,1,0
15.602532800,1,1
15.602980320,0,1
15.603032000,0,0
15.603480160,1,0
15.603540000,1,1
15.603980160,0,1
15.604032320,0,0
15.604480160,1,0
15.604534400,1,1
15.604980160,0,1
15.605031840,0,0
15.605480160,1,0
15.605534720,1,1
15.605980160,0,1
15.606032000,0,0
15.606480000,1,0
15.606534560,1,1
15.606980000,0,1
15.607032000,0,0
15.607480000,1,0
15.607534880,1,1
15.607980000,0,1
15.608031840,0,0
15.608480000,1,0
15.608535520,1,1
15.608980000,0,1
15.609031840,0,0
15.609479840,1,0
15.609535520,1,1
15.609979840,0,1
15.610032000,0,0
15.610479840,1,0
15.610534400,1,1
15.610979840,0,1
15.611031680,0,0
15.611479840,1,0
15.611533920,1,1
15.611979680,0,1
15.612031680,0,0
15.612479680,1,0
15.612531520,1,1
15.612979680,0,1
15.613031840,0,0
15.613479680,1,0
15.613535680,1,1
15.613979680,0,1
15.614033760,0,0
15.614479520,1,0
15.614531520,1,1
15.614979520,0,1
15.615034560,0,0
15.615479520,1,0
15.615531360,1,1
15.615979520,0,1
15.616034240,0,0
15.616479520,1,0
15.616532000,1,1
15.616979520,0,1
15.617034400,0,0
15.617479360,1,0
15.617531360,1,1
15.617979360,0,1
15.618033760,0,0
15.618479360,1,0
15.618531520,1,1
15.618979360,0,1
15.619034240,0,0
15.619479360,1,0
15.619530560,1,1
15.619979360,0,1
15.620033760,0,0
15.620479200,1,0
15.620531520,1,1
15.620979200,0,1
15.621034400,0,0
15.621479200,1,0
15.621531360,1,1
15.621979200,0,1
15.622035040,0,0
15.622479200,1,0
15.622532480,1,1
15.622979040,0,1
15.623033920,0,0
15.623479040,1,0
15.623535680,1,1
15.623979040,0,1
15.624031360,0,0
15.624479040,1,0
15.624531360,1,1
15.624979040,0,1
15.625030720,0,0
15.625478880,1,0
15.625533440,1,1
15.625978880,0,1
15.626030880,0,0
15.626478880,1,0
15.626533280,1,1
15.626978880,0,1
15.627031360,0,0
15.627478880,1,0
15.627533760,1,1
15.627978880,0,1
15.628030400,0,0
15.628478720,1,0
15.628533440,1,1
15.628978720,0,1
15.629031200,0,0
15.629478720,1,0
15.629533120,1,1
15.629978720,0,1
15.630030560,0,0
15.630478720,1,0
15.630533120,1,1
15.630978720,0,1
15.631030400,0,0
15.631478560,1,0
15.631533440,1,1
15.631978560,0,1
15.632030560,0,0
15.632478560,1,0
15.632536960,1,1
15.632978560,0,1
15.633030560,0,0
15.633478560,1,0
15.633538400,1,1
15.633978400,0,1
15.634030560,0,0
15.634478400,1,0
15.634530720,1,1
15.634978400,0,1
15.635030240,0,0
15.635478400,1,0
15.635530240,1,1
15.635978400,0,1
15.636032640,0,0
15.636478240,1,0
15.636530080,1,1
15.636978240,0,1
15.637033120,0,0
15.637478240,1,0
15.637530400,1,1
15.637978240,0,1
15.638032800,0,0
15.638478240,1,0
15.638530080,1,1
15.638978240,0,1
15.639032800,0,0
15.639478080,1,0
15.639532480,1,1
15.639978080,0,1
15.640033280,0,0
15.640478080,1,0
15.640530080,1,1
15.640978080,0,1
15.641032960,0,0
15.641478080,1,0
15.641529760,1,1
15.641978080,0,1
15.642032800,0,0
15.642477920,1,0
15.642529920,1,1
15.642977920,0,1
15.643032320,0,0
15.643477920,1,0
15.643534400,1,1
15.643977920,0,1
15.644032480,0,0
15.644477920,1,0
15.644529920,1,1
15.644977760,0,1
15.645029920,0,0
15.645477760,1,0
15.645529760,1,1
15.645977760,0,1
15.646029280,0,0
15.646477760,1,0
15.646532000,1,1
15.646977760,0,1
15.647029600,0,0
15.647477600,1,0
15.647531840,1,1
15.647977600,0,1
15.648029440,0,0
15.648477600,1,0
15.648532640,1,1
15.648977600,0,1
15.649029280,0,0
15.649477600,1,0
15.649532320,1,1
15.649977600,0,1
15.650029920,0,0
15.650477440,1,0
15.650532160,1,1
15.650977440,0,1
15.651029600,0,0
15.651477440,1,0
15.651532160,1,1
15.651977440,0,1
15.652029600,0,0
15.652477440,1,0
15.652532000,1,1
15.652977440,0,1
15.653029280,0,0
15.653477280,1,0
15.653537280,1,1
15.653977280,0,1
15.654029760,0,0
15.654477280,1,0
15.654532160,1,1
15.654977280,0,1
15.655029440,0,0
15.655477280,1,0
15.655532000,1,1
15.655977120,0,1
15.656029120,0,0
15.656477120,1,0
15.656528640,1,1
15.656977120,0,1
15.657029760,0,0
15.657477120,1,0
15.657529120,1,1
15.657977120,0,1
15.658031840,0,0
15.658476960,1,0
15.658529440,1,1
15.658976960,0,1
15.659031840,0,0
15.659476960,1,0
15.659528960,1,1
15.659976960,0,1
15.660032000,0,0
15.660476960,1,0
15.660528960,1,1
15.660976960,0,1
15.661031360,0,0
15.661476800,1,0
15.661528640,1,1
15.661976800,0,1
15.662031840,0,0
15.662476800,1,0
15.662528800,1,1
15.662976800,0,1
15.663031200,0,0
15.663476800,1,0
15.663534400,1,1
15.663976800,0,1
15.664032000,0,0
15.664476640,1,0
15.664528960,1,1
15.664976640,0,1
15.665031360,0,0
15.665476640,1,0
15.665528800,1,1
15.665976640,0,1
15.666031520,0,0
15.666476640,1,0
15.666528320,1,1
15.666976480,0,1
15.667028640,0,0
15.667476480,1,0
15.667528640,1,1
15.667976480,0,1
15.668028000,0,0
15.668476480,1,0
15.668531360,1,1
15.668976480,0,1
15.669030880,0,0
15.669476320,1,0
15.669531360,1,1
15.669976320,0,1
15.670028640,0,0
15.670476320,1,0
15.670532320,1,1
15.670976320,0,1
15.671029600,0,0
15.671476320,1,0
15.671531360,1,1
15.671976320,0,1
15.672027840,0,0
15.672476160,1,0
15.672531040,1,1
15.672976160,0,1
15.673028000,0,0
15.673476160,1,0
15.673536320,1,1
15.673976160,0,1
15.674028000,0,0
15.674476160,1,0
15.674530720,1,1
15.674976160,0,1
15.675028160,0,0
15.675476000,1,0
15.675530720,1,1
15.675976000,0,1
15.676028160,0,0
15.676476000,1,0
15.676530880,1,1
15.676976000,0,1
15.677028320,0,0
15.677475840,1,0
15.677527680,1,1
15.677975840,0,1
15.678028160,0,0
15.678475840,1,0
15.678527840,1,1
15.678975840,0,1
15.679035520,0,0
15.679475840,1,0
15.679527680,1,1
15.679975840,0,1
15.680030880,0,0
15.680475680,1,0
15.680527840,1,1
15.680975680,0,1
15.681030400,0,0
15.681475680,1,0
15.681527680,1,1
15.681975680,0,1
15.682030560,0,0
15.682475680,1,0
15.682527520,1,1
15.682975680,0,1
15.683030080,0,0
15.683475520,1,0
15.683532960,1,1
15.683975520,0,1
15.684030720,0,0
15.684475520,1,0
15.684529920,1,1
15.684975520,0,1
15.685030720,0,0
15.685475520,1,0
15.685527680,1,1
15.685975360,0,1
15.686030400,0,0
15.686475360,1,0
15.686527200,1,1
15.686975360,0,1
15.687030240,0,0
15.687475360,1,0
15.687527520,1,1
15.687975360,0,1
15.688030080,0,0
15.688475200,1,0
15.688527040,1,1
15.688975200,0,1
15.689026720,0,0
15.689475200,1,0
15.689527680,1,1
15.689975200,0,1
15.690027040,0,0
15.690475200,1,0
15.690529280,1,1
15.690975200,0,1
15.691027200,0,0
15.691475040,1,0
15.691529920,1,1
15.691975040,0,1
15.692027200,0,0
15.692475040,1,0
15.692529280,1,1
15.692975040,0,1
15.693026880,0,0
15.693475040,1,0
15.693534560,1,1
15.693975040,0,1
15.694026880,0,0
15.694474880,1,0
15.694532960,1,1
15.694974880,0,1
15.695028480,0,0
15.695474880,1,0
15.695530080,1,1
15.695974880,0,1
15.696027040,0,0
15.696474880,1,0
15.696529760,1,1
15.696974720,0,1
15.697026400,0,0
15.697474720,1,0
15.697529440,1,1
15.697974720,0,1
15.698026880,0,0
15.698474720,1,0
15.698529920,1,1
15.698974720,0,1
15.699026720,0,0
15.699474560,1,0
15.699526880,1,1
15.699974560,0,1
15.700026560,0,0
15.700474560,1,0
15.700526560,1,1
15.700974560,0,1
15.701028640,0,0
15.701474560,1,0
15.701526080,1,1
15.701974560,0,1
15.702030080,0,0
15.702474400,1,0
15.702526400,1,1
15.702974400,0,1
15.703028960,0,0
15.703474400,1,0
15.703528800,1,1
15.703974400,0,1
15.704028800,0,0
15.704474400,1,0
15.704526240,1,1
15.704974400,0,1
15.705028960,0,0
15.705474240,1,0
15.705526080,1,1
15.705974240,0,1
15.706029120,0,0
15.706474240,1,0
15.706526400,1,1
15.706974240,0,1
15.707029280,0,0
15.707474240,1,0
15.707526080,1,1
15.707974080,0,1
15.708028960,0,0
15.708474080,1,0
15.708526080,1,1
15.708974080,0,1
15.709028960,0,0
15.709474080,1,0
15.709526080,1,1
15.709974080,0,1
15.710026080,0,0
15.710473920,1,0
15.710526080,1,1
15.710973920,0,1
15.711025440,0,0
15.711473920,1,0
15.711528800,1,1
15.711973920,0,1
15.712025600,0,0
15.712473920,1,0
15.712528480,1,1
15.712973920,0,1
15.713026240,0,0
15.713473760,1,0
15.713532480,1,1
15.713973760,0,1
15.714025920,0,0
15.714473760,1,0
15.714528160,1,1
15.714973760,0,1
15.715033920,0,0
15.715473760,1,0
15.715558240,1,1
15.715973760,0,1
15.716039200,0,0
15.716473600,1,0
15.716545440,1,1
15.716973600,0,1
15.717026400,0,0
15.717473600,1,0
15.717528320,1,1
15.717973600,0,1
15.718025440,0,0
15.718473600,1,0
15.718527840,1,1
15.718973440,0,1
15.719025280,0,0
15.719473440,1,0
15.719527360,1,1
15.719973440,0,1
15.720024800,0,0
15.720473440,1,0
15.720527680,1,1
15.720973440,0,1
15.721024160,0,0
15.721473280,1,0
15.721524160,1,1
15.721973280,0,1
15.722024800,0,0
15.722473280,1,0
15.722524480,1,1
15.722973280,0,1
15.723027040,0,0
15.723473280,1,0
15.723533920,1,1
15.723973280,0,1
15.724026560,0,0
15.724473120,1,0
15.724523680,1,1
15.724973120,0,1
15.725026400,0,0
15.725473120,1,0
15.725530080,1,1
15.725973120,0,1
15.726028160,0,0
15.726473120,1,0
15.726525440,1,1
15.726973120,0,1
15.727028160,0,0
15.727472960,1,0
15.727525600,1,1
15.727972960,0,1
15.728027680,0,0
15.728472960,1,0
15.728524960,1,1
15.728972960,0,1
15.729027360,0,0
15.729472960,1,0
15.729524960,1,1
15.729972800,0,1
15.730027200,0,0
15.730472800,1,0
15.730524800,1,1
15.730972800,0,1
15.731027680,0,0
15.731472800,1,0
15.731525120,1,1
15.731972800,0,1
15.732024640,0,0
15.732472640,1,0
15.732524480,1,1
15.732972640,0,1
15.733030400,0,0
15.733472640,1,0
15.733534240,1,1
15.733972640,0,1
15.734024800,0,0
15.734472640,1,0
15.734527520,1,1
15.734972640,0,1
15.735024800,0,0
15.735472480,1,0
15.735526560,1,1
15.735972480,0,1
15.736024640,0,0
15.736472480,1,0
15.736526880,1,1
15.736972480,0,1
15.737024160,0,0
15.737472480,1,0
15.737527040,1,1
15.737972480,0,1
15.738024320,0,0
15.738472320,1,0
15.738527040,1,1
15.738972320,0,1
15.739024320,0,0
15.739472320,1,0
15.739526720,1,1
15.739972320,0,1
15.740024000,0,0
15.740472320,1,0
15.740526720,1,1
15.740972160,0,1
15.741023840,0,0
15.741472160,1,0
15.741527040,1,1
15.741972160,0,1
15.742024320,0,0
15.742472160,1,0
15.742523360,1,1
15.742972160,0,1
15.743024320,0,0
15.743472000,1,0
15.743527360,1,1
15.743972000,0,1
15.744026720,0,0
15.744472000,1,0
15.744523840,1,1
15.744972000,0,1
15.745026560,0,0
15.745472000,1,0
15.745524000,1,1
15.745972000,0,1
15.746026720,0,0
15.746471840,1,0
15.746523680,1,1
15.746971840,0,1
15.747026880,0,0
15.747471840,1,0
15.747523520,1,1
15.747971840,0,1
15.748032640,0,0
15.748471840,1,0
15.748524160,1,1
15.748971840,0,1
15.749027360,0,0
15.749471680,1,0
15.749523840,1,1
15.749971680,0,1
15.750026080,0,0
15.750471680,1,0
15.750523520,1,1
15.750971680,0,1
15.751026080,0,0
15.751471520,1,0
15.751522880,1,1
15.751971520,0,1
15.752026240,0,0
15.752471520,1,0
15.752523040,1,1
15.752971520,0,1
15.753027040,0,0
15.753471520,1,0
15.753529120,1,1
15.753971520,0,1
15.754019200,0,0
15.754471360,1,0
15.754521760,1,1
15.754971360,0,1
15.755019200,0,0
15.755471360,1,0
15.755521440,1,1
15.755971360,0,1
15.756019040,0,0
15.756471360,1,0
15.756521600,1,1
15.756971360,0,1
15.757018720,0,0
15.757471200,1,0
15.757520960,1,1
15.757971200,0,1
15.758018880,0,0
15.758471200,1,0
15.758520960,1,1
15.758971200,0,1
15.759018240,0,0
15.759471200,1,0
15.759521440,1,1
15.759971040,0,1
15.760018880,0,0
15.760471040,1,0
15.760521120,1,1
15.760971040,0,1
15.761018880,0,0
15.761471040,1,0
15.761521440,1,1
15.761971040,0,1
15.762018560,0,0
15.762470880,1,0
15.762521120,1,1
15.762970880,0,1
15.763018400,0,0
15.763470880,1,0
15.763797600,1,1
15.763970880,0,1
15.764055040,0,0
15.764470880,1,0
15.764556000,1,1
15.764970880,0,1
15.765039680,0,0
15.765470720,1,0
15.765521120,1,1
15.765970720,0,1
15.766021440,0,0
15.766470720,1,0
15.766518400,1,1
15.766970720,0,1
15.767020640,0,0
15.767470720,1,0
15.767517440,1,1
15.767970720,0,1
15.768020480,0,0
15.768470560,1,0
15.768518080,1,1
15.768970560,0,1
15.769020000,0,0
15.769470560,1,0
15.769517440,1,1
15.769970560,0,1
15.770020960,0,0
15.770470560,1,0
15.770517760,1,1
15.770970400,0,1
15.771020320,0,0
15.771470400,1,0
15.771517440,1,1
15.771970400,0,1
15.772020480,0,0
15.772470400,1,0
15.772517600,1,1
15.772970400,0,1
15.773020640,0,0
15.773470240,1,0
15.773527680,1,1
15.773970240,0,1
15.774021280,0,0
15.774470240,1,0
15.774517600,1,1
15.774970240,0,1
15.775017600,0,0
15.775470240,1,0
15.775516640,1,1
15.775970240,0,1
15.776017120,0,0
15.776470080,1,0
15.776519360,1,1
15.776970080,0,1
15.777017120,0,0
15.777470080,1,0
15.777519360,1,1
15.777970080,0,1
15.778016960,0,0
15.778470080,1,0
15.778519360,1,1
15.778970080,0,1
15.779016960,0,0
15.779469920,1,0
15.779519840,1,1
15.779969920,0,1
15.780017280,0,0
15.780469920,1,0
15.780519680,1,1
15.780969920,0,1
15.781016960,0,0
15.781469920,1,0
15.781519520,1,1
15.781969760,0,1
15.782017280,0,0
15.782469760,1,0
15.782519360,1,1
15.782969760,0,1
15.783016800,0,0
15.783469760,1,0
15.783524960,1,1
15.783969760,0,1
15.784017120,0,0
15.784469600,1,0
15.784519200,1,1
15.784969600,0,1
15.785016800,0,0
15.785469600,1,0
15.785516320,1,1
15.785969600,0,1
15.786017120,0,0
15.786469600,1,0
15.786516480,1,1
15.786969600,0,1
15.787018880,0,0
15.787469440,1,0
15.787516000,1,1
15.787969440,0,1
15.788018880,0,0
15.788469440,1,0
15.788516000,1,1
15.788969440,0,1
15.789018880,0,0
15.789469440,1,0
15.789516160,1,1
15.789969440,0,1
15.790019200,0,0
15.790469280,1,0
15.790516480,1,1
15.790969280,0,1
15.791019200,0,0
15.791469280,1,0
15.791516480,1,1
15.791969280,0,1
15.792019360,0,0
15.792469280,1,0
15.792515680,1,1
15.792969120,0,1
15.793019200,0,0
15.793469120,1,0
15.793521920,1,1
15.793969120,0,1
15.794018880,0,0
15.794469120,1,0
15.794516000,1,1
15.794969120,0,1
15.795023840,0,0
15.795468960,1,0
15.795516800,1,1
15.795968960,0,1
15.796019040,0,0
15.796468960,1,0
15.796515840,1,1
15.796968960,0,1
15.797015840,0,0
15.797468960,1,0
15.797515520,1,1
15.797968960,0,1
15.798015680,0,0
15.798468800,1,0
15.798518880,1,1
15.798968800,0,1
15.799015680,0,0
15.799468800,1,0
15.799518720,1,1
15.799968800,0,1
15.800016320,0,0
15.800468800,1,0
15.800518080,1,1
15.800968800,0,1
15.801015680,0,0
15.801468640,1,0
15.801518080,1,1
15.801968640,0,1
15.802015840,0,0
15.802468640,1,0
15.802518240,1,1
15.802968640,0,1
15.803015840,0,0
15.803468640,1,0
15.803529760,1,1
15.803968480,0,1
15.804020640,0,0
15.804468480,1,0
15.804522080,1,1
15.804968480,0,1
15.805019840,0,0
15.805468480,1,0
15.805522080,1,1
15.805968480,0,1
15.806019520,0,0
15.806468320,1,0
15.806522400,1,1
15.806968320,0,1
15.807020000,0,0
15.807468320,1,0
15.807519520,1,1
15.807968320,0,1
15.808019520,0,0
15.808468320,1,0
15.808519200,1,1
15.808968320,0,1
15.809021600,0,0
15.809468160,1,0
15.809519360,1,1
15.809968160,0,1
15.810021760,0,0
15.810468160,1,0
15.810519200,1,1
15.810968160,0,1
15.811021920,0,0
15.811468160,1,0
15.811519360,1,1
15.811968160,0,1
15.812021440,0,0
15.812468000,1,0
15.812519200,1,1
15.812968000,0,1
15.813022400,0,0
15.813468000,1,0
15.813524000,1,1
15.813968000,0,1
15.814022080,0,0
15.814468000,1,0
15.814519040,1,1
15.814967840,0,1
15.815021920,0,0
15.815467840,1,0
15.815519040,1,1
15.815967840,0,1
15.816021600,0,0
15.816467840,1,0
15.816518880,1,1
15.816967840,0,1
15.817022240,0,0
15.817467680,1,0
15.817519040,1,1
15.817967680,0,1
15.818018560,0,0
15.818467680,1,0
15.818519200,1,1
15.818967680,0,1
15.819019040,0,0
15.819467680,1,0
15.819521440,1,1
15.819967680,0,1
15.820019040,0,0
15.820467520,1,0
15.820520800,1,1
15.820967520,0,1
15.821018720,0,0
15.821467520,1,0
15.821521600,1,1
15.821967520,0,1
15.822018880,0,0
15.822467520,1,0
15.822520960,1,1
15.822967520,0,1
15.823018720,0,0
15.823467360,1,0
15.823523840,1,1
15.823967360,0,1
15.824017440,0,0
15.824467360,1,0
15.824520640,1,1
15.824967360,0,1
15.825017280,0,0
15.825467360,1,0
15.825520480,1,1
15.825967200,0,1
15.826028960,0,0
15.826467200,1,0
15.826521920,1,1
15.826967200,0,1
15.827019360,0,0
15.827467200,1,0
15.827521760,1,1
15.827967200,0,1
15.828019040,0,0
15.828467040,1,0
15.828522080,1,1
15.828967040,0,1
15.829018880,0,0
15.829467040,1,0
15.829519200,1,1
15.829967040,0,1
15.830019680,0,0
15.830467040,1,0
15.830518720,1,1
15.830967040,0,1
15.831022080,0,0
15.831466880,1,0
15.831519200,1,1
15.831966880,0,1
15.832020960,0,0
15.832466880,1,0
15.832518880,1,1
15.832966880,0,1
15.833021440,0,0
15.833466880,1,0
15.833521920,1,1
15.833966880,0,1
15.834021760,0,0
15.834466720,1,0
15.834518720,1,1
15.834966720,0,1
15.835021760,0,0
15.835466720,1,0
15.835518880,1,1
15.835966720,0,1
15.836021280,0,0
15.836466560,1,0
15.836518880,1,1
15.836966560,0,1
15.837022080,0,0
15.837466560,1,0
15.837518720,1,1
15.837966560,0,1
15.838021280,0,0
15.838466560,1,0
15.838518240,1,1
15.838966560,0,1
15.839021120,0,0
15.839466400,1,0
15.839518560,1,1
15.839966400,0,1
15.840018240,0,0
15.840466400,1,0
15.840518080,1,1
15.840966400,0,1
15.841018240,0,0
15.841466400,1,0
15.841520800,1,1
15.841966400,0,1
15.842018400,0,0
15.842466240,1,0
15.842520800,1,1
15.842966240,0,1
15.843018400,0,0
15.843466240,1,0
15.843523680,1,1
15.843966240,0,1
15.844017920,0,0
15.844466240,1,0
15.844520160,1,1
15.844966240,0,1
15.845017920,0,0
15.845466080,1,0
15.845520960,1,1
15.845966080,0,1
15.846018400,0,0
15.846466080,1,0
15.846520960,1,1
15.846966080,0,1
15.847018080,0,0
15.847465920,1,0
15.847520640,1,1
15.847965920,0,1
15.848018240,0,0
15.848465920,1,0
15.848520800,1,1
15.848965920,0,1
15.849018080,0,0
15.849465920,1,0
15.849520640,1,1
15.849965920,0,1
15.850017760,0,0
15.850465760,1,0
15.850517760,1,1
15.850965760,0,1
15.851017760,0,0
15.851465760,1,0
15.851517440,1,1
15.851965760,0,1
15.852020640,0,0
15.852465760,1,0
15.852517440,1,1
15.852965760,0,1
15.853020480,0,0
15.853465600,1,0
15.853520960,1,1
15.853965600,0,1
15.854020000,0,0
15.854465600,1,0
15.854517760,1,1
15.854965600,0,1
15.855020160,0,0
15.855465600,1,0
15.855517600,1,1
15.855965440,0,1
15.856020480,0,0
15.856465440,1,0
15.856517280,1,1
15.856965440,0,1
15.857020160,0,0
15.857465440,1,0
15.857517440,1,1
15.857965440,0,1
15.858020320,0,0
15.858465280,1,0
15.858517280,1,1
15.858965280,0,1
15.859020320,0,0
15.859465280,1,0
15.859517600,1,1
15.859965280,0,1
15.860020480,0,0
15.860465280,1,0
15.860517120,1,1
15.860965280,0,1
15.861020160,0,0
15.861465120,1,0
15.861516640,1,1
15.861965120,0,1
15.862017600,0,0
15.862465120,1,0
15.862516960,1,1
15.862965120,0,1
15.863017280,0,0
15.863465120,1,0
15.863522240,1,1
15.863965120,0,1
15.864012320,0,0
15.864464960,1,0
15.864514720,1,1
15.864964960,0,1
15.865012800,0,0
15.865464960,1,0
15.865515040,1,1
15.865964960,0,1
15.866011840,0,0
15.866464960,1,0
15.866514560,1,1
15.866964800,0,1
15.867012320,0,0
15.867464800,1,0
15.867514720,1,1
15.867964800,0,1
15.868011840,0,0
15.868464800,1,0
15.868514880,1,1
15.868964800,0,1
15.869012320,0,0
15.869464640,1,0
15.869514240,1,1
15.869964640,0,1
15.870012000,0,0
15.870464640,1,0
15.870514560,1,1
15.870964640,0,1
15.871011680,0,0
15.871464640,1,0
15.871514560,1,1
15.871964640,0,1
15.872012160,0,0
15.872464480,1,0
15.872511840,1,1
15.872964480,0,1
15.873011680,0,0
15.873464480,1,0
15.873521280,1,1
15.873964480,0,1
15.874019520,0,0
15.874464480,1,0
15.874516480,1,1
15.874964480,0,1
15.875018720,0,0
15.875464320,1,0
15.875516320,1,1
15.875964320,0,1
15.876018720,0,0
15.876464320,1,0
15.876516000,1,1
15.876964320,0,1
15.877019040,0,0
15.877464320,1,0
15.877516000,1,1
15.877964160,0,1
15.878019360,0,0
15.878464160,1,0
15.878515840,1,1
15.878964160,0,1
15.879019360,0,0
15.879464160,1,0
15.879515840,1,1
15.879964160,0,1
15.880018720,0,0
15.880464000,1,0
15.880515680,1,1
15.880964000,0,1
15.881019040,0,0
15.881464000,1,0
15.881516480,1,1
15.881964000,0,1
15.882018720,0,0
15.882464000,1,0
15.882516480,1,1
15.882964000,0,1
15.883015520,0,0
15.883463840,1,0
15.883518880,1,1
15.883963840,0,1
15.884015360,0,0
15.884463840,1,0
15.884518240,1,1
15.884963840,0,1
15.885015680,0,0
15.885463840,1,0
15.885518560,1,1
15.885963840,0,1
15.886015840,0,0
15.886463680,1,0
15.886518240,1,1
15.886963680,0,1
15.887015680,0,0
15.887463680,1,0
15.887518240,1,1
15.887963680,0,1
15.888015840,0,0
15.888463680,1,0
15.888518240,1,1
15.888963520,0,1
15.889015360,0,0
15.889463520,1,0
15.889518240,1,1
15.889963520,0,1
15.890015360,0,0
15.890463520,1,0
15.890518240,1,1
15.890963520,0,1
15.891015680,0,0
15.891463360,1,0
15.891518080,1,1
15.891963360,0,1
15.892015200,0,0
15.892463360,1,0
15.892518080,1,1
15.892963360,0,1
15.893015360,0,0
15.893463360,1,0
15.893520480,1,1
15.893963360,0,1
15.894014720,0,0
15.894463200,1,0
15.894515040,1,1
15.894963200,0,1
15.895015360,0,0
15.895463200,1,0
15.895514560,1,1
15.895963200,0,1
15.896017760,0,0
15.896463200,1,0
15.896514400,1,1
15.896963200,0,1
15.897017760,0,0
15.897463040,1,0
15.897514880,1,1
15.897963040,0,1
15.898017600,0,0
15.898463040,1,0
15.898514560,1,1
15.898963040,0,1
15.899017440,0,0
15.899463040,1,0
15.899514560,1,1
15.899962880,0,1
15.900017440,0,0
15.900462880,1,0
15.900515040,1,1
15.900962880,0,1
15.901017280,0,0
15.901462880,1,0
15.901514880,1,1
15.901962880,0,1
15.902017760,0,0
15.902462720,1,0
15.902514240,1,1
15.902962720,0,1
15.903017760,0,0
15.903462720,1,0
15.903517280,1,1
15.903962720,0,1
15.904017600,0,0
15.904462720,1,0
15.904514720,1,1
15.904962720,0,1
15.905014400,0,0
15.905462560,1,0
15.905514240,1,1
15.905962560,0,1
15.906014240,0,0
15.906462560,1,0
15.906517440,1,1
15.906962560,0,1
15.907014560,0,0
15.907462560,1,0
15.907516960,1,1
15.907962560,0,1
15.908013920,0,0
15.908462400,1,0
15.908516640,1,1
15.908962400,0,1
15.909014720,0,0
15.909462400,1,0
15.909516640,1,1
15.909962400,0,1
15.910014560,0,0
15.910462400,1,0
15.910516640,1,1
15.910962240,0,1
15.911014720,0,0
15.911462240,1,0
15.911517120,1,1
15.911962240,0,1
15.912014400,0,0
15.912462240,1,0
15.912516640,1,1
15.912962240,0,1
15.913014240,0,0
15.913462080,1,0
15.913518720,1,1
15.913962080,0,1
15.914009760,0,0
15.914462080,1,0
15.914512000,1,1
15.914962080,0,1
15.915009760,0,0
15.915462080,1,0
15.915509120,1,1
15.915962080,0,1
15.916009440,0,0
15.916461920,1,0
15.916509120,1,1
15.916961920,0,1
15.917011680,0,0
15.917461920,1,0
15.917509280,1,1
15.917961920,0,1
15.918011840,0,0
15.918461920,1,0
15.918508800,1,1
15.918961920,0,1
15.919011840,0,0
15.919461760,1,0
15.919509120,1,1
15.919961760,0,1
15.920012160,0,0
15.920461760,1,0
15.920508800,1,1
15.920961760,0,1
15.921011840,0,0
15.921461760,1,0
15.921508800,1,1
15.921961600,0,1
15.922012160,0,0
15.922461600,1,0
15.922508640,1,1
15.922961600,0,1
15.923012320,0,0
15.923461600,1,0
15.923516960,1,1
15.923961600,0,1
15.924016480,0,0
15.924461440,1,0
15.924512800,1,1
15.924961440,0,1
15.925015840,0,0
15.925461440,1,0
15.925512640,1,1
15.925961440,0,1
15.926015360,0,0
15.926461440,1,0
15.926512480,1,1
15.926961440,0,1
15.927012160,0,0
15.927461280,1,0
15.927512320,1,1
15.927961280,0,1
15.928012000,0,0
15.928461280,1,0
15.928514880,1,1
15.928961280,0,1
15.929012480,0,0
15.929461280,1,0
15.929514560,1,1
15.929961280,0,1
15.930012960,0,0
15.930461120,1,0
15.930515040,1,1
15.930961120,0,1
15.931012480,0,0
15.931461120,1,0
15.931514560,1,1
15.931961120,0,1
15.932012000,0,0
15.932460960,1,0
15.932514880,1,1
15.932960960,0,1
15.933012000,0,0
15.933460960,1,0
15.933517440,1,1
15.933960960,0,1
15.934011680,0,0
15.934460960,1,0
15.934514720,1,1
15.934960960,0,1
15.935012320,0,0
15.935460800,1,0
15.935514560,1,1
15.935960800,0,1
15.936012000,0,0
15.936460800,1,0
15.936514880,1,1
15.936960800,0,1
15.937011680,0,0
15.937460800,1,0
15.937511520,1,1
15.937960800,0,1
15.938011840,0,0
15.938460640,1,0
15.938511680,1,1
15.938960640,0,1
15.939014880,0,0
15.939460640,1,0
15.939511520,1,1
15.939960640,0,1
15.940020640,0,0
15.940460640,1,0
15.940512480,1,1
15.940960480,0,1
15.941015200,0,0
15.941460480,1,0
15.941511680,1,1
15.941960480,0,1
15.942014400,0,0
15.942460480,1,0
15.942511200,1,1
15.942960480,0,1
15.943014560,0,0
15.943460320,1,0
15.943516480,1,1
15.943960320,0,1
15.944013760,0,0
15.944460320,1,0
15.944510560,1,1
15.944960320,0,1
15.945013120,0,0
15.945460320,1,0
15.945510400,1,1
15.945960320,0,1
15.946013600,0,0
15.946460160,1,0
15.946510720,1,1
15.946960160,0,1
15.947047680,0,0
15.947460160,1,0
15.947512000,1,1
15.947960160,0,1
15.948087680,0,0
15.948460160,1,0
15.948516160,1,1
15.948960160,0,1
15.949012000,0,0
15.949460000,1,0
15.949513600,1,1
15.949960000,0,1
15.950011040,0,0
15.950460000,1,0
15.950513440,1,1
15.950960000,0,1
15.951010720,0,0
15.951460000,1,0
15.951514240,1,1
15.951959840,0,1
15.952011040,0,0
15.952459840,1,0
15.952512960,1,1
15.952959840,0,1
15.953011040,0,0
15.953459840,1,0
15.953517280,1,1
15.953959840,0,1
15.954010560,0,0
15.954459680,1,0
15.954513120,1,1
15.954959680,0,1
15.955010240,0,0
15.955459680,1,0
15.955512640,1,1
15.955959680,0,1
15.956009600,0,0
15.956459680,1,0
15.956513280,1,1
15.956959680,0,1
15.957009600,0,0
15.957459520,1,0
15.957514720,1,1
15.957959520,0,1
15.958011200,0,0
15.958459520,1,0
15.958513280,1,1
15.958959520,0,1
15.959010720,0,0
15.959459520,1,0
15.959510400,1,1
15.959959520,0,1
15.960010880,0,0
15.960459360,1,0
15.960510240,1,1
15.960959360,0,1
15.961013120,0,0
15.961459360,1,0
15.961510240,1,1
15.961959360,0,1
15.962012960,0,0
15.962459360,1,0
15.962510720,1,1
15.962959200,0,1
15.963012800,0,0
15.963459200,1,0
15.963513600,1,1
15.963959200,0,1
15.964011840,0,0
15.964459200,1,0
15.964509760,1,1
15.964959200,0,1
15.965012160,0,0
15.965459040,1,0
15.965509120,1,1
15.965959040,0,1
15.966012480,0,0
15.966459040,1,0
15.966508960,1,1
15.966959040,0,1
15.967012000,0,0
15.967459040,1,0
15.967509120,1,1
15.967959040,0,1
15.968011840,0,0
15.968458880,1,0
15.968509280,1,1
15.968958880,0,1
15.969011680,0,0
15.969458880,1,0
15.969508960,1,1
15.969958880,0,1
15.970008480,0,0
15.970458880,1,0
15.970508480,1,1
15.970958880,0,1
15.971008800,0,0
15.971458720,1,0
15.971511520,1,1
15.971958720,0,1
15.972008960,0,0
15.972458720,1,0
15.972511680,1,1
15.972958720,0,1
15.973008800,0,0
15.973458720,1,0
15.973515840,1,1
15.973958560,0,1
15.974008800,0,0
15.974458560,1,0
15.974511360,1,1
15.974958560,0,1
15.975009120,0,0
15.975458560,1,0
15.975510720,1,1
15.975958560,0,1
15.976008480,0,0
15.976458400,1,0
15.976511040,1,1
15.976958400,0,1
15.977008640,0,0
15.977458400,1,0
15.977510880,1,1
15.977958400,0,1
15.978008640,0,0
15.978458400,1,0
15.978510560,1,1
15.978958400,0,1
15.979008160,0,0
15.979458240,1,0
15.979511040,1,1
15.979958240,0,1
15.980008640,0,0
15.980458240,1,0
15.980507840,1,1
15.980958240,0,1
15.981008480,0,0
15.981458240,1,0
15.981507360,1,1
15.981958240,0,1
15.982010880,0,0
15.982458080,1,0
15.982508000,1,1
15.982958080,0,1
15.983010720,0,0
15.983458080,1,0
15.983511200,1,1
15.983958080,0,1
15.984010880,0,0
15.984458080,1,0
15.984508160,1,1
15.984957920,0,1
15.985010560,0,0
15.985457920,1,0
15.985508160,1,1
15.985957920,0,1
15.986010240,0,0
15.986457920,1,0
15.986507680,1,1
15.986957920,0,1
15.987010880,0,0
15.987457760,1,0
15.987507680,1,1
15.987957760,0,1
15.988010880,0,0
15.988457760,1,0
15.988508000,1,1
15.988957760,0,1
15.989010880,0,0
15.989457760,1,0
15.989507040,1,1
15.989957760,0,1
15.990010720,0,0
15.990457600,1,0
15.990508000,1,1
15.990957600,0,1
15.991010720,0,0
15.991457600,1,0
15.991507840,1,1
15.991957600,0,1
15.992007520,0,0
15.992457600,1,0
15.992508160,1,1
15.992957600,0,1
15.993007520,0,0
15.993457440,1,0
15.993512160,1,1
15.993957440,0,1
15.994006560,0,0
15.994457440,1,0
15.994509600,1,1
15.994957440,0,1
15.995006560,0,0
15.995457440,1,0
15.995524640,1,1
15.995957280,0,1
15.996008960,0,0
15.996457280,1,0
15.996510560,1,1
15.996957280,0,1
15.997007840,0,0
15.997457280,1,0
15.997510240,1,1
15.997957280,0,1
15.998007840,0,0
15.998457120,1,0
15.998510560,1,1
15.998957120,0,1
15.999007360,0,0
15.999457120,1,0
15.999510240,1,1
15.999957120,0,1
16.000007200,0,0
16.000457120,1,0
16.000509760,1,1
16.000957120,0,1
16.001007360,0,0
16.001456960,1,0
16.001510400,1,1
16.001956960,0,1
16.002007360,0,0
16.002456960,1,0
16.002506720,1,1
16.002956960,0,1
16.003007360,0,0
16.003456960,1,0
16.003509440,1,1
16.003956960,0,1
16.004009280,0,0
16.004456800,1,0
16.004505920,1,1
16.004956800,0,1
16.005008800,0,0
16.005456800,1,0
16.005634560,1,1
16.005956800,0,1
16.006010560,0,0
16.006456800,1,0
16.006508480,1,1
16.006956640,0,1
16.007010240,0,0
16.007456640,1,0
16.007508320,1,1
16.007956640,0,1
16.008010880,0,0
16.008456640,1,0
16.008508000,1,1
16.008956640,0,1
16.009010720,0,0
16.009456480,1,0
16.009507840,1,1
16.009956480,0,1
16.010010240,0,0
16.010456480,1,0
16.010508000,1,1
16.010956480,0,1
16.011010560,0,0
16.011456480,1,0
16.011507680,1,1
16.011956480,0,1
16.012010560,0,0
16.012456320,1,0
16.012507520,1,1
16.012956320,0,1
16.013007520,0,0
16.013456320,1,0
16.013511200,1,1
16.013956320,0,1
16.014007200,0,0
16.014456320,1,0
16.014509600,1,1
16.014956320,0,1
16.015007200,0,0
16.015456160,1,0
16.015510240,1,1
16.015956160,0,1
16.016007200,0,0
16.016456160,1,0
16.016509440,1,1
16.016956160,0,1
16.017007360,0,0
16.017456160,1,0
16.017509280,1,1
16.017956000,0,1
16.018007680,0,0
16.018456000,1,0
16.018509920,1,1
16.018956000,0,1
16.019007520,0,0
16.019456000,1,0
16.019509600,1,1
16.019956000,0,1
16.020007200,0,0
16.020455840,1,0
16.020509600,1,1
16.020955840,0,1
16.021007200,0,0
16.021455840,1,0
16.021509920,1,1
16.021955840,0,1
16.022006880,0,0
16.022455840,1,0
16.022509280,1,1
16.022955840,0,1
16.023007200,0,0
16.023455680,1,0
16.023512480,1,1
16.023955680,0,1
16.024007040,0,0
16.024455680,1,0
16.024506400,1,1
16.024955680,0,1
16.025006720,0,0
16.025455680,1,0
16.025506560,1,1
16.025955680,0,1
16.026009760,0,0
16.026455520,1,0
16.026507040,1,1
16.026955520,0,1
16.027009440,0,0
16.027455520,1,0
16.027506880,1,1
16.027955520,0,1
16.028009440,0,0
16.028455360,1,0
16.028506400,1,1
16.028955360,0,1
16.029008800,0,0
16.029455360,1,0
16.029506240,1,1
16.029955360,0,1
16.030009280,0,0
16.030455360,1,0
16.030506560,1,1
16.030955360,0,1
16.031008960,0,0
16.031455200,1,0
16.031506720,1,1
16.031955200,0,1
16.032008960,0,0
16.032455200,1,0
16.032506240,1,1
16.032955200,0,1
16.033009120,0,0
16.033455200,1,0
16.033509120,1,1
16.033955200,0,1
16.034008960,0,0
16.034455040,1,0
16.034505920,1,1
16.034955040,0,1
16.035005920,0,0
16.035455040,1,0
16.035506720,1,1
16.035955040,0,1
16.036005760,0,0
16.036455040,1,0
16.036508480,1,1
16.036954880,0,1
16.037005920,0,0
16.037454880,1,0
16.037509120,1,1
16.037954880,0,1
16.038005600,0,0
16.038454880,1,0
16.038508480,1,1
16.038954880,0,1
16.039006080,0,0
16.039454720,1,0
16.039508480,1,1
16.039954720,0,1
16.040005760,0,0
16.040454720,1,0
16.040508480,1,1
16.040954720,0,1
16.041005760,0,0
16.041454720,1,0
16.041508480,1,1
16.041954720,0,1
16.042005760,0,0
16.042454560,1,0
16.042508320,1,1
16.042954560,0,1
16.043005920,0,0
16.043454560,1,0
16.043511360,1,1
16.043954560,0,1
16.044006240,0,0
16.044454560,1,0
16.044508320,1,1
16.044954560,0,1
16.045005760,0,0
16.045454400,1,0
16.045505440,1,1
16.045954400,0,1
16.046005600,0,0
16.046454400,1,0
16.046505120,1,1
16.046954400,0,1
16.047008000,0,0
16.047454400,1,0
16.047505600,1,1
16.047954240,0,1
16.048008000,0,0
16.048454240,1,0
16.048505120,1,1
16.048954240,0,1
16.049008000,0,0
16.049454240,1,0
16.049505280,1,1
16.049954240,0,1
16.050008000,0,0
16.050454080,1,0
16.050505280,1,1
16.050954080,0,1
16.051008320,0,0
16.051454080,1,0
16.051505120,1,1
16.051954080,0,1
16.052008160,0,0
16.052454080,1,0
16.052505120,1,1
16.052954080,0,1
16.053008160,0,0
16.053453920,1,0
16.053507840,1,1
16.053953920,0,1
16.054008160,0,0
16.054453920,1,0
16.054505280,1,1
16.054953920,0,1
16.055008320,0,0
16.055453920,1,0
16.055504960,1,1
16.055953920,0,1
16.056004800,0,0
16.056453760,1,0
16.056504960,1,1
16.056953760,0,1
16.057004480,0,0
16.057453760,1,0
16.057507840,1,1
16.057953760,0,1
16.058004640,0,0
16.058453760,1,0
16.058507360,1,1
16.058953600,0,1
16.059005120,0,0
16.059453600,1,0
16.059507040,1,1
16.059953600,0,1
16.060004480,0,0
16.060453600,1,0
16.060507200,1,1
16.060953600,0,1
16.061004640,0,0
16.061453440,1,0
16.061507040,1,1
16.061953440,0,1
16.062004800,0,0
16.062453440,1,0
16.062507360,1,1
16.062953440,0,1
16.063004640,0,0
16.063453440,1,0
16.063510240,1,1
16.063953440,0,1
16.064004480,0,0
16.064453280,1,0
16.064507200,1,1
16.064953280,0,1
16.065004640,0,0
16.065453280,1,0
16.065507520,1,1
16.065953280,0,1
16.066004480,0,0
16.066453280,1,0
16.066507360,1,1
16.066953280,0,1
16.067004800,0,0
16.067453120,1,0
16.067504480,1,1
16.067953120,0,1
16.068004480,0,0
16.068453120,1,0
16.068504160,1,1
16.068953120,0,1
16.069007040,0,0
16.069453120,1,0
16.069503840,1,1
16.069952960,0,1
16.070007040,0,0
16.070452960,1,0
16.070504160,1,1
16.070952960,0,1
16.071006880,0,0
16.071452960,1,0
16.071504160,1,1
16.071952960,0,1
16.072006560,0,0
16.072452800,1,0
16.072503840,1,1
16.072952800,0,1
16.073006720,0,0
16.073452800,1,0
16.073507040,1,1
16.073952800,0,1
16.074006880,0,0
16.074452800,1,0
16.074504000,1,1
16.074952800,0,1
16.075006880,0,0
16.075452640,1,0
16.075504000,1,1
16.075952640,0,1
16.076006400,0,0
16.076452640,1,0
16.076503840,1,1
16.076952640,0,1
16.077006720,0,0
16.077452640,1,0
16.077503680,1,1
16.077952640,0,1
16.078003200,0,0
16.078452480,1,0
16.078503840,1,1
16.078952480,0,1
16.079003680,0,0
16.079452480,1,0
16.079506080,1,1
16.079952480,0,1
16.080003360,0,0
16.080452480,1,0
16.080506240,1,1
16.080952320,0,1
16.081004000,0,0
16.081452320,1,0
16.081505920,1,1
16.081952320,0,1
16.082003520,0,0
16.082452320,1,0
16.082505920,1,1
16.082952320,0,1
16.083003360,0,0
16.083452160,1,0
16.083508640,1,1
16.083952160,0,1
16.084003360,0,0
16.084452160,1,0
16.084506080,1,1
16.084952160,0,1
16.085003360,0,0
16.085452160,1,0
16.085505920,1,1
16.085952160,0,1
16.086002880,0,0
16.086452000,1,0
16.086505600,1,1
16.086952000,0,1
16.087003040,0,0
16.087452000,1,0
16.087505920,1,1
16.087952000,0,1
16.088003680,0,0
16.088452000,1,0
16.088502880,1,1
16.088952000,0,1
16.089003360,0,0
16.089451840,1,0
16.089502880,1,1
16.089951840,0,1
16.090005440,0,0
16.090451840,1,0
16.090503040,1,1
16.090951840,0,1
16.091005440,0,0
16.091451840,1,0
16.091503040,1,1
16.091951680,0,1
16.092005440,0,0
16.092451680,1,0
16.092503040,1,1
16.092951680,0,1
16.093005600,0,0
16.093451680,1,0
16.093505440,1,1
16.093951680,0,1
16.094005280,0,0
16.094451520,1,0
16.094502880,1,1
16.094951520,0,1
16.095005920,0,0
16.095451520,1,0
16.095503360,1,1
16.095951520,0,1
16.096005280,0,0
16.096451520,1,0
16.096502400,1,1
16.096951520,0,1
16.097005280,0,0
16.097451360,1,0
16.097502720,1,1
16.097951360,0,1
16.098005440,0,0
16.098451360,1,0
16.098502720,1,1
16.098951360,0,1
16.099005280,0,0
16.099451360,1,0
16.099502560,1,1
16.099951360,0,1
16.100001920,0,0
16.100451200,1,0
16.100502560,1,1
16.100951200,0,1
16.101002080,0,0
16.101451200,1,0
16.101504960,1,1
16.101951200,0,1
16.102002240,0,0
16.102451200,1,0
16.102504960,1,1
16.102951040,0,1
16.103002560,0,0
16.103451040,1,0
16.103507360,1,1
16.103951040,0,1
16.104001760,0,0
16.104451040,1,0
16.104505120,1,1
16.104951040,0,1
16.105002080,0,0
16.105450880,1,0
16.105504640,1,1
16.105950880,0,1
16.106001920,0,0
16.106450880,1,0
16.106504800,1,1
16.106950880,0,1
16.107002240,0,0
16.107450880,1,0
16.107504960,1,1
16.107950880,0,1
16.108002080,0,0
16.108450720,1,0
16.108504800,1,1
16.108950720,0,1
16.109002080,0,0
16.109450720,1,0
16.109504480,1,1
16.109950720,0,1
16.110001600,0,0
16.110450720,1,0
16.110501600,1,1
16.110950720,0,1
16.111002240,0,0
16.111450560,1,0
16.111502080,1,1
16.111950560,0,1
16.112004480,0,0
16.112450560,1,0
16.112501920,1,1
16.112950560,0,1
16.113004480,0,0
16.113450400,1,0
16.113504800,1,1
16.113950400,0,1
16.114004000,0,0
16.114450400,1,0
16.114564480,1,1
16.114950400,0,1
16.115006240,0,0
16.115450400,1,0
16.115502240,1,1
16.115950400,0,1
16.116004800,0,0
16.116450240,1,0
16.116501600,1,1
16.116950240,0,1
16.117004640,0,0
16.117450240,1,0
16.117501760,1,1
16.117950240,0,1
16.118004000,0,0
16.118450240,1,0
16.118501280,1,1
16.118950240,0,1
16.119004000,0,0
16.119450080,1,0
16.119501280,1,1
16.119950080,0,1
16.120004160,0,0
16.120450080,1,0
16.120501440,1,1
16.120950080,0,1
16.121000960,0,0
16.121450080,1,0
16.121501280,1,1
16.121950080,0,1
16.122000960,0,0
16.122449920,1,0
16.122503360,1,1
16.122949920,0,1
16.123001120,0,0
16.123449920,1,0
16.123511360,1,1
16.123949920,0,1
16.124002080,0,0
16.124449760,1,0
16.124503840,1,1
16.124949760,0,1
16.125001120,0,0
16.125449760,1,0
16.125503520,1,1
16.125949760,0,1
16.126000640,0,0
16.126449760,1,0
16.126503360,1,1
16.126949760,0,1
16.127000640,0,0
16.127449600,1,0
16.127503200,1,1
16.127949600,0,1
16.128001120,0,0
16.128449600,1,0
16.128503360,1,1
16.128949600,0,1
16.129001120,0,0
16.129449600,1,0
16.129503200,1,1
16.129949600,0,1
16.130000480,0,0
16.130449440,1,0
16.130503680,1,1
16.130949440,0,1
16.131000640,0,0
16.131449440,1,0
16.131503840,1,1
16.131949440,0,1
16.132000640,0,0
16.132449440,1,0
16.132500160,1,1
16.132949440,0,1
16.133000480,0,0
16.133449280,1,0
16.133652960,1,1
16.133949280,0,1
16.134000800,0,0
16.134449280,1,0
16.134500320,1,1
16.134949280,0,1
16.135003520,0,0
16.135449120,1,0
16.135500160,1,1
16.135949120,0,1
16.136002880,0,0
16.136449120,1,0
16.136500800,1,1
16.136949120,0,1
16.137002400,0,0
16.137449120,1,0
16.137500160,1,1
16.137949120,0,1
16.138003360,0,0
16.138448960,1,0
16.138500000,1,1
16.138948960,0,1
16.139002720,0,0
16.139448960,1,0
16.139500160,1,1
16.139948960,0,1
16.140010560,0,0
16.140448960,1,0
16.140504160,1,1
16.140948960,0,1
16.141003200,0,0
16.141448800,1,0
16.141500160,1,1
16.141948800,0,1
16.142002720,0,0
16.142448800,1,0
16.142500000,1,1
16.142948800,0,1
16.143000160,0,0
16.143448800,1,0
16.143504320,1,1
16.143948800,0,1
16.143999360,0,0
16.144448640,1,0
16.144502400,1,1
16.144948640,0,1
16.144999840,0,0
16.145448640,1,0
16.145502400,1,1
16.145948640,0,1
16.145999360,0,0
16.146448480,1,0
16.146507360,1,1
16.146948480,0,1
16.146999680,0,0
16.147448480,1,0
16.147502080,1,1
16.147948480,0,1
16.147999840,0,0
16.148448480,1,0
16.148502400,1,1
16.148948480,0,1
16.148999520,0,0
16.149448320,1,0
16.149502400,1,1
16.149948320,0,1
16.149999040,0,0
16.150448320,1,0
16.150502400,1,1
16.150948320,0,1
16.150999200,0,0
16.151448320,1,0
16.151502240,1,1
16.151948320,0,1
16.151999360,0,0
16.152448160,1,0
16.152501920,1,1
16.152948160,0,1
16.152999200,0,0
16.153448160,1,0
16.153502720,1,1
16.153948160,0,1
16.153995520,0,0
16.154448160,1,0
16.154494880,1,1
16.154948160,0,1
16.154997120,0,0
16.155448000,1,0
16.155494720,1,1
16.155948000,0,1
16.155997120,0,0
16.156448000,1,0
16.156494720,1,1
16.156948000,0,1
16.156996960,0,0
16.157447840,1,0
16.157494560,1,1
16.157947840,0,1
16.157996800,0,0
16.158447840,1,0
16.158494400,1,1
16.158947840,0,1
16.158997280,0,0
16.159447840,1,0
16.159494080,1,1
16.159947840,0,1
16.159996800,0,0
16.160447680,1,0
16.160494560,1,1
16.160947680,0,1
16.160997120,0,0
16.161447680,1,0
16.161494240,1,1
16.161947680,0,1
16.161996960,0,0
16.162447680,1,0
16.162493920,1,1
16.162947680,0,1
16.162996800,0,0
16.163447520,1,0
16.163505600,1,1
16.163947520,0,1
16.164000160,0,0
16.164447520,1,0
16.164496960,1,1
16.164947520,0,1
16.164996800,0,0
16.165447520,1,0
16.165496960,1,1
16.165947360,0,1
16.165996800,0,0
16.166447360,1,0
16.166499200,1,1
16.166947360,0,1
16.166996480,0,0
16.167447360,1,0
16.167499840,1,1
16.167947360,0,1
16.167996480,0,0
16.168447200,1,0
16.168499360,1,1
16.168947200,0,1
16.168996480,0,0
16.169447200,1,0
16.169499200,1,1
16.169947200,0,1
16.169996480,0,0
16.170447200,1,0
16.170499680,1,1
16.170947200,0,1
16.171001760,0,0
16.171447040,1,0
16.171500000,1,1
16.171947040,0,1
16.172004960,0,0
16.172447040,1,0
16.172501440,1,1
16.172947040,0,1
16.172997920,0,0
16.173447040,1,0
16.173505600,1,1
16.173947040,0,1
16.173996320,0,0
16.174446880,1,0
16.174499360,1,1
16.174946880,0,1
16.174996480,0,0
16.175446880,1,0
16.175496320,1,1
16.175946880,0,1
16.175996160,0,0
16.176446880,1,0
16.176496480,1,1
16.176946720,0,1
16.176998400,0,0
16.177446720,1,0
16.177496640,1,1
16.177946720,0,1
16.177998240,0,0
16.178446720,1,0
16.178496000,1,1
16.178946720,0,1
16.178998400,0,0
16.179446560,1,0
16.179496320,1,1
16.179946560,0,1
16.179998720,0,0
16.180446560,1,0
16.180496640,1,1
16.180946560,0,1
16.181002560,0,0
16.181446560,1,0
16.181497920,1,1
16.181946560,0,1
16.182000320,0,0
16.182446400,1,0
16.182497440,1,1
16.182946400,0,1
16.183000320,0,0
16.183446400,1,0
16.183500640,1,1
16.183946400,0,1
16.184000640,0,0
16.184446400,1,0
16.184497920,1,1
16.184946400,0,1
16.185000480,0,0
16.185446240,1,0
16.185497760,1,1
16.185946240,0,1
16.185997120,0,0
16.186446240,1,0
16.186497280,1,1
16.186946240,0,1
16.186997120,0,0
16.187446240,1,0
16.187499840,1,1
16.187946080,0,1
16.187997440,0,0
16.188446080,1,0
16.188500160,1,1
16.188946080,0,1
16.188996960,0,0
16.189446080,1,0
16.189500000,1,1
16.189946080,0,1
16.189996960,0,0
16.190445920,1,0
16.190499520,1,1
16.190945920,0,1
16.190996640,0,0
16.191445920,1,0
16.191499520,1,1
16.191945920,0,1
16.191996640,0,0
16.192445920,1,0
16.192500000,1,1
16.192945920,0,1
16.192996960,0,0
16.193445760,1,0
16.193502240,1,1
16.193945760,0,1
16.193996960,0,0
16.194445760,1,0
16.194499840,1,1
16.194945760,0,1
16.194996960,0,0
16.195445760,1,0
16.195499840,1,1
16.195945760,0,1
16.195997120,0,0
16.196445600,1,0
16.196499360,1,1
16.196945600,0,1
16.196996800,0,0
16.197445600,1,0
16.197496320,1,1
16.197945600,0,1
16.197996640,0,0
16.198445600,1,0
16.198496480,1,1
16.198945440,0,1
16.198999040,0,0
16.199445440,1,0
16.199496640,1,1
16.199945440,0,1
16.199999360,0,0
16.200445440,1,0
16.200496640,1,1
16.200945440,0,1
16.200998880,0,0
16.201445280,1,0
16.201496320,1,1
16.201945280,0,1
16.201998880,0,0
16.202445280,1,0
16.202496320,1,1
16.202945280,0,1
16.202998880,0,0
16.203445280,1,0
16.203499360,1,1
16.203945280,0,1
16.203999680,0,0
16.204445120,1,0
16.204496320,1,1
16.204945120,0,1
16.204998720,0,0
16.205445120,1,0
16.205496320,1,1
16.205945120,0,1
16.205998720,0,0
16.206445120,1,0
16.206496160,1,1
16.206945120,0,1
16.206999040,0,0
16.207444960,1,0
16.207496640,1,1
16.207944960,0,1
16.207995840,0,0
16.208444960,1,0
16.208496000,1,1
16.208944960,0,1
16.208995520,0,0
16.209444960,1,0
16.209498560,1,1
16.209944800,0,1
16.209996000,0,0
16.210444800,1,0
16.210498560,1,1
16.210944800,0,1
16.210995520,0,0
16.211444800,1,0
16.211498880,1,1
16.211944800,0,1
16.211996160,0,0
16.212444640,1,0
16.212498400,1,1
16.212944640,0,1
16.212995680,0,0
16.213444640,1,0
16.213501280,1,1
16.213944640,0,1
16.213996000,0,0
16.214444640,1,0
16.214498560,1,1
16.214944640,0,1
16.214995680,0,0
16.215444480,1,0
16.215498400,1,1
16.215944480,0,1
16.215995840,0,0
16.216444480,1,0
16.216498880,1,1
16.216944480,0,1
16.216995200,0,0
16.217444480,1,0
16.217498240,1,1
16.217944480,0,1
16.217995840,0,0
16.218444320,1,0
16.218494880,1,1
16.218944320,0,1
16.218995360,0,0
16.219444320,1,0
16.219495520,1,1
16.219944320,0,1
16.219997920,0,0
16.220444320,1,0
16.220495520,1,1
16.220944160,0,1
16.220998400,0,0
16.221444160,1,0
16.221495360,1,1
16.221944160,0,1
16.221997920,0,0
16.222444160,1,0
16.222495200,1,1
16.222944160,0,1
16.222998240,0,0
16.223444000,1,0
16.223496000,1,1
16.223944000,0,1
16.223998240,0,0
16.224444000,1,0
16.224495360,1,1
16.224944000,0,1
16.224997920,0,0
16.225444000,1,0
16.225495040,1,1
16.225944000,0,1
16.225998240,0,0
16.226443840,1,0
16.226495040,1,1
16.226943840,0,1
16.226998240,0,0
16.227443840,1,0
16.227494880,1,1
16.227943840,0,1
16.227997440,0,0
16.228443840,1,0
16.228495040,1,1
16.228943840,0,1
16.228997280,0,0
16.229443680,1,0
16.229494880,1,1
16.229943680,0,1
16.229994720,0,0
16.230443680,1,0
16.230494880,1,1
16.230943680,0,1
16.230994720,0,0
16.231443680,1,0
16.231497120,1,1
16.231943520,0,1
16.231995040,0,0
16.232443520,1,0
16.232496800,1,1
16.232943520,0,1
16.232994720,0,0
16.233443520,1,0
16.233500960,1,1
16.233943520,0,1
16.233994400,0,0
16.234443360,1,0
16.234496800,1,1
16.234943360,0,1
16.234994880,0,0
16.235443360,1,0
16.235497440,1,1
16.235943360,0,1
16.235994560,0,0
16.236443360,1,0
16.236496800,1,1
16.236943360,0,1
16.236994400,0,0
16.237443200,1,0
16.237496640,1,1
16.237943200,0,1
16.237994560,0,0
16.238443200,1,0
16.238497120,1,1
16.238943200,0,1
16.238994400,0,0
16.239443200,1,0
16.239496480,1,1
16.239943200,0,1
16.239994080,0,0
16.240443040,1,0
16.240493760,1,1
16.240943040,0,1
16.240993760,0,0
16.241443040,1,0
16.241493760,1,1
16.241943040,0,1
16.241996480,0,0
16.242443040,1,0
16.242494240,1,1
16.242942880,0,1
16.242996800,0,0
16.243442880,1,0
16.243496960,1,1
16.243942880,0,1
16.243996800,0,0
16.244442880,1,0
16.244494400,1,1
16.244942880,0,1
16.244996640,0,0
16.245442720,1,0
16.245494080,1,1
16.245942720,0,1
16.245996800,0,0
16.246442720,1,0
16.246494720,1,1
16.246942720,0,1
16.246996640,0,0
16.247442720,1,0
16.247494080,1,1
16.247942720,0,1
16.247996160,0,0
16.248442560,1,0
16.248494240,1,1
16.248942560,0,1
16.248996640,0,0
16.249442560,1,0
16.249493440,1,1
16.249942560,0,1
16.249996480,0,0
16.250442560,1,0
16.250493760,1,1
16.250942560,0,1
16.250993600,0,0
16.251442400,1,0
16.251494080,1,1
16.251942400,0,1
16.251993280,0,0
16.252442400,1,0
16.252496160,1,1
16.252942400,0,1
16.252993280,0,0
16.253442400,1,0
16.253499040,1,1
16.253942240,0,1
16.253993280,0,0
16.254442240,1,0
16.254496000,1,1
16.254942240,0,1
16.254993600,0,0
16.255442240,1,0
16.255495840,1,1
16.255942240,0,1
16.255993440,0,0
16.256442080,1,0
16.256496160,1,1
16.256942080,0,1
16.256993120,0,0
16.257442080,1,0
16.257496000,1,1
16.257942080,0,1
16.257993280,0,0
16.258442080,1,0
16.258495840,1,1
16.258942080,0,1
16.258992960,0,0
16.259441920,1,0
16.259496000,1,1
16.259941920,0,1
16.259993120,0,0
16.260441920,1,0
16.260495840,1,1
16.260941920,0,1
16.260992800,0,0
16.261441920,1,0
16.261495520,1,1
16.261941920,0,1
16.261992960,0,0
16.262441760,1,0
16.262492800,1,1
16.262941760,0,1
16.262992640,0,0
16.263441760,1,0
16.263495200,1,1
16.263941760,0,1
16.263995680,0,0
16.264441760,1,0
16.264492960,1,1
16.264941600,0,1
16.264995360,0,0
16.265441600,1,0
16.265493120,1,1
16.265941600,0,1
16.265995520,0,0
16.266441600,1,0
16.266492800,1,1
16.266941600,0,1
16.266995520,0,0
16.267441440,1,0
16.267492480,1,1
16.267941440,0,1
16.267995520,0,0
16.268441440,1,0
16.268492320,1,1
16.268941440,0,1
16.268995520,0,0
16.269441440,1,0
16.269492320,1,1
16.269941440,0,1
16.269995200,0,0
16.270441280,1,0
16.270492320,1,1
16.270941280,0,1
16.270995040,0,0
16.271441280,1,0
16.271492640,1,1
16.271941280,0,1
16.271995680,0,0
16.272441280,1,0
16.272492800,1,1
16.272941280,0,1
16.272991680,0,0
16.273441120,1,0
16.273495360,1,1
16.273941120,0,1
16.273992480,0,0
16.274441120,1,0
16.274494560,1,1
16.274941120,0,1
16.274992160,0,0
16.275441120,1,0
16.275495040,1,1
16.275940960,0,1
16.275992000,0,0
16.276440960,1,0
16.276494720,1,1
16.276940960,0,1
16.276992160,0,0
16.277440960,1,0
16.277494560,1,1
16.277940960,0,1
16.277991840,0,0
16.278440800,1,0
16.278494880,1,1
16.278940800,0,1
16.278991680,0,0
16.279440800,1,0
16.279494720,1,1
16.279940800,0,1
16.279991840,0,0
16.280440800,1,0
16.280494560,1,1
16.280940800,0,1
16.280991840,0,0
16.281440640,1,0
16.281494240,1,1
16.281940640,0,1
16.281992000,0,0
16.282440640,1,0
16.282494720,1,1
16.282940640,0,1
16.282991680,0,0
16.283440640,1,0
16.283493600,1,1
16.283940640,0,1
16.283991680,0,0
16.284440480,1,0
16.284490880,1,1
16.284940480,0,1
16.284993920,0,0
16.285440480,1,0
16.285491520,1,1
16.285940480,0,1
16.285994400,0,0
16.286440480,1,0
16.286491680,1,1
16.286940320,0,1
16.286993920,0,0
16.287440320,1,0
16.287491200,1,1
16.287940320,0,1
16.287994080,0,0
16.288440320,1,0
16.288491520,1,1
16.288940320,0,1
16.288994080,0,0
16.289440160,1,0
16.289491200,1,1
16.289940160,0,1
16.289994400,0,0
16.290440160,1,0
16.290491040,1,1
16.290940160,0,1
16.290994240,0,0
16.291440160,1,0
16.291491040,1,1
16.291940160,0,1
16.291994080,0,0
16.292440000,1,0
16.292491520,1,1
16.292940000,0,1
16.292994080,0,0
16.293440000,1,0
16.293493760,1,1
16.293940000,0,1
16.293994080,0,0
16.294440000,1,0
16.294491360,1,1
16.294940000,0,1
16.294990880,0,0
16.295439840,1,0
16.295491360,1,1
16.295939840,0,1
16.295990400,0,0
16.296439840,1,0
16.296492960,1,1
16.296939840,0,1
16.296991200,0,0
16.297439840,1,0
16.297493600,1,1
16.297939680,0,1
16.297990240,0,0
16.298439680,1,0
16.298493760,1,1
16.298939680,0,1
16.298990560,0,0
16.299439680,1,0
16.299493120,1,1
16.299939680,0,1
16.299990560,0,0
16.300439520,1,0
16.300493440,1,1
16.300939520,0,1
16.300990560,0,0
16.301439520,1,0
16.301492960,1,1
16.301939520,0,1
16.301990560,0,0
16.302439520,1,0
16.302492800,1,1
16.302939520,0,1
16.302990720,0,0
16.303439360,1,0
16.303496160,1,1
16.303939360,0,1
16.303990720,0,0
16.304439360,1,0
16.304492960,1,1
16.304939360,0,1
16.304990560,0,0
16.305439360,1,0
16.305490240,1,1
16.305939360,0,1
16.305990240,0,0
16.306439200,1,0
16.306490080,1,1
16.306939200,0,1
16.306992960,0,0
16.307439200,1,0
16.307490080,1,1
16.307939200,0,1
16.307992640,0,0
16.308439200,1,0
16.308490080,1,1
16.308939040,0,1
16.308992800,0,0
16.309439040,1,0
16.309490400,1,1
16.309939040,0,1
16.309992640,0,0
16.310439040,1,0
16.310490240,1,1
16.310939040,0,1
16.310993280,0,0
16.311438880,1,0
16.311490240,1,1
16.311938880,0,1
16.311992800,0,0
16.312438880,1,0
16.312489920,1,1
16.312938880,0,1
16.312992480,0,0
16.313438880,1,0
16.313492960,1,1
16.313938880,0,1
16.313992640,0,0
16.314438720,1,0
16.314489760,1,1
16.314938720,0,1
16.314992480,0,0
16.315438720,1,0
16.315489600,1,1
16.315938720,0,1
16.315989920,0,0
16.316438720,1,0
16.316489280,1,1
16.316938720,0,1
16.316989600,0,0
16.317438560,1,0
16.317492160,1,1
16.317938560,0,1
16.317989440,0,0
16.318438560,1,0
16.318492480,1,1
16.318938560,0,1
16.318989760,0,0
16.319438560,1,0
16.319492000,1,1
16.319938400,0,1
16.319989280,0,0
16.320438400,1,0
16.320492160,1,1
16.320938400,0,1
16.320989760,0,0
16.321438400,1,0
16.321492000,1,1
16.321938400,0,1
16.321989440,0,0
16.322438240,1,0
16.322492480,1,1
16.322938240,0,1
16.322989280,0,0
16.323438240,1,0
16.323494720,1,1
16.323938240,0,1
16.323989440,0,0
16.324438240,1,0
16.324491680,1,1
16.324938240,0,1
16.324989440,0,0
16.325438080,1,0
16.325492160,1,1
16.325938080,0,1
16.325989440,0,0
16.326438080,1,0
16.326491680,1,1
16.326938080,0,1
16.326989120,0,0
16.327438080,1,0
16.327488960,1,1
16.327938080,0,1
16.327989280,0,0
16.328437920,1,0
16.328488960,1,1
16.328937920,0,1
16.328991200,0,0
16.329437920,1,0
16.329488960,1,1
16.329937920,0,1
16.329991680,0,0
16.330437920,1,0
16.330489120,1,1
16.330937760,0,1
16.330991520,0,0
16.331437760,1,0
16.331488800,1,1
16.331937760,0,1
16.331991360,0,0
16.332437760,1,0
16.332488800,1,1
16.332937760,0,1
16.332991520,0,0
16.333437600,1,0
16.333491520,1,1
16.333937600,0,1
16.333991520,0,0
16.334437600,1,0
16.334489120,1,1
16.334937600,0,1
16.334991520,0,0
16.335437600,1,0
16.335489120,1,1
16.335937600,0,1
16.335991200,0,0
16.336437440,1,0
16.336488320,1,1
16.336937440,0,1
16.336991200,0,0
16.337437440,1,0
16.337488320,1,1
16.337937440,0,1
16.337988320,0,0
16.338437440,1,0
16.338488480,1,1
16.338937440,0,1
16.338988160,0,0
16.339437280,1,0
16.339490880,1,1
16.339937280,0,1
16.339988480,0,0
16.340437280,1,0
16.340491040,1,1
16.340937280,0,1
16.340988320,0,0
16.341437280,1,0
16.341490880,1,1
16.341937120,0,1
16.341987680,0,0
16.342437120,1,0
16.342491040,1,1
16.342937120,0,1
16.342988000,0,0
16.343437120,1,0
16.343493920,1,1
16.343937120,0,1
16.343988160,0,0
16.344436960,1,0
16.344491200,1,1
16.344936960,0,1
16.344987680,0,0
16.345436960,1,0
16.345490720,1,1
16.345936960,0,1
16.345988000,0,0
16.346436960,1,0
16.346490720,1,1
16.346936960,0,1
16.346987680,0,0
16.347436800,1,0
16.347491040,1,1
16.347936800,0,1
16.347987360,0,0
16.348436800,1,0
16.348488000,1,1
16.348936800,0,1
16.348987680,0,0
16.349436800,1,0
16.349487360,1,1
16.349936800,0,1
16.349990720,0,0
16.350436640,1,0
16.350487520,1,1
16.350936640,0,1
16.350989920,0,0
16.351436640,1,0
16.351487520,1,1
16.351936640,0,1
16.351990400,0,0
16.352436640,1,0
16.352487360,1,1
16.352936480,0,1
16.352990240,0,0
16.353436480,1,0
16.353492640,1,1
16.353936480,0,1
16.353990400,0,0
16.354436480,1,0
16.354487840,1,1
16.354936480,0,1
16.354990240,0,0
16.355436320,1,0
16.355487680,1,1
16.355936320,0,1
16.355990240,0,0
16.356436320,1,0
16.356487520,1,1
16.356936320,0,1
16.356990240,0,0
16.357436320,1,0
16.357487040,1,1
16.357936320,0,1
16.357990400,0,0
16.358436160,1,0
16.358487360,1,1
16.358936160,0,1
16.358986880,0,0
16.359436160,1,0
16.359487360,1,1
16.359936160,0,1
16.359987040,0,0
16.360436160,1,0
16.360489760,1,1
16.360936160,0,1
16.360987360,0,0
16.361436000,1,0
16.361489600,1,1
16.361936000,0,1
16.361987360,0,0
16.362436000,1,0
16.362489600,1,1
16.362936000,0,1
16.362986720,0,0
16.363436000,1,0
16.363491680,1,1
16.363936000,0,1
16.363986720,0,0
16.364435840,1,0
16.364489280,1,1
16.364935840,0,1
16.364986880,0,0
16.365435840,1,0
16.365489760,1,1
16.365935840,0,1
16.365986880,0,0
16.366435680,1,0
16.366489760,1,1
16.366935680,0,1
16.366986560,0,0
16.367435680,1,0
16.367489120,1,1
16.367935680,0,1
16.367986560,0,0
16.368435680,1,0
16.368489440,1,1
16.368935680,0,1
16.368986400,0,0
16.369435520,1,0
16.369489760,1,1
16.369935520,0,1
16.369986560,0,0
16.370435520,1,0
16.370486080,1,1
16.370935520,0,1
16.370986240,0,0
16.371435520,1,0
16.371486400,1,1
16.371935520,0,1
16.371989120,0,0
16.372435360,1,0
16.372486400,1,1
16.372935360,0,1
16.372988800,0,0
16.373435360,1,0
16.373489280,1,1
16.373935360,0,1
16.373984960,0,0
16.374435360,1,0
16.374481760,1,1
16.374935360,0,1
16.374983840,0,0
16.375435200,1,0
16.375481760,1,1
16.375935200,0,1
16.375984640,0,0
16.376435200,1,0
16.376481760,1,1
16.376935200,0,1
16.376984320,0,0
16.377435040,1,0
16.377482080,1,1
16.377935040,0,1
16.377984800,0,0
16.378435040,1,0
16.378481440,1,1
16.378935040,0,1
16.378984640,0,0
16.379435040,1,0
16.379481920,1,1
16.379935040,0,1
16.379984320,0,0
16.380434880,1,0
16.380481120,1,1
16.380934880,0,1
16.380981440,0,0
16.381434880,1,0
16.381481600,1,1
16.381934880,0,1
16.381981120,0,0
16.382434880,1,0
16.382483840,1,1
16.382934880,0,1
16.382981440,0,0
16.383434720,1,0
16.383488640,1,1
16.383934720,0,1
16.383984160,0,0
16.384434720,1,0
16.384486880,1,1
16.384934720,0,1
16.384984160,0,0
16.385434720,1,0
16.385486720,1,1
16.385934720,0,1
16.385983680,0,0
16.386434560,1,0
16.386487040,1,1
16.386934560,0,1
16.386983360,0,0
16.387434560,1,0
16.387486720,1,1
16.387934560,0,1
16.387983360,0,0
16.388434400,1,0
16.388486240,1,1
16.388934400,0,1
16.388983360,0,0
16.389434400,1,0
16.389486560,1,1
16.389934400,0,1
16.389983520,0,0
16.390434400,1,0
16.390486880,1,1
16.390934400,0,1
16.390983520,0,0
16.391434240,1,0
16.391483520,1,1
16.391934240,0,1
16.391984000,0,0
16.392434240,1,0
16.392514240,1,1
16.392934240,0,1
16.393018560,0,0
16.393434240,1,0
16.393549120,1,1
16.393934240,0,1
16.393987200,0,0
16.394434080,1,0
16.394485440,1,1
16.394934080,0,1
16.394987040,0,0
16.395434080,1,0
16.395484000,1,1
16.395934080,0,1
16.395986720,0,0
16.396434080,1,0
16.396483840,1,1
16.396934080,0,1
16.396986400,0,0
16.397433920,1,0
16.397484000,1,1
16.397933920,0,1
16.397986560,0,0
16.398433920,1,0
16.398484000,1,1
16.398933920,0,1
16.398986720,0,0
16.399433760,1,0
16.399483840,1,1
16.399933760,0,1
16.399985920,0,0
16.400433760,1,0
16.400483520,1,1
16.400933760,0,1
16.400986560,0,0
16.401433760,1,0
16.401483840,1,1
16.401933760,0,1
16.401986400,0,0
16.402433600,1,0
16.402483200,1,1
16.402933600,0,1
16.402983200,0,0
16.403433600,1,0
16.403486240,1,1
16.403933600,0,1
16.403983200,0,0
16.404433600,1,0
16.404486240,1,1
16.404933600,0,1
16.404983680,0,0
16.405433440,1,0
16.405486080,1,1
16.405933440,0,1
16.405983520,0,0
16.406433440,1,0
16.406485920,1,1
16.406933440,0,1
16.406983520,0,0
16.407433440,1,0
16.407485920,1,1
16.407933440,0,1
16.407983840,0,0
16.408433280,1,0
16.408486080,1,1
16.408933280,0,1
16.408983680,0,0
16.409433280,1,0
16.409485920,1,1
16.409933280,0,1
16.409983040,0,0
16.410433120,1,0
16.410486080,1,1
16.410933120,0,1
16.410983520,0,0
16.411433120,1,0
16.411485920,1,1
16.411933120,0,1
16.411983360,0,0
16.412433120,1,0
16.412485920,1,1
16.412933120,0,1
16.412983200,0,0
16.413432960,1,0
16.413486880,1,1
16.413932960,0,1
16.413983200,0,0
16.414432960,1,0
16.414482880,1,1
16.414932960,0,1
16.414985760,0,0
16.415432960,1,0
16.415483200,1,1
16.415932960,0,1
16.415985760,0,0
16.416432800,1,0
16.416483040,1,1
16.416932800,0,1
16.416985920,0,0
16.417432800,1,0
16.417483200,1,1
16.417932800,0,1
16.417985120,0,0
16.418432800,1,0
16.418482240,1,1
16.418932800,0,1
16.418986080,0,0
16.419432640,1,0
16.419482720,1,1
16.419932640,0,1
16.419985440,0,0
16.420432640,1,0
16.420482880,1,1
16.420932640,0,1
16.420985440,0,0
16.421432480,1,0
16.421482560,1,1
16.421932480,0,1
16.421985600,0,0
16.422432480,1,0
16.422482720,1,1
16.422932480,0,1
16.422985280,0,0
16.423432480,1,0
16.423485440,1,1
16.423932480,0,1
16.423982080,0,0
16.424432320,1,0
16.424482400,1,1
16.424932320,0,1
16.424982400,0,0
16.425432320,1,0
16.425484960,1,1
16.425932320,0,1
16.425982720,0,0
16.426432320,1,0
16.426484640,1,1
16.426932320,0,1
16.426982400,0,0
16.427432160,1,0
16.427485280,1,1
16.427932160,0,1
16.427982240,0,0
16.428432160,1,0
16.428484960,1,1
16.428932160,0,1
16.428981920,0,0
16.429432160,1,0
16.429484800,1,1
16.429932160,0,1
16.429982240,0,0
16.430432000,1,0
16.430485120,1,1
16.430932000,0,1
16.430981920,0,0
16.431432000,1,0
16.431484800,1,1
16.431932000,0,1
16.431982400,0,0
16.432431840,1,0
16.432484640,1,1
16.432931840,0,1
16.432982080,0,0
16.433431840,1,0
16.433487520,1,1
16.433931840,0,1
16.433982080,0,0
16.434431840,1,0
16.434484480,1,1
16.434931840,0,1
16.434981760,0,0
16.435431680,1,0
16.435481760,1,1
16.435931680,0,1
16.435982240,0,0
16.436431680,1,0
16.436481440,1,1
16.436931680,0,1
16.436984320,0,0
16.437431680,1,0
16.437481760,1,1
16.437931680,0,1
16.437984800,0,0
16.438431520,1,0
16.438481280,1,1
16.438931520,0,1
16.438984160,0,0
16.439431520,1,0
16.439481760,1,1
16.439931520,0,1
16.439984160,0,0
16.440431520,1,0
16.440481440,1,1
16.440931520,0,1
16.440984160,0,0
16.441431360,1,0
16.441481760,1,1
16.441931360,0,1
16.441984160,0,0
16.442431360,1,0
16.442481440,1,1
16.442931360,0,1
16.442983520,0,0
16.443431200,1,0
16.443484000,1,1
16.443931200,0,1
16.443984480,0,0
16.444431200,1,0
16.444481120,1,1
16.444931200,0,1
16.444984160,0,0
16.445431200,1,0
16.445481120,1,1
16.445931200,0,1
16.445981440,0,0
16.446431040,1,0
16.446481120,1,1
16.446931040,0,1
16.446980800,0,0
16.447431040,1,0
16.447483520,1,1
16.447931040,0,1
16.447981600,0,0
16.448431040,1,0
16.448483520,1,1
16.448931040,0,1
16.448980960,0,0
16.449430880,1,0
16.449483200,1,1
16.449930880,0,1
16.449980960,0,0
16.450430880,1,0
16.450483520,1,1
16.450930880,0,1
16.450980800,0,0
16.451430880,1,0
16.451483360,1,1
16.451930880,0,1
16.451980640,0,0
16.452430720,1,0
16.452483840,1,1
16.452930720,0,1
16.452980800,0,0
16.453430720,1,0
16.453486400,1,1
16.453930720,0,1
16.453980800,0,0
16.454430720,1,0
16.454483360,1,1
16.454930560,0,1
16.454980640,0,0
16.455430560,1,0
16.455483040,1,1
16.455930560,0,1
16.455980640,0,0
16.456430560,1,0
16.456480480,1,1
16.456930560,0,1
16.456980960,0,0
16.457430400,1,0
16.457480160,1,1
16.457930400,0,1
16.457983360,0,0
16.458430400,1,0
16.458480640,1,1
16.458930400,0,1
16.458982560,0,0
16.459430400,1,0
16.459480160,1,1
16.459930400,0,1
16.459983360,0,0
16.460430240,1,0
16.460480320,1,1
16.460930240,0,1
16.460982720,0,0
16.461430240,1,0
16.461480480,1,1
16.461930240,0,1
16.461983520,0,0
16.462430240,1,0
16.462480160,1,1
16.462930240,0,1
16.462983200,0,0
16.463430080,1,0
16.463482720,1,1
16.463930080,0,1
16.463983200,0,0
16.464430080,1,0
16.464480320,1,1
16.464930080,0,1
16.464983040,0,0
16.465430080,1,0
16.465480320,1,1
16.465929920,0,1
16.465982560,0,0
16.466429920,1,0
16.466480320,1,1
16.466929920,0,1
16.466982400,0,0
16.467429920,1,0
16.467480320,1,1
16.467929920,0,1
16.467979680,0,0
16.468429760,1,0
16.468480160,1,1
16.468929760,0,1
16.468980000,0,0
16.469429760,1,0
16.469482560,1,1
16.469929760,0,1
16.469979840,0,0
16.470429760,1,0
16.470482240,1,1
16.470929760,0,1
16.470979680,0,0
16.471429600,1,0
16.471482400,1,1
16.471929600,0,1
16.471979520,0,0
16.472429600,1,0
16.472482400,1,1
16.472929600,0,1
16.472979680,0,0
16.473429600,1,0
16.473484960,1,1
16.473929600,0,1
16.473979840,0,0
16.474429440,1,0
16.474482400,1,1
16.474929440,0,1
16.474980000,0,0
16.475429440,1,0
16.475482240,1,1
16.475929440,0,1
16.475979520,0,0
16.476429440,1,0
16.476482240,1,1
16.476929280,0,1
16.476979520,0,0
16.477429280,1,0
16.477481600,1,1
16.477929280,0,1
16.477979040,0,0
16.478429280,1,0
16.478479520,1,1
16.478929280,0,1
16.478979840,0,0
16.479429120,1,0
16.479479520,1,1
16.479929120,0,1
16.479982400,0,0
16.480429120,1,0
16.480479680,1,1
16.480929120,0,1
16.480981760,0,0
16.481429120,1,0
16.481479040,1,1
16.481929120,0,1
16.481981760,0,0
16.482428960,1,0
16.482478880,1,1
16.482928960,0,1
16.482981600,0,0
16.483428960,1,0
16.483480160,1,1
16.483928960,0,1
16.483982080,0,0
16.484428960,1,0
16.484479040,1,1
16.484928960,0,1
16.484981920,0,0
16.485428800,1,0
16.485478880,1,1
16.485928800,0,1
16.485981920,0,0
16.486428800,1,0
16.486478880,1,1
16.486928800,0,1
16.486981600,0,0
16.487428800,1,0
16.487478880,1,1
16.487928640,0,1
16.487981600,0,0
16.488428640,1,0
16.488478880,1,1
16.488928640,0,1
16.488978560,0,0
16.489428640,1,0
16.489478560,1,1
16.489928640,0,1
16.489978400,0,0
16.490428480,1,0
16.490481280,1,1
16.490928480,0,1
16.490978400,0,0
16.491428480,1,0
16.491481280,1,1
16.491928480,0,1
16.491978560,0,0
16.492428480,1,0
16.492480800,1,1
16.492928480,0,1
16.492978240,0,0
16.493428320,1,0
16.493484800,1,1
16.493928320,0,1
16.493978080,0,0
16.494428320,1,0
16.494481120,1,1
16.494928320,0,1
16.494978720,0,0
16.495428320,1,0
16.495480960,1,1
16.495928320,0,1
16.495978560,0,0
16.496428160,1,0
16.496481280,1,1
16.496928160,0,1
16.496978240,0,0
16.497428160,1,0
16.497480960,1,1
16.497928160,0,1
16.497978080,0,0
16.498428160,1,0
16.498480640,1,1
16.498928000,0,1
16.498978240,0,0
16.499428000,1,0
16.499480960,1,1
16.499928000,0,1
16.499978080,0,0
16.500428000,1,0
16.500477920,1,1
16.500928000,0,1
16.500977920,0,0
16.501427840,1,0
16.501477440,1,1
16.501927840,0,1
16.501980800,0,0
16.502427840,1,0
16.502478080,1,1
16.502927840,0,1
16.502980480,0,0
16.503427840,1,0
16.503480800,1,1
16.503927840,0,1
16.503980160,0,0
16.504427680,1,0
16.504477920,1,1
16.504927680,0,1
16.504980640,0,0
16.505427680,1,0
16.505477600,1,1
16.505927680,0,1
16.505980960,0,0
16.506427680,1,0
16.506477920,1,1
16.506927680,0,1
16.506980480,0,0
16.507427520,1,0
16.507478080,1,1
16.507927520,0,1
16.507980640,0,0
16.508427520,1,0
16.508477760,1,1
16.508927520,0,1
16.508980320,0,0
16.509427520,1,0
16.509477600,1,1
16.509927360,0,1
16.509980000,0,0
16.510427360,1,0
16.510477440,1,1
16.510927360,0,1
16.510977280,0,0
16.511427360,1,0
16.511477280,1,1
16.511927360,0,1
16.511977120,0,0
16.512427200,1,0
16.512480000,1,1
16.512927200,0,1
16.512977440,0,0
16.513427200,1,0
16.513482400,1,1
16.513927200,0,1
16.513977440,0,0
16.514427200,1,0
16.514479680,1,1
16.514927200,0,1
16.514977280,0,0
16.515427040,1,0
16.515479680,1,1
16.515927040,0,1
16.515976800,0,0
16.516427040,1,0
16.516480000,1,1
16.516927040,0,1
16.516976640,0,0
16.517427040,1,0
16.517482400,1,1
16.517927040,0,1
16.517976960,0,0
16.518426880,1,0
16.518479840,1,1
16.518926880,0,1
16.518976000,0,0
16.519426880,1,0
16.519479680,1,1
16.519926880,0,1
16.519976640,0,0
16.520426880,1,0
16.520479680,1,1
16.520926720,0,1
16.520976960,0,0
16.521426720,1,0
16.521476800,1,1
16.521926720,0,1
16.521976960,0,0
16.522426720,1,0
16.522476480,1,1
16.522926720,0,1
16.522979520,0,0
16.523426560,1,0
16.523481120,1,1
16.523926560,0,1
16.523980800,0,0
16.524426560,1,0
16.524477760,1,1
16.524926560,0,1
16.524980640,0,0
16.525426560,1,0
16.525477280,1,1
16.525926560,0,1
16.525980160,0,0
16.526426400,1,0
16.526477120,1,1
16.526926400,0,1
16.526979840,0,0
16.527426400,1,0
16.527477280,1,1
16.527926400,0,1
16.527980160,0,0
16.528426400,1,0
16.528477120,1,1
16.528926400,0,1
16.528979840,0,0
16.529426240,1,0
16.529477600,1,1
16.529926240,0,1
16.529980320,0,0
16.530426240,1,0
16.530477600,1,1
16.530926240,0,1
16.530979680,0,0
16.531426240,1,0
16.531476960,1,1
16.531926080,0,1
16.531980160,0,0
16.532426080,1,0
16.532477120,1,1
16.532926080,0,1
16.532977120,0,0
16.533426080,1,0
16.533479200,1,1
16.533926080,0,1
16.533972960,0,0
16.534425920,1,0
16.534475040,1,1
16.534925920,0,1
16.534972320,0,0
16.535425920,1,0
16.535474880,1,1
16.535925920,0,1
16.535972480,0,0
16.536425920,1,0
16.536474400,1,1
16.536925920,0,1
16.536972320,0,0
16.537425760,1,0
16.537474400,1,1
16.537925760,0,1
16.537972000,0,0
16.538425760,1,0
16.538475040,1,1
16.538925760,0,1
16.538972160,0,0
16.539425760,1,0
16.539474560,1,1
16.539925760,0,1
16.539971680,0,0
16.540425600,1,0
16.540474560,1,1
16.540925600,0,1
16.540971680,0,0
16.541425600,1,0
16.541474240,1,1
16.541925600,0,1
16.541971360,0,0
16.542425600,1,0
16.542474240,1,1
16.542925440,0,1
16.542972160,0,0
16.543425440,1,0
16.543482080,1,1
16.543925440,0,1
16.543976000,0,0
16.544425440,1,0
16.544476000,1,1
16.544925440,0,1
16.544978240,0,0
16.545425280,1,0
16.545475680,1,1
16.545925280,0,1
16.545977920,0,0
16.546425280,1,0
16.546474880,1,1
16.546925280,0,1
16.546978080,0,0
16.547425280,1,0
16.547475200,1,1
16.547925280,0,1
16.547977600,0,0
16.548425120,1,0
16.548475520,1,1
16.548925120,0,1
16.548977760,0,0
16.549425120,1,0
16.549475360,1,1
16.549925120,0,1
16.549978240,0,0
16.550425120,1,0
16.550475360,1,1
16.550925120,0,1
16.550977120,0,0
16.551424960,1,0
16.551474880,1,1
16.551924960,0,1
16.551978080,0,0
16.552424960,1,0
16.552475360,1,1
16.552924960,0,1
16.552977760,0,0
16.553424960,1,0
16.553476320,1,1
16.553924800,0,1
16.553975360,0,0
16.554424800,1,0
16.554474880,1,1
16.554924800,0,1
16.554974560,0,0
16.555424800,1,0
16.555477440,1,1
16.555924800,0,1
16.555974080,0,0
16.556424640,1,0
16.556477120,1,1
16.556924640,0,1
16.556975040,0,0
16.557424640,1,0
16.557477440,1,1
16.557924640,0,1
16.557974720,0,0
16.558424640,1,0
16.558477440,1,1
16.558924640,0,1
16.558974720,0,0
16.559424480,1,0
16.559477600,1,1
16.559924480,0,1
16.559974400,0,0
16.560424480,1,0
16.560477440,1,1
16.560924480,0,1
16.560974080,0,0
16.561424480,1,0
16.561477440,1,1
16.561924480,0,1
16.561974560,0,0
16.562424320,1,0
16.562477120,1,1
16.562924320,0,1
16.562974240,0,0
16.563424320,1,0
16.563479680,1,1
16.563924320,0,1
16.563973600,0,0
16.564424320,1,0
16.564476320,1,1
16.564924160,0,1
16.564973120,0,0
16.565424160,1,0
16.565472960,1,1
16.565924160,0,1
16.565973440,0,0
16.566424160,1,0
16.566473280,1,1
16.566924160,0,1
16.566975520,0,0
16.567424000,1,0
16.567473280,1,1
16.567924000,0,1
16.567975840,0,0
16.568424000,1,0
16.568473120,1,1
16.568924000,0,1
16.568975520,0,0
16.569424000,1,0
16.569548800,1,1
16.569924000,0,1
16.569989280,0,0
16.570423840,1,0
16.570475520,1,1
16.570923840,0,1
16.570977120,0,0
16.571423840,1,0
16.571474080,1,1
16.571923840,0,1
16.571977120,0,0
16.572423840,1,0
16.572474080,1,1
16.572923840,0,1
16.572976320,0,0
16.573423680,1,0
16.573476960,1,1
16.573923680,0,1
16.573975200,0,0
16.574423680,1,0
16.574472960,1,1
16.574923680,0,1
16.574975520,0,0
16.575423680,1,0
16.575472800,1,1
16.575923520,0,1
16.575972160,0,0
16.576423520,1,0
16.576472480,1,1
16.576923520,0,1
16.576972480,0,0
16.577423520,1,0
16.577475520,1,1
16.577923520,0,1
16.577972640,0,0
16.578423360,1,0
16.578475360,1,1
16.578923360,0,1
16.578972480,0,0
16.579423360,1,0
16.579475360,1,1
16.579923360,0,1
16.579976640,0,0
16.580423360,1,0
16.580476160,1,1
16.580923360,0,1
16.580973280,0,0
16.581423200,1,0
16.581476000,1,1
16.581923200,0,1
16.581973280,0,0
16.582423200,1,0
16.582475520,1,1
16.582923200,0,1
16.582973280,0,0
16.583423200,1,0
16.583478880,1,1
16.583923200,0,1
16.583973280,0,0
16.584423040,1,0
16.584475840,1,1
16.584923040,0,1
16.584972960,0,0
16.585423040,1,0
16.585475680,1,1
16.585923040,0,1
16.585973440,0,0
16.586423040,1,0
16.586472640,1,1
16.586922880,0,1
16.586973440,0,0
16.587422880,1,0
16.587472480,1,1
16.587922880,0,1
16.587975360,0,0
16.588422880,1,0
16.588472640,1,1
16.588922880,0,1
16.588975360,0,0
16.589422720,1,0
16.589473120,1,1
16.589922720,0,1
16.589975520,0,0
16.590422720,1,0
16.590472800,1,1
16.590922720,0,1
16.590975520,0,0
16.591422720,1,0
16.591473280,1,1
16.591922720,0,1
16.591975680,0,0
16.592422560,1,0
16.592472800,1,1
16.592922560,0,1
16.592975200,0,0
16.593422560,1,0
16.593475040,1,1
16.593922560,0,1
16.593975520,0,0
16.594422560,1,0
16.594472640,1,1
16.594922560,0,1
16.594975520,0,0
16.595422400,1,0
16.595472320,1,1
16.595922400,0,1
16.595974880,0,0
16.596422400,1,0
16.596472480,1,1
16.596922400,0,1
16.596974720,0,0
16.597422400,1,0
16.597472160,1,1
16.597922240,0,1
16.597971840,0,0
16.598422240,1,0
16.598472800,1,1
16.598922240,0,1
16.598972160,0,0
16.599422240,1,0
16.599475040,1,1
16.599922240,0,1
16.599972640,0,0
16.600422080,1,0
16.600474720,1,1
16.600922080,0,1
16.600972160,0,0
16.601422080,1,0
16.601474560,1,1
16.601922080,0,1
16.601972160,0,0
16.602422080,1,0
16.602475040,1,1
16.602922080,0,1
16.602972000,0,0
16.603421920,1,0
16.603477440,1,1
16.603921920,0,1
16.603971680,0,0
16.604421920,1,0
16.604474560,1,1
16.604921920,0,1
16.604972480,0,0
16.605421920,1,0
16.605474560,1,1
16.605921920,0,1
16.605971840,0,0
16.606421760,1,0
16.606474400,1,1
16.606921760,0,1
16.606972000,0,0
16.607421760,1,0
16.607474400,1,1
16.607921760,0,1
16.607972000,0,0
16.608421760,1,0
16.608471680,1,1
16.608921600,0,1
16.608971680,0,0
16.609421600,1,0
16.609471360,1,1
16.609921600,0,1
16.609973920,0,0
16.610421600,1,0
16.610471680,1,1
16.610921600,0,1
16.610974080,0,0
16.611421440,1,0
16.611471360,1,1
16.611921440,0,1
16.611974240,0,0
16.612421440,1,0
16.612471840,1,1
16.612921440,0,1
16.612974080,0,0
16.613421440,1,0
16.613473920,1,1
16.613921440,0,1
16.613974560,0,0
16.614421280,1,0
16.614471040,1,1
16.614921280,0,1
16.614973760,0,0
16.615421280,1,0
16.615470880,1,1
16.615921280,0,1
16.615974080,0,0
16.616421280,1,0
16.616471200,1,1
16.616921280,0,1
16.616974080,0,0
16.617421120,1,0
16.617471680,1,1
16.617921120,0,1
16.617973920,0,0
16.618421120,1,0
16.618471520,1,1
16.618921120,0,1
16.618970720,0,0
16.619421120,1,0
16.619470880,1,1
16.619920960,0,1
16.619970720,0,0
16.620420960,1,0
16.620473280,1,1
16.620920960,0,1
16.620971200,0,0
16.621420960,1,0
16.621473280,1,1
16.621920960,0,1
16.621971040,0,0
16.622420800,1,0
16.622473440,1,1
16.622920800,0,1
16.622970880,0,0
16.623420800,1,0
16.623476160,1,1
16.623920800,0,1
16.623971040,0,0
16.624420800,1,0
16.624473440,1,1
16.624920800,0,1
16.624970720,0,0
16.625420640,1,0
16.625473280,1,1
16.625920640,0,1
16.625970880,0,0
16.626420640,1,0
16.626472640,1,1
16.626920640,0,1
16.626970400,0,0
16.627420640,1,0
16.627473440,1,1
16.627920640,0,1
16.627970400,0,0
16.628420480,1,0
16.628472800,1,1
16.628920480,0,1
16.628970720,0,0
16.629420480,1,0
16.629473120,1,1
16.629920480,0,1
16.629970400,0,0
16.630420480,1,0
16.630470400,1,1
16.630920320,0,1
16.630972640,0,0
16.631420320,1,0
16.631470400,1,1
16.631920320,0,1
16.631973120,0,0
16.632420320,1,0
16.632470560,1,1
16.632920320,0,1
16.632972320,0,0
16.633420160,1,0
16.633472800,1,1
16.633920160,0,1
16.633972320,0,0
16.634420160,1,0
16.634470080,1,1
16.634920160,0,1
16.634972320,0,0
16.635420160,1,0
16.635470400,1,1
16.635920160,0,1
16.635973120,0,0
16.636420000,1,0
16.636470560,1,1
16.636920000,0,1
16.636972480,0,0
16.637420000,1,0
16.637469760,1,1
16.637920000,0,1
16.637973120,0,0
16.638420000,1,0
16.638470080,1,1
16.638920000,0,1
16.638972800,0,0
16.639419840,1,0
16.639469920,1,1
16.639919840,0,1
16.639972480,0,0
16.640419840,1,0
16.640469760,1,1
16.640919840,0,1
16.640969440,0,0
16.641419840,1,0
16.641469760,1,1
16.641919680,0,1
16.641969600,0,0
16.642419680,1,0
16.642472160,1,1
16.642919680,0,1
16.642969920,0,0
16.643419680,1,0
16.643474720,1,1
16.643919680,0,1
16.643969920,0,0
16.644419520,1,0
16.644472640,1,1
16.644919520,0,1
16.644969600,0,0
16.645419520,1,0
16.645471840,1,1
16.645919520,0,1
16.645969600,0,0
16.646419520,1,0
16.646472480,1,1
16.646919520,0,1
16.646969440,0,0
16.647419360,1,0
16.647472320,1,1
16.647919360,0,1
16.647969280,0,0
16.648419360,1,0
16.648472000,1,1
16.648919360,0,1
16.648969440,0,0
16.649419360,1,0
16.649472000,1,1
16.649919360,0,1
16.649969440,0,0
16.650419200,1,0
16.650471840,1,1
16.650919200,0,1
16.650969440,0,0
16.651419200,1,0
16.651468960,1,1
16.651919200,0,1
16.651968960,0,0
16.652419200,1,0
16.652468800,1,1
16.652919040,0,1
16.652971360,0,0
16.653419040,1,0
16.653472000,1,1
16.653919040,0,1
16.653971680,0,0
16.654419040,1,0
16.654469280,1,1
16.654919040,0,1
16.654971520,0,0
16.655418880,1,0
16.655469120,1,1
16.655918880,0,1
16.655971520,0,0
16.656418880,1,0
16.656468800,1,1
16.656918880,0,1
16.656971680,0,0
16.657418880,1,0
16.657469120,1,1
16.657918880,0,1
16.657971840,0,0
16.658418720,1,0
16.658469280,1,1
16.658918720,0,1
16.658971200,0,0
16.659418720,1,0
16.659468800,1,1
16.659918720,0,1
16.659971360,0,0
16.660418720,1,0
16.660468480,1,1
16.660918720,0,1
16.660971680,0,0
16.661418560,1,0
16.661468640,1,1
16.661918560,0,1
16.661968320,0,0
16.662418560,1,0
16.662468480,1,1
16.662918560,0,1
16.662967840,0,0
16.663418560,1,0
16.663473600,1,1
16.663918400,0,1
16.663968640,0,0
16.664418400,1,0
16.664471360,1,1
16.664918400,0,1
16.664968320,0,0
16.665418400,1,0
16.665470560,1,1
16.665918400,0,1
16.665968480,0,0
16.666418240,1,0
16.666471200,1,1
16.666918240,0,1
16.666968480,0,0
16.667418240,1,0
16.667470400,1,1
16.667918240,0,1
16.667968000,0,0
16.668418240,1,0
16.668470720,1,1
16.668918240,0,1
16.668968000,0,0
16.669418080,1,0
16.669471200,1,1
16.669918080,0,1
16.669968320,0,0
16.670418080,1,0
16.670470880,1,1
16.670918080,0,1
16.670968160,0,0
16.671418080,1,0
16.671470400,1,1
16.671918080,0,1
16.671967680,0,0
16.672417920,1,0
16.672471040,1,1
16.672917920,0,1
16.672968000,0,0
16.673417920,1,0
16.673470560,1,1
16.673917920,0,1
16.673967840,0,0
16.674417920,1,0
16.674467840,1,1
16.674917760,0,1
16.674970400,0,0
16.675417760,1,0
16.675468000,1,1
16.675917760,0,1
16.675970240,0,0
16.676417760,1,0
16.676467840,1,1
16.676917760,0,1
16.676970400,0,0
16.677417600,1,0
16.677467840,1,1
16.677917600,0,1
16.677970240,0,0
16.678417600,1,0
16.678467680,1,1
16.678917600,0,1
16.678970400,0,0
16.679417600,1,0
16.679467360,1,1
16.679917600,0,1
16.679969760,0,0
16.680417440,1,0
16.680467360,1,1
16.680917440,0,1
16.680969920,0,0
16.681417440,1,0
16.681467360,1,1
16.681917440,0,1
16.681970080,0,0
16.682417440,1,0
16.682467520,1,1
16.682917440,0,1
16.682969920,0,0
16.683417280,1,0
16.683470240,1,1
16.683917280,0,1
16.683967200,0,0
16.684417280,1,0
16.684466880,1,1
16.684917280,0,1
16.684967200,0,0
16.685417280,1,0
16.685469600,1,1
16.685917120,0,1
16.685967360,0,0
16.686417120,1,0
16.686469600,1,1
16.686917120,0,1
16.686966880,0,0
16.687417120,1,0
16.687469280,1,1
16.687917120,0,1
16.687966880,0,0
16.688416960,1,0
16.688469600,1,1
16.688916960,0,1
16.688966720,0,0
16.689416960,1,0
16.689469600,1,1
16.689916960,0,1
16.689966400,0,0
16.690416960,1,0
16.690469760,1,1
16.690916960,0,1
16.690966720,0,0
16.691416800,1,0
16.691469600,1,1
16.691916800,0,1
16.691966880,0,0
16.692416800,1,0
16.692468800,1,1
16.692916800,0,1
16.692966880,0,0
16.693416800,1,0
16.693472000,1,1
16.693916800,0,1
16.693966560,0,0
16.694416640,1,0
16.694466400,1,1
16.694916640,0,1
16.694966560,0,0
16.695416640,1,0
16.695466400,1,1
16.695916640,0,1
16.695969440,0,0
16.696416640,1,0
16.696466080,1,1
16.696916480,0,1
16.696969120,0,0
16.697416480,1,0
16.697466400,1,1
16.697916480,0,1
16.697969440,0,0
16.698416480,1,0
16.698465760,1,1
16.698916480,0,1
16.698969280,0,0
16.699416320,1,0
16.699466400,1,1
16.699916320,0,1
16.699968960,0,0
16.700416320,1,0
16.700466560,1,1
16.700916320,0,1
16.700968800,0,0
16.701416320,1,0
16.701466240,1,1
16.701916320,0,1
16.701968800,0,0
16.702416160,1,0
16.702466240,1,1
16.702916160,0,1
16.702968960,0,0
16.703416160,1,0
16.703468640,1,1
16.703916160,0,1
16.703969280,0,0
16.704416160,1,0
16.704466240,1,1
16.704916160,0,1
16.704968640,0,0
16.705416000,1,0
16.705466080,1,1
16.705916000,0,1
16.705965760,0,0
16.706416000,1,0
16.706466080,1,1
16.706916000,0,1
16.706965280,0,0
16.707416000,1,0
16.707468640,1,1
16.707915840,0,1
16.707965760,0,0
16.708415840,1,0
16.708468640,1,1
16.708915840,0,1
16.708965920,0,0
16.709415840,1,0
16.709468800,1,1
16.709915840,0,1
16.709965760,0,0
16.710415680,1,0
16.710468160,1,1
16.710915680,0,1
16.710965920,0,0
16.711415680,1,0
16.711468160,1,1
16.711915680,0,1
16.711965600,0,0
16.712415680,1,0
16.712468320,1,1
16.712915680,0,1
16.712965440,0,0
16.713415520,1,0
16.713471040,1,1
16.713915520,0,1
16.713965600,0,0
16.714415520,1,0
16.714468160,1,1
16.714915520,0,1
16.714965440,0,0
16.715415520,1,0
16.715468000,1,1
16.715915520,0,1
16.715965600,0,0
16.716415360,1,0
16.716465280,1,1
16.716915360,0,1
16.716965280,0,0
16.717415360,1,0
16.717465440,1,1
16.717915360,0,1
16.717968000,0,0
16.718415360,1,0
16.718465440,1,1
16.718915200,0,1
16.718968000,0,0
16.719415200,1,0
16.719465600,1,1
16.719915200,0,1
16.719967680,0,0
16.720415200,1,0
16.720465280,1,1
16.720915200,0,1
16.720968160,0,0
16.721415040,1,0
16.721465440,1,1
16.721915040,0,1
16.721967680,0,0
16.722415040,1,0
16.722464960,1,1
16.722915040,0,1
16.722967680,0,0
16.723415040,1,0
16.723467840,1,1
16.723915040,0,1
16.723967680,0,0
16.724414880,1,0
16.724465440,1,1
16.724914880,0,1
16.724967840,0,0
16.725414880,1,0
16.725464960,1,1
16.725914880,0,1
16.725968000,0,0
16.726414880,1,0
16.726464800,1,1
16.726914880,0,1
16.726964960,0,0
16.727414720,1,0
16.727464640,1,1
16.727914720,0,1
16.727964800,0,0
16.728414720,1,0
16.728467680,1,1
16.728914720,0,1
16.728964960,0,0
16.729414720,1,0
16.729467200,1,1
16.729914560,0,1
16.729964480,0,0
16.730414560,1,0
16.730468000,1,1
16.730914560,0,1
16.730964480,0,0
16.731414560,1,0
16.731467040,1,1
16.731914560,0,1
16.731964480,0,0
16.732414400,1,0
16.732467200,1,1
16.732914400,0,1
16.732964960,0,0
16.733414400,1,0
16.733469600,1,1
16.733914400,0,1
16.733964320,0,0
16.734414400,1,0
16.734467040,1,1
16.734914400,0,1
16.734964160,0,0
16.735414240,1,0
16.735467200,1,1
16.735914240,0,1
16.735964000,0,0
16.736414240,1,0
16.736467040,1,1
16.736914240,0,1
16.736964320,0,0
16.737414240,1,0
16.737466880,1,1
16.737914240,0,1
16.737963840,0,0
16.738414080,1,0
16.738464480,1,1
16.738914080,0,1
16.738963840,0,0
16.739414080,1,0
16.739464160,1,1
16.739914080,0,1
16.739966400,0,0
16.740414080,1,0
16.740464320,1,1
16.740913920,0,1
16.740966400,0,0
16.741413920,1,0
16.741464320,1,1
16.741913920,0,1
16.741965920,0,0
16.742413920,1,0
16.742463680,1,1
16.742913920,0,1
16.742966240,0,0
16.743413760,1,0
16.743465280,1,1
16.743913760,0,1
16.743966240,0,0
16.744413760,1,0
16.744463200,1,1
16.744913760,0,1
16.744966080,0,0
16.745413760,1,0
16.745463840,1,1
16.745913760,0,1
16.745966880,0,0
16.746413600,1,0
16.746463360,1,1
16.746913600,0,1
16.746966720,0,0
16.747413600,1,0
16.747463360,1,1
16.747913600,0,1
16.747966080,0,0
16.748413600,1,0
16.748463520,1,1
16.748913600,0,1
16.748963520,0,0
16.749413440,1,0
16.749463520,1,1
16.749913440,0,1
16.749963200,0,0
16.750413440,1,0
16.750466400,1,1
16.750913440,0,1
16.750963680,0,0
16.751413440,1,0
16.751465760,1,1
16.751913280,0,1
16.751963040,0,0
16.752413280,1,0
16.752465920,1,1
16.752913280,0,1
16.752963360,0,0
16.753413280,1,0
16.753469760,1,1
16.753913280,0,1
16.753963200,0,0
16.754413120,1,0
16.754465920,1,1
16.754913120,0,1
16.754963360,0,0
16.755413120,1,0
16.755466080,1,1
16.755913120,0,1
16.755963520,0,0
16.756413120,1,0
16.756465600,1,1
16.756913120,0,1
16.756962880,0,0
16.757412960,1,0
16.757465600,1,1
16.757912960,0,1
16.757963360,0,0
16.758412960,1,0
16.758465280,1,1
16.758912960,0,1
16.758962880,0,0
16.759412960,1,0
16.759462720,1,1
16.759912960,0,1
16.759963200,0,0
16.760412800,1,0
16.760462560,1,1
16.760912800,0,1
16.760965440,0,0
16.761412800,1,0
16.761462400,1,1
16.761912800,0,1
16.761965280,0,0
16.762412800,1,0
16.762462560,1,1
16.762912640,0,1
16.762964960,0,0
16.763412640,1,0
16.763465760,1,1
16.763912640,0,1
16.763965760,0,0
16.764412640,1,0
16.764463040,1,1
16.764912640,0,1
16.764965120,0,0
16.765412480,1,0
16.765463040,1,1
16.765912480,0,1
16.765965600,0,0
16.766412480,1,0
16.766462720,1,1
16.766912480,0,1
16.766965280,0,0
16.767412480,1,0
16.767462560,1,1
16.767912480,0,1
16.767965280,0,0
16.768412320,1,0
16.768462720,1,1
16.768912320,0,1
16.768964960,0,0
16.769412320,1,0
16.769462240,1,1
16.769912320,0,1
16.769964800,0,0
16.770412320,1,0
16.770461920,1,1
16.770912320,0,1
16.770962400,0,0
16.771412160,1,0
16.771462080,1,1
16.771912160,0,1
16.771961920,0,0
16.772412160,1,0
16.772464640,1,1
16.772912160,0,1
16.772961920,0,0
16.773412160,1,0
16.773473440,1,1
16.773912000,0,1
16.773962880,0,0
16.774412000,1,0
16.774465600,1,1
16.774912000,0,1
16.774962240,0,0
16.775412000,1,0
16.775464640,1,1
16.775912000,0,1
16.775961760,0,0
16.776411840,1,0
16.776464800,1,1
16.776911840,0,1
16.776961600,0,0
16.777411840,1,0
16.777464160,1,1
16.777911840,0,1
16.777961440,0,0
16.778411840,1,0
16.778464160,1,1
16.778911840,0,1
16.778961760,0,0
16.779411680,1,0
16.779464640,1,1
16.779911680,0,1
16.779961120,0,0
16.780411680,1,0
16.780464160,1,1
16.780911680,0,1
16.780962240,0,0
16.781411680,1,0
16.781461120,1,1
16.781911680,0,1
16.781961440,0,0
16.782411520,1,0
16.782461600,1,1
16.782911520,0,1
16.782964160,0,0
16.783411520,1,0
16.783466240,1,1
16.783911520,0,1
16.783964960,0,0
16.784411520,1,0
16.784461760,1,1
16.784911360,0,1
16.784964960,0,0
16.785411360,1,0
16.785461920,1,1
16.785911360,0,1
16.785965120,0,0
16.786411360,1,0
16.786461920,1,1
16.786911360,0,1
16.786965120,0,0
16.787411200,1,0
16.787461600,1,1
16.787911200,0,1
16.787964320,0,0
16.788411200,1,0
16.788462080,1,1
16.788911200,0,1
16.788965280,0,0
16.789411200,1,0
16.789461920,1,1
16.789911200,0,1
16.789964320,0,0
16.790411040,1,0
16.790462080,1,1
16.790911040,0,1
16.790964480,0,0
16.791411040,1,0
16.791461440,1,1
16.791911040,0,1
16.791961920,0,0
16.792411040,1,0
16.792462080,1,1
16.792911040,0,1
16.792961760,0,0
16.793410880,1,0
16.793465280,1,1
16.793910880,0,1
16.793957280,0,0
16.794410880,1,0
16.794460320,1,1
16.794910880,0,1
16.794957280,0,0
16.795410880,1,0
16.795459520,1,1
16.795910720,0,1
16.795956800,0,0
16.796410720,1,0
16.796459200,1,1
16.796910720,0,1
16.796957120,0,0
16.797410720,1,0
16.797459200,1,1
16.797910720,0,1
16.797957120,0,0
16.798410560,1,0
16.798459360,1,1
16.798910560,0,1
16.798956640,0,0
16.799410560,1,0
16.799459360,1,1
16.799910560,0,1
16.799956640,0,0
16.800410560,1,0
16.800459360,1,1
16.800910560,0,1
16.800956640,0,0
16.801410400,1,0
16.801459360,1,1
16.801910400,0,1
16.801956480,0,0
16.802410400,1,0
16.802459040,1,1
16.802910400,0,1
16.802956640,0,0
16.803410400,1,0
16.803466880,1,1
16.803910400,0,1
16.803960320,0,0
16.804410240,1,0
16.804459840,1,1
16.804910240,0,1
16.804962880,0,0
16.805410240,1,0
16.805460160,1,1
16.805910240,0,1
16.805962400,0,0
16.806410240,1,0
16.806460320,1,1
16.806910080,0,1
16.806962880,0,0
16.807410080,1,0
16.807460000,1,1
16.807910080,0,1
16.807962560,0,0
16.808410080,1,0
16.808459840,1,1
16.808910080,0,1
16.808962880,0,0
16.809409920,1,0
16.809459680,1,1
16.809909920,0,1
16.809962560,0,0
16.810409920,1,0
16.810460000,1,1
16.810909920,0,1
16.810962560,0,0
16.811409920,1,0
16.811460160,1,1
16.811909920,0,1
16.811962560,0,0
16.812409760,1,0
16.812459680,1,1
16.812909760,0,1
16.812962240,0,0
16.813409760,1,0
16.813461280,1,1
16.813909760,0,1
16.813959840,0,0
16.814409760,1,0
16.814459520,1,1
16.814909760,0,1
16.814959520,0,0
16.815409600,1,0
16.815461920,1,1
16.815909600,0,1
16.815959200,0,0
16.816409600,1,0
16.816462240,1,1
16.816909600,0,1
16.816959680,0,0
16.817409600,1,0
16.817462240,1,1
16.817909440,0,1
16.817959040,0,0
16.818409440,1,0
16.818461920,1,1
16.818909440,0,1
16.818959200,0,0
16.819409440,1,0
16.819461920,1,1
16.819909440,0,1
16.819959520,0,0
16.820409280,1,0
16.820461760,1,1
16.820909280,0,1
16.820959200,0,0
16.821409280,1,0
16.821461440,1,1
16.821909280,0,1
16.821959200,0,0
16.822409280,1,0
16.822461920,1,1
16.822909280,0,1
16.822959200,0,0
16.823409120,1,0
16.823464160,1,1
16.823909120,0,1
16.823958400,0,0
16.824409120,1,0
16.824458240,1,1
16.824909120,0,1
16.824958400,0,0
16.825409120,1,0
16.825458240,1,1
16.825909120,0,1
16.825960480,0,0
16.826408960,1,0
16.826460480,1,1
16.826908960,0,1
16.826962560,0,0
16.827408960,1,0
16.827459680,1,1
16.827908960,0,1
16.827962400,0,0
16.828408800,1,0
16.828460160,1,1
16.828908800,0,1
16.828961920,0,0
16.829408800,1,0
16.829459520,1,1
16.829908800,0,1
16.829962560,0,0
16.830408800,1,0
16.830460000,1,1
16.830908800,0,1
16.830962240,0,0
16.831408640,1,0
16.831460320,1,1
16.831908640,0,1
16.831962240,0,0
16.832408640,1,0
16.832459200,1,1
16.832908640,0,1
16.832962400,0,0
16.833408640,1,0
16.833462400,1,1
16.833908640,0,1
16.833962240,0,0
16.834408480,1,0
16.834459840,1,1
16.834908480,0,1
16.834961920,0,0
16.835408480,1,0
16.835459840,1,1
16.835908480,0,1
16.835958720,0,0
16.836408480,1,0
16.836459520,1,1
16.836908320,0,1
16.836959360,0,0
16.837408320,1,0
16.837461760,1,1
16.837908320,0,1
16.837959360,0,0
16.838408320,1,0
16.838461600,1,1
16.838908320,0,1
16.838959360,0,0
16.839408160,1,0
16.839461600,1,1
16.839908160,0,1
16.839959520,0,0
16.840408160,1,0
16.840461760,1,1
16.840908160,0,1
16.840959040,0,0
16.841408160,1,0
16.841461600,1,1
16.841908160,0,1
16.841958720,0,0
16.842408000,1,0
16.842461600,1,1
16.842908000,0,1
16.842958560,0,0
16.843408000,1,0
16.843464640,1,1
16.843908000,0,1
16.843959040,0,0
16.844408000,1,0
16.844461760,1,1
16.844908000,0,1
16.844958560,0,0
16.845407840,1,0
16.845461760,1,1
16.845907840,0,1
16.845958720,0,0
16.846407840,1,0
16.846458400,1,1
16.846907840,0,1
16.846959040,0,0
16.847407840,1,0
16.847458400,1,1
16.847907680,0,1
16.847961120,0,0
16.848407680,1,0
16.848458400,1,1
16.848907680,0,1
16.848961280,0,0
16.849407680,1,0
16.849458560,1,1
16.849907680,0,1
16.849960800,0,0
16.850407520,1,0
16.850459200,1,1
16.850907520,0,1
16.850961120,0,0
16.851407520,1,0
16.851458720,1,1
16.851907520,0,1
16.851961440,0,0
16.852407520,1,0
16.852458720,1,1
16.852907520,0,1
16.852961280,0,0
16.853407360,1,0
16.853461280,1,1
16.853907360,0,1
16.853961440,0,0
16.854407360,1,0
16.854458400,1,1
16.854907360,0,1
16.854960800,0,0
16.855407360,1,0
16.855458240,1,1
16.855907360,0,1
16.855960800,0,0
16.856407200,1,0
16.856457920,1,1
16.856907200,0,1
16.856957920,0,0
16.857407200,1,0
16.857458240,1,1
16.857907200,0,1
16.857958080,0,0
16.858407200,1,0
16.858460800,1,1
16.858907040,0,1
16.858957600,0,0
16.859407040,1,0
16.859460800,1,1
16.859907040,0,1
16.859958080,0,0
16.860407040,1,0
16.860460160,1,1
16.860907040,0,1
16.860957760,0,0
16.861406880,1,0
16.861460320,1,1
16.861906880,0,1
16.861957440,0,0
16.862406880,1,0
16.862460320,1,1
16.862906880,0,1
16.862957600,0,0
16.863406880,1,0
16.863463360,1,1
16.863906880,0,1
16.863957920,0,0
16.864406720,1,0
16.864460640,1,1
16.864906720,0,1
16.864958080,0,0
16.865406720,1,0
16.865460160,1,1
16.865906720,0,1
16.865957440,0,0
16.866406720,1,0
16.866460000,1,1
16.866906720,0,1
16.866957760,0,0
16.867406560,1,0
16.867460480,1,1
16.867906560,0,1
16.867957440,0,0
16.868406560,1,0
16.868457440,1,1
16.868906560,0,1
16.868957920,0,0
16.869406560,1,0
16.869457440,1,1
16.869906400,0,1
16.869960160,0,0
16.870406400,1,0
16.870457280,1,1
16.870906400,0,1
16.870960000,0,0
16.871406400,1,0
16.871457600,1,1
16.871906400,0,1
16.871960160,0,0
16.872406240,1,0
16.872457120,1,1
16.872906240,0,1
16.872959360,0,0
16.873406240,1,0
16.873460160,1,1
16.873906240,0,1
16.873960160,0,0
16.874406240,1,0
16.874457120,1,1
16.874906240,0,1
16.874959680,0,0
16.875406080,1,0
16.875457120,1,1
16.875906080,0,1
16.875959360,0,0
16.876406080,1,0
16.876457120,1,1
16.876906080,0,1
16.876960000,0,0
16.877406080,1,0
16.877456640,1,1
16.877906080,0,1
16.877959840,0,0
16.878405920,1,0
16.878457120,1,1
16.878905920,0,1
16.878956800,0,0
16.879405920,1,0
16.879457120,1,1
16.879905920,0,1
16.879956640,0,0
16.880405920,1,0
16.880459680,1,1
16.880905760,0,1
16.880956640,0,0
16.881405760,1,0
16.881459520,1,1
16.881905760,0,1
16.881956480,0,0
16.882405760,1,0
16.882459040,1,1
16.882905760,0,1
16.882956640,0,0
16.883405600,1,0
16.883461760,1,1
16.883905600,0,1
16.883951680,0,0
16.884405600,1,0
16.884453920,1,1
16.884905600,0,1
16.884951360,0,0
16.885405600,1,0
16.885454080,1,1
16.885905600,0,1
16.885951840,0,0
16.886405440,1,0
16.886454720,1,1
16.886905440,0,1
16.886951200,0,0
16.887405440,1,0
16.887454240,1,1
16.887905440,0,1
16.887951840,0,0
16.888405440,1,0
16.888454400,1,1
16.888905440,0,1
16.888951520,0,0
16.889405280,1,0
16.889451680,1,1
16.889905280,0,1
16.889951520,0,0
16.890405280,1,0
16.890451200,1,1
16.890905280,0,1
16.890953760,0,0
16.891405280,1,0
16.891451200,1,1
16.891905120,0,1
16.891953760,0,0
16.892405120,1,0
16.892451200,1,1
16.892905120,0,1
16.892953600,0,0
16.893405120,1,0
16.893458400,1,1
16.893905120,0,1
16.893958240,0,0
16.894404960,1,0
16.894455360,1,1
16.894904960,0,1
16.894957920,0,0
16.895404960,1,0
16.895455040,1,1
16.895904960,0,1
16.895958080,0,0
16.896404960,1,0
16.896455360,1,1
16.896904960,0,1
16.896958080,0,0
16.897404800,1,0
16.897455200,1,1
16.897904800,0,1
16.897957120,0,0
16.898404800,1,0
16.898455200,1,1
16.898904800,0,1
16.898957920,0,0
16.899404800,1,0
16.899454880,1,1
16.899904800,0,1
16.899957760,0,0
16.900404640,1,0
16.900454560,1,1
16.900904640,0,1
16.900954080,0,0
16.901404640,1,0
16.901454720,1,1
16.901904640,0,1
16.901954400,0,0
16.902404480,1,0
16.902457280,1,1
16.902904480,0,1
16.902954240,0,0
16.903404480,1,0
16.903459680,1,1
16.903904480,0,1
16.903954240,0,0
16.904404480,1,0
16.904457120,1,1
16.904904480,0,1
16.904954560,0,0
16.905404320,1,0
16.905456960,1,1
16.905904320,0,1
16.905954400,0,0
16.906404320,1,0
16.906456800,1,1
16.906904320,0,1
16.906954400,0,0
16.907404320,1,0
16.907456800,1,1
16.907904320,0,1
16.907954240,0,0
16.908404160,1,0
16.908456800,1,1
16.908904160,0,1
16.908954080,0,0
16.909404160,1,0
16.909457120,1,1
16.909904160,0,1
16.909954080,0,0
16.910404160,1,0
16.910456800,1,1
16.910904000,0,1
16.910953920,0,0
16.911404000,1,0
16.911453920,1,1
16.911904000,0,1
16.911954240,0,0
16.912404000,1,0
16.912453920,1,1
16.912904000,0,1
16.912957120,0,0
16.913403840,1,0
16.913456320,1,1
16.913903840,0,1
16.913956640,0,0
16.914403840,1,0
16.914453760,1,1
16.914903840,0,1
16.914956320,0,0
16.915403840,1,0
16.915453920,1,1
16.915903840,0,1
16.915956000,0,0
16.916403680,1,0
16.916453920,1,1
16.916903680,0,1
16.916956160,0,0
16.917403680,1,0
16.917453600,1,1
16.917903680,0,1
16.917956480,0,0
16.918403680,1,0
16.918453280,1,1
16.918903680,0,1
16.918956640,0,0
16.919403520,1,0
16.919453920,1,1
16.919903520,0,1
16.919956640,0,0
16.920403520,1,0
16.920453600,1,1
16.920903520,0,1
16.920956640,0,0
16.921403520,1,0
16.921453760,1,1
16.921903360,0,1
16.921952640,0,0
16.922403360,1,0
16.922453280,1,1
16.922903360,0,1
16.922953120,0,0
16.923403360,1,0
16.923458720,1,1
16.923903360,0,1
16.923953600,0,0
16.924403200,1,0
16.924455200,1,1
16.924903200,0,1
16.924953120,0,0
16.925403200,1,0
16.925455680,1,1
16.925903200,0,1
16.925953280,0,0
16.926403200,1,0
16.926456000,1,1
16.926903200,0,1
16.926953280,0,0
16.927403040,1,0
16.927455840,1,1
16.927903040,0,1
16.927952800,0,0
16.928403040,1,0
16.928455680,1,1
16.928903040,0,1
16.928952960,0,0
16.929403040,1,0
16.929456160,1,1
16.929903040,0,1
16.929952640,0,0
16.930402880,1,0
16.930455520,1,1
16.930902880,0,1
16.930952640,0,0
16.931402880,1,0
16.931455200,1,1
16.931902880,0,1
16.931952800,0,0
16.932402880,1,0
16.932455840,1,1
16.932902720,0,1
16.932952800,0,0
16.933402720,1,0
16.933455040,1,1
16.933902720,0,1
16.933952800,0,0
16.934402720,1,0
16.934452640,1,1
16.934902720,0,1
16.934955360,0,0
16.935402560,1,0
16.935452800,1,1
16.935902560,0,1
16.935955200,0,0
16.936402560,1,0
16.936452640,1,1
16.936902560,0,1
16.936955040,0,0
16.937402560,1,0
16.937452320,1,1
16.937902560,0,1
16.937954880,0,0
16.938402400,1,0
16.938452320,1,1
16.938902400,0,1
16.938955200,0,0
16.939402400,1,0
16.939452160,1,1
16.939902400,0,1
16.939955360,0,0
16.940402400,1,0
16.940452320,1,1
16.940902400,0,1
16.940955200,0,0
16.941402240,1,0
16.941452000,1,1
16.941902240,0,1
16.941955200,0,0
16.942402240,1,0
16.942452160,1,1
16.942902240,0,1
16.942954880,0,0
16.943402240,1,0
16.943454400,1,1
16.943902080,0,1
16.943952160,0,0
16.944402080,1,0
16.944452320,1,1
16.944902080,0,1
16.944951680,0,0
16.945402080,1,0
16.945454880,1,1
16.945902080,0,1
16.945952000,0,0
16.946401920,1,0
16.946454720,1,1
16.946901920,0,1
16.946952000,0,0
16.947401920,1,0
16.947454720,1,1
16.947901920,0,1
16.947951840,0,0
16.948401920,1,0
16.948454400,1,1
16.948901920,0,1
16.948951680,0,0
16.949401760,1,0
16.949454560,1,1
16.949901760,0,1
16.949951840,0,0
16.950401760,1,0
16.950454720,1,1
16.950901760,0,1
16.950951520,0,0
16.951401760,1,0
16.951454400,1,1
16.951901760,0,1
16.951952000,0,0
16.952401600,1,0
16.952454400,1,1
16.952901600,0,1
16.952951680,0,0
16.953401600,1,0
16.953456960,1,1
16.953901600,0,1
16.953951200,0,0
16.954401600,1,0
16.954452000,1,1
16.954901440,0,1
16.954951680,0,0
16.955401440,1,0
16.955450880,1,1
16.955901440,0,1
16.955954560,0,0
16.956401440,1,0
16.956451200,1,1
16.956901440,0,1
16.956954400,0,0
16.957401280,1,0
16.957451520,1,1
16.957901280,0,1
16.957953600,0,0
16.958401280,1,0
16.958451200,1,1
16.958901280,0,1
16.958954400,0,0
16.959401280,1,0
16.959451200,1,1
16.959901280,0,1
16.959954240,0,0
16.960401120,1,0
16.960451040,1,1
16.960901120,0,1
16.960953920,0,0
16.961401120,1,0
16.961451200,1,1
16.961901120,0,1
16.961953920,0,0
16.962401120,1,0
16.962451360,1,1
16.962901120,0,1
16.962953760,0,0
16.963400960,1,0
16.963453920,1,1
16.963900960,0,1
16.963953760,0,0
16.964400960,1,0
16.964450720,1,1
16.964900960,0,1
16.964950720,0,0
16.965400960,1,0
16.965451040,1,1
16.965900800,0,1
16.965950560,0,0
16.966400800,1,0
16.966453280,1,1
16.966900800,0,1
16.966950400,0,0
16.967400800,1,0
16.967452960,1,1
16.967900800,0,1
16.967950400,0,0
16.968400640,1,0
16.968452960,1,1
16.968900640,0,1
16.968950720,0,0
16.969400640,1,0
16.969453120,1,1
16.969900640,0,1
16.969950720,0,0
16.970400640,1,0
16.970452960,1,1
16.970900640,0,1
16.970950560,0,0
16.971400480,1,0
16.971453120,1,1
16.971900480,0,1
16.971950400,0,0
16.972400480,1,0
16.972453280,1,1
16.972900480,0,1
16.972950560,0,0
16.973400480,1,0
16.973456160,1,1
16.973900480,0,1
16.973950560,0,0
16.974400320,1,0
16.974453600,1,1
16.974900320,0,1
16.974950240,0,0
16.975400320,1,0
16.975453120,1,1
16.975900320,0,1
16.975950080,0,0
16.976400160,1,0
16.976450080,1,1
16.976900160,0,1
16.976950240,0,0
16.977400160,1,0
16.977449920,1,1
16.977900160,0,1
16.977952960,0,0
16.978400160,1,0
16.978450400,1,1
16.978900160,0,1
16.978952640,0,0
16.979400000,1,0
16.979450080,1,1
16.979900000,0,1
16.979952480,0,0
16.980400000,1,0
16.980449920,1,1
16.980900000,0,1
16.980952800,0,0
16.981400000,1,0
16.981449760,1,1
16.981900000,0,1
16.981952480,0,0
16.982399840,1,0
16.982449920,1,1
16.982899840,0,1
16.982952960,0,0
16.983399840,1,0
16.983452480,1,1
16.983899840,0,1
16.983952800,0,0
16.984399840,1,0
16.984449600,1,1
16.984899680,0,1
16.984952640,0,0
16.985399680,1,0
16.985450080,1,1
16.985899680,0,1
16.985952800,0,0
16.986399680,1,0
16.986449600,1,1
16.986899680,0,1
16.986949760,0,0
16.987399520,1,0
16.987449600,1,1
16.987899520,0,1
16.987949600,0,0
16.988399520,1,0
16.988452000,1,1
16.988899520,0,1
16.988949280,0,0
16.989399520,1,0
16.989452640,1,1
16.989899520,0,1
16.989949440,0,0
16.990399360,1,0
16.990452320,1,1
16.990899360,0,1
16.990948960,0,0
16.991399360,1,0
16.991452320,1,1
16.991899360,0,1
16.991949120,0,0
16.992399360,1,0
16.992451680,1,1
16.992899360,0,1
16.992949600,0,0
16.993399200,1,0
16.993453760,1,1
16.993899200,0,1
16.993948320,0,0
16.994399200,1,0
16.994451360,1,1
16.994899200,0,1
16.994959360,0,0
16.995399200,1,0
16.995454080,1,1
16.995899040,0,1
16.995948640,0,0
16.996399040,1,0
16.996464160,1,1
16.996899040,0,1
16.996949760,0,0
16.997399040,1,0
16.997449280,1,1
16.997899040,0,1
16.997948960,0,0
16.998398880,1,0
16.998449120,1,1
16.998898880,0,1
16.998951680,0,0
16.999398880,1,0
16.999449600,1,1
16.999898880,0,1
16.999951680,0,0
17.000398880,1,0
17.000448960,1,1
17.000898880,0,1
17.000951680,0,0
17.001398720,1,0
17.001448800,1,1
17.001898720,0,1
17.001951200,0,0
17.002398720,1,0
17.002448640,1,1
17.002898720,0,1
17.002951360,0,0
17.003398720,1,0
17.003449920,1,1
17.003898720,0,1
17.003950720,0,0
17.004398560,1,0
17.004448320,1,1
17.004898560,0,1
17.004950720,0,0
17.005398560,1,0
17.005459520,1,1
17.005898560,0,1
17.005953920,0,0
17.006398560,1,0
17.006450080,1,1
17.006898400,0,1
17.006952960,0,0
17.007398400,1,0
17.007449760,1,1
17.007898400,0,1
17.007956000,0,0
17.008398400,1,0
17.008450080,1,1
17.008898400,0,1
17.008949280,0,0
17.009398240,1,0
17.009449120,1,1
17.009898240,0,1
17.009949600,0,0
17.010398240,1,0
17.010451840,1,1
17.010898240,0,1
17.010949280,0,0
17.011398240,1,0
17.011452000,1,1
17.011898240,0,1
17.011948960,0,0
17.012398080,1,0
17.012451680,1,1
17.012898080,0,1
17.012949120,0,0
17.013398080,1,0
17.013457760,1,1
17.013898080,0,1
17.013949120,0,0
17.014398080,1,0
17.014452000,1,1
17.014898080,0,1
17.014948960,0,0
17.015397920,1,0
17.015451520,1,1
17.015897920,0,1
17.015948160,0,0
17.016397920,1,0
17.016451360,1,1
17.016897920,0,1
17.016948480,0,0
17.017397920,1,0
17.017451520,1,1
17.017897760,0,1
17.017948960,0,0
17.018397760,1,0
17.018451520,1,1
17.018897760,0,1
17.018948640,0,0
17.019397760,1,0
17.019448960,1,1
17.019897760,0,1
17.019948480,0,0
17.020397600,1,0
17.020448800,1,1
17.020897600,0,1
17.020951520,0,0
17.021397600,1,0
17.021449120,1,1
17.021897600,0,1
17.021951360,0,0
17.022397600,1,0
17.022448160,1,1
17.022897600,0,1
17.022951200,0,0
17.023397440,1,0
17.023451200,1,1
17.023897440,0,1
17.023950720,0,0
17.024397440,1,0
17.024448480,1,1
17.024897440,0,1
17.024951200,0,0
17.025397440,1,0
17.025448000,1,1
17.025897440,0,1
17.025951680,0,0
17.026397280,1,0
17.026448320,1,1
17.026897280,0,1
17.026951040,0,0
17.027397280,1,0
17.027448160,1,1
17.027897280,0,1
17.027950720,0,0
17.028397280,1,0
17.028448320,1,1
17.028897120,0,1
17.028951200,0,0
17.029397120,1,0
17.029448160,1,1
17.029897120,0,1
17.029948000,0,0
17.030397120,1,0
17.030448480,1,1
17.030897120,0,1
17.030948000,0,0
17.031396960,1,0
17.031451200,1,1
17.031896960,0,1
17.031948000,0,0
17.032396960,1,0
17.032451040,1,1
17.032896960,0,1
17.032948160,0,0
17.033396960,1,0
17.033453280,1,1
17.033896960,0,1
17.033943680,0,0
17.034396800,1,0
17.034446080,1,1
17.034896800,0,1
17.034943520,0,0
17.035396800,1,0
17.035445440,1,1
17.035896800,0,1
17.035943200,0,0
17.036396800,1,0
17.036445600,1,1
17.036896800,0,1
17.036943200,0,0
17.037396640,1,0
17.037445600,1,1
17.037896640,0,1
17.037943520,0,0
17.038396640,1,0
17.038445280,1,1
17.038896640,0,1
17.038943040,0,0
17.039396640,1,0
17.039445440,1,1
17.039896480,0,1
17.039943200,0,0
17.040396480,1,0
17.040445600,1,1
17.040896480,0,1
17.040943040,0,0
17.041396480,1,0
17.041442880,1,1
17.041896480,0,1
17.041942560,0,0
17.042396320,1,0
17.042442400,1,1
17.042896320,0,1
17.042945600,0,0
17.043396320,1,0
17.043450400,1,1
17.043896320,0,1
17.043949280,0,0
17.044396320,1,0
17.044446720,1,1
17.044896320,0,1
17.044948960,0,0
17.045396160,1,0
17.045446560,1,1
17.045896160,0,1
17.045948800,0,0
17.046396160,1,0
17.046446240,1,1
17.046896160,0,1
17.046949440,0,0
17.047396160,1,0
17.047446080,1,1
17.047896160,0,1
17.047949600,0,0
17.048396000,1,0
17.048446240,1,1
17.048896000,0,1
17.048948960,0,0
17.049396000,1,0
17.049446400,1,1
17.049896000,0,1
17.049949120,0,0
17.050395840,1,0
17.050445760,1,1
17.050895840,0,1
17.050948800,0,0
17.051395840,1,0
17.051446080,1,1
17.051895840,0,1
17.051945760,0,0
17.052395840,1,0
17.052446400,1,1
17.052895840,0,1
17.052945600,0,0
17.053395680,1,0
17.053451360,1,1
17.053895680,0,1
17.053945920,0,0
17.054395680,1,0
17.054448160,1,1
17.054895680,0,1
17.054945760,0,0
17.055395680,1,0
17.055448480,1,1
17.055895680,0,1
17.055945920,0,0
17.056395520,1,0
17.056448320,1,1
17.056895520,0,1
17.056945600,0,0
17.057395520,1,0
17.057447840,1,1
17.057895520,0,1
17.057945600,0,0
17.058395520,1,0
17.058447840,1,1
17.058895360,0,1
17.058945120,0,0
17.059395360,1,0
17.059448480,1,1
17.059895360,0,1
17.059945760,0,0
17.060395360,1,0
17.060448160,1,1
17.060895360,0,1
17.060945440,0,0
17.061395200,1,0
17.061448160,1,1
17.061895200,0,1
17.061945600,0,0
17.062395200,1,0
17.062445440,1,1
17.062895200,0,1
17.062945280,0,0
17.063395200,1,0
17.063447680,1,1
17.063895200,0,1
17.063948000,0,0
17.064395040,1,0
17.064445440,1,1
17.064895040,0,1
17.064948000,0,0
17.065395040,1,0
17.065445120,1,1
17.065895040,0,1
17.065947680,0,0
17.066395040,1,0
17.066445120,1,1
17.066895040,0,1
17.066947840,0,0
17.067394880,1,0
17.067444640,1,1
17.067894880,0,1
17.067947360,0,0
17.068394880,1,0
17.068444480,1,1
17.068894880,0,1
17.068947680,0,0
17.069394880,1,0
17.069444640,1,1
17.069894720,0,1
17.069948000,0,0
17.070394720,1,0
17.070444640,1,1
17.070894720,0,1
17.070947840,0,0
17.071394720,1,0
17.071444800,1,1
17.071894720,0,1
17.071948000,0,0
17.072394560,1,0
17.072444960,1,1
17.072894560,0,1
17.072948000,0,0
17.073394560,1,0
17.073447360,1,1
17.073894560,0,1
17.073944480,0,0
17.074394560,1,0
17.074444640,1,1
17.074894560,0,1
17.074944160,0,0
17.075394400,1,0
17.075447200,1,1
17.075894400,0,1
17.075944640,0,0
17.076394400,1,0
17.076447040,1,1
17.076894400,0,1
17.076944160,0,0
17.077394400,1,0
17.077447040,1,1
17.077894400,0,1
17.077944640,0,0
17.078394240,1,0
17.078446400,1,1
17.078894240,0,1
17.078944160,0,0
17.079394240,1,0
17.079447200,1,1
17.079894240,0,1
17.079943840,0,0
17.080394240,1,0
17.080446400,1,1
17.080894080,0,1
17.080944160,0,0
17.081394080,1,0
17.081447040,1,1
17.081894080,0,1
17.081944640,0,0
17.082394080,1,0
17.082446400,1,1
17.082894080,0,1
17.082944480,0,0
17.083393920,1,0
17.083449600,1,1
17.083893920,0,1
17.083944160,0,0
17.084393920,1,0
17.084444000,1,1
17.084893920,0,1
17.084944000,0,0
17.085393920,1,0
17.085444000,1,1
17.085893920,0,1
17.085946400,0,0
17.086393760,1,0
17.086444320,1,1
17.086893760,0,1
17.086946400,0,0
17.087393760,1,0
17.087444000,1,1
17.087893760,0,1
17.087946400,0,0
17.088393760,1,0
17.088443680,1,1
17.088893760,0,1
17.088946560,0,0
17.089393600,1,0
17.089443520,1,1
17.089893600,0,1
17.089946400,0,0
17.090393600,1,0
17.090443680,1,1
17.090893600,0,1
17.090946400,0,0
17.091393600,1,0
17.091443520,1,1
17.091893440,0,1
17.091947040,0,0
17.092393440,1,0
17.092443520,1,1
17.092893440,0,1
17.092946400,0,0
17.093393440,1,0
17.093446240,1,1
17.093893440,0,1
17.093946720,0,0
17.094393280,1,0
17.094443200,1,1
17.094893280,0,1
17.094943360,0,0
17.095393280,1,0
17.095443680,1,1
17.095893280,0,1
17.095943200,0,0
17.096393280,1,0
17.096445920,1,1
17.096893280,0,1
17.096943360,0,0
17.097393120,1,0
17.097445920,1,1
17.097893120,0,1
17.097943040,0,0
17.098393120,1,0
17.098445600,1,1
17.098893120,0,1
17.098942880,0,0
17.099393120,1,0
17.099445600,1,1
17.099893120,0,1
17.099943040,0,0
17.100392960,1,0
17.100445600,1,1
17.100892960,0,1
17.100942720,0,0
17.101392960,1,0
17.101445600,1,1
17.101892960,0,1
17.101943040,0,0
17.102392800,1,0
17.102445120,1,1
17.102892800,0,1
17.102942880,0,0
17.103392800,1,0
17.103448320,1,1
17.103892800,0,1
17.103942720,0,0
17.104392800,1,0
17.104445280,1,1
17.104892800,0,1
17.104942880,0,0
17.105392640,1,0
17.105445120,1,1
17.105892640,0,1
17.105942400,0,0
17.106392640,1,0
17.106442880,1,1
17.106892640,0,1
17.106943040,0,0
17.107392640,1,0
17.107442080,1,1
17.107892640,0,1
17.107945120,0,0
17.108392480,1,0
17.108442720,1,1
17.108892480,0,1
17.108945760,0,0
17.109392480,1,0
17.109442400,1,1
17.109892480,0,1
17.109945280,0,0
17.110392480,1,0
17.110442400,1,1
17.110892320,0,1
17.110944960,0,0
17.111392320,1,0
17.111442400,1,1
17.111892320,0,1
17.111945440,0,0
17.112392320,1,0
17.112442240,1,1
17.112892320,0,1
17.112945120,0,0
17.113392160,1,0
17.113445280,1,1
17.113892160,0,1
17.113945120,0,0
17.114392160,1,0
17.114442400,1,1
17.114892160,0,1
17.114944960,0,0
17.115392160,1,0
17.115441920,1,1
17.115892160,0,1
17.115944800,0,0
17.116392000,1,0
17.116442560,1,1
17.116892000,0,1
17.116941920,0,0
17.117392000,1,0
17.117441760,1,1
17.117892000,0,1
17.117942080,0,0
17.118392000,1,0
17.118444800,1,1
17.118892000,0,1
17.118942080,0,0
17.119391840,1,0
17.119444160,1,1
17.119891840,0,1
17.119941920,0,0
17.120391840,1,0
17.120444960,1,1
17.120891840,0,1
17.120942080,0,0
17.121391840,1,0
17.121444000,1,1
17.121891680,0,1
17.121942080,0,0
17.122391680,1,0
17.122444480,1,1
17.122891680,0,1
17.122941920,0,0
17.123391680,1,0
17.123447040,1,1
17.123891680,0,1
17.123941920,0,0
17.124391520,1,0
17.124444320,1,1
17.124891520,0,1
17.124941760,0,0
17.125391520,1,0
17.125444800,1,1
17.125891520,0,1
17.125941440,0,0
17.126391520,1,0
17.126444000,1,1
17.126891520,0,1
17.126941600,0,0
17.127391360,1,0
17.127441120,1,1
17.127891360,0,1
17.127941440,0,0
17.128391360,1,0
17.128441280,1,1
17.128891360,0,1
17.128944320,0,0
17.129391360,1,0
17.129441600,1,1
17.129891360,0,1
17.129944160,0,0
17.130391200,1,0
17.130441120,1,1
17.130891200,0,1
17.130944000,0,0
17.131391200,1,0
17.131441440,1,1
17.131891200,0,1
17.131944160,0,0
17.132391200,1,0
17.132441440,1,1
17.132891040,0,1
17.132944160,0,0
17.133391040,1,0
17.133445920,1,1
17.133891040,0,1
17.133944160,0,0
17.134391040,1,0
17.134440960,1,1
17.134891040,0,1
17.134944160,0,0
17.135390880,1,0
17.135440960,1,1
17.135890880,0,1
17.135944160,0,0
17.136390880,1,0
17.136440800,1,1
17.136890880,0,1
17.136944160,0,0
17.137390880,1,0
17.137440960,1,1
17.137890880,0,1
17.137943840,0,0
17.138390720,1,0
17.138440160,1,1
17.138890720,0,1
17.138940640,0,0
17.139390720,1,0
17.139441120,1,1
17.139890720,0,1
17.139940320,0,0
17.140390720,1,0
17.140443200,1,1
17.140890720,0,1
17.140940960,0,0
17.141390560,1,0
17.141443040,1,1
17.141890560,0,1
17.141940480,0,0
17.142390560,1,0
17.142442880,1,1
17.142890560,0,1
17.142940640,0,0
17.143390400,1,0
17.143446240,1,1
17.143890400,0,1
17.143940960,0,0
17.144390400,1,0
17.144443200,1,1
17.144890400,0,1
17.144940800,0,0
17.145390400,1,0
17.145443520,1,1
17.145890400,0,1
17.145940640,0,0
17.146390240,1,0
17.146442880,1,1
17.146890240,0,1
17.146940320,0,0
17.147390240,1,0
17.147442880,1,1
17.147890240,0,1
17.147940320,0,0
17.148390240,1,0
17.148443040,1,1
17.148890240,0,1
17.148940000,0,0
17.149390080,1,0
17.149440320,1,1
17.149890080,0,1
17.149939840,0,0
17.150390080,1,0
17.150440320,1,1
17.150890080,0,1
17.150943040,0,0
17.151390080,1,0
17.151440320,1,1
17.151889920,0,1
17.151943360,0,0
17.152389920,1,0
17.152440000,1,1
17.152889920,0,1
17.152942560,0,0
17.153389920,1,0
17.153442560,1,1
17.153889920,0,1
17.153942400,0,0
17.154389760,1,0
17.154440000,1,1
17.154889760,0,1
17.154942880,0,0
17.155389760,1,0
17.155439840,1,1
17.155889760,0,1
17.155942560,0,0
17.156389760,1,0
17.156439840,1,1
17.156889760,0,1
17.156942560,0,0
17.157389600,1,0
17.157440160,1,1
17.157889600,0,1
17.157942400,0,0
17.158389600,1,0
17.158439840,1,1
17.158889600,0,1
17.158942880,0,0
17.159389600,1,0
17.159439360,1,1
17.159889600,0,1
17.159939040,0,0
17.160389440,1,0
17.160439520,1,1
17.160889440,0,1
17.160939200,0,0
17.161389440,1,0
17.161442240,1,1
17.161889440,0,1
17.161939360,0,0
17.162389440,1,0
17.162442080,1,1
17.162889280,0,1
17.162939200,0,0
17.163389280,1,0
17.163444320,1,1
17.163889280,0,1
17.163938560,0,0
17.164389280,1,0
17.164440960,1,1
17.164889280,0,1
17.164938080,0,0
17.165389120,1,0
17.165440960,1,1
17.165889120,0,1
17.165938400,0,0
17.166389120,1,0
17.166440640,1,1
17.166889120,0,1
17.166938240,0,0
17.167389120,1,0
17.167440800,1,1
17.167889120,0,1
17.167937920,0,0
17.168388960,1,0
17.168440800,1,1
17.168888960,0,1
17.168938080,0,0
17.169388960,1,0
17.169440800,1,1
17.169888960,0,1
17.169937920,0,0
17.170388960,1,0
17.170441600,1,1
17.170888960,0,1
17.170942240,0,0
17.171388800,1,0
17.171438400,1,1
17.171888800,0,1
17.171949600,0,0
17.172388800,1,0
17.172440000,1,1
17.172888800,0,1
17.172942080,0,0
17.173388800,1,0
17.173441600,1,1
17.173888640,0,1
17.173940800,0,0
17.174388640,1,0
17.174438400,1,1
17.174888640,0,1
17.174940640,0,0
17.175388640,1,0
17.175437600,1,1
17.175888640,0,1
17.175940640,0,0
17.176388480,1,0
17.176437920,1,1
17.176888480,0,1
17.176940960,0,0
17.177388480,1,0
17.177437760,1,1
17.177888480,0,1
17.177940640,0,0
17.178388480,1,0
17.178438240,1,1
17.178888480,0,1
17.178940800,0,0
17.179388320,1,0
17.179437600,1,1
17.179888320,0,1
17.179940960,0,0
17.180388320,1,0
17.180437600,1,1
17.180888320,0,1
17.180944640,0,0
17.181388320,1,0
17.181438560,1,1
17.181888320,0,1
17.181938560,0,0
17.182388160,1,0
17.182438400,1,1
17.182888160,0,1
17.182938240,0,0
17.183388160,1,0
17.183443200,1,1
17.183888160,0,1
17.183937440,0,0
17.184388160,1,0
17.184439840,1,1
17.184888000,0,1
17.184950880,0,0
17.185388000,1,0
17.185441440,1,1
17.185888000,0,1
17.185937440,0,0
17.186388000,1,0
17.186439840,1,1
17.186888000,0,1
17.186936960,0,0
17.187387840,1,0
17.187439840,1,1
17.187887840,0,1
17.187937120,0,0
17.188387840,1,0
17.188440000,1,1
17.188887840,0,1
17.188936960,0,0
17.189387840,1,0
17.189440320,1,1
17.189887840,0,1
17.189937280,0,0
17.190387680,1,0
17.190439360,1,1
17.190887680,0,1
17.190944960,0,0
17.191387680,1,0
17.191444320,1,1
17.191887680,0,1
17.191949760,0,0
17.192387680,1,0
17.192449120,1,1
17.192887680,0,1
17.192939040,0,0
17.193387520,1,0
17.193442400,1,1
17.193887520,0,1
17.193936640,0,0
17.194387520,1,0
17.194434400,1,1
17.194887520,0,1
17.194936320,0,0
17.195387360,1,0
17.195434080,1,1
17.195887360,0,1
17.195936000,0,0
17.196387360,1,0
17.196434080,1,1
17.196887360,0,1
17.196936160,0,0
17.197387360,1,0
17.197433440,1,1
17.197887360,0,1
17.197936960,0,0
17.198387200,1,0
17.198433760,1,1
17.198887200,0,1
17.199078400,0,0
17.199387200,1,0
17.199437280,1,1
17.199887200,0,1
17.199937280,0,0
17.200387200,1,0
17.200432960,1,1
17.200887200,0,1
17.200936320,0,0
17.201387040,1,0
17.201438240,1,1
17.201887040,0,1
17.201936800,0,0
17.202387040,1,0
17.202433600,1,1
17.202887040,0,1
17.202933600,0,0
17.203387040,1,0
17.203542560,1,1
17.203887040,0,1
17.203939200,0,0
17.204386880,1,0
17.204437760,1,1
17.204886880,0,1
17.204937600,0,0
17.205386880,1,0
17.205439840,1,1
17.205886880,0,1
17.205937440,0,0
17.206386720,1,0
17.206454080,1,1
17.206886720,0,1
17.206938720,0,0
17.207386720,1,0
17.207440000,1,1
17.207886720,0,1
17.207937280,0,0
17.208386720,1,0
17.208439200,1,1
17.208886720,0,1
17.208937760,0,0
17.209386560,1,0
17.209439840,1,1
17.209886560,0,1
17.209937120,0,0
17.210386560,1,0
17.210439520,1,1
17.210886560,0,1
17.210936960,0,0
17.211386560,1,0
17.211439360,1,1
17.211886560,0,1
17.211936480,0,0
17.212386400,1,0
17.212439520,1,1
17.212886400,0,1
17.212936960,0,0
17.213386400,1,0
17.213445600,1,1
17.213886400,0,1
17.213937120,0,0
17.214386400,1,0
17.214436640,1,1
17.214886240,0,1
17.214936320,0,0
17.215386240,1,0
17.215436320,1,1
17.215886240,0,1
17.215939040,0,0
17.216386240,1,0
17.216436640,1,1
17.216886240,0,1
17.216938880,0,0
17.217386080,1,0
17.217436480,1,1
17.217886080,0,1
17.217939360,0,0
17.218386080,1,0
17.218436320,1,1
17.218886080,0,1
17.218939200,0,0
17.219386080,1,0
17.219436960,1,1
17.219886080,0,1
17.219938560,0,0
17.220385920,1,0
17.220436320,1,1
17.220885920,0,1
17.220939360,0,0
17.221385920,1,0
17.221436640,1,1
17.221885920,0,1
17.221938880,0,0
17.222385920,1,0
17.222436000,1,1
17.222885920,0,1
17.222939040,0,0
17.223385760,1,0
17.223439040,1,1
17.223885760,0,1
17.223938720,0,0
17.224385760,1,0
17.224436160,1,1
17.224885760,0,1
17.224935840,0,0
17.225385760,1,0
17.225435840,1,1
17.225885600,0,1
17.225935840,0,0
17.226385600,1,0
17.226442080,1,1
17.226885600,0,1
17.226936000,0,0
17.227385600,1,0
17.227438880,1,1
17.227885600,0,1
17.227935840,0,0
17.228385440,1,0
17.228438240,1,1
17.228885440,0,1
17.228935680,0,0
17.229385440,1,0
17.229438400,1,1
17.229885440,0,1
17.229936000,0,0
17.230385440,1,0
17.230439040,1,1
17.230885440,0,1
17.230935520,0,0
17.231385280,1,0
17.231438560,1,1
17.231885280,0,1
17.231935680,0,0
17.232385280,1,0
17.232437920,1,1
17.232885280,0,1
17.232935360,0,0
17.233385280,1,0
17.233442080,1,1
17.233885280,0,1
17.233935680,0,0
17.234385120,1,0
17.234437920,1,1
17.234885120,0,1
17.234935680,0,0
17.235385120,1,0
17.235438240,1,1
17.235885120,0,1
17.235935360,0,0
17.236385120,1,0
17.236434880,1,1
17.236884960,0,1
17.236937920,0,0
17.237384960,1,0
17.237435520,1,1
17.237884960,0,1
17.237937760,0,0
17.238384960,1,0
17.238435200,1,1
17.238884960,0,1
17.238937760,0,0
17.239384800,1,0
17.239443360,1,1
17.239884800,0,1
17.239939040,0,0
17.240384800,1,0
17.240435520,1,1
17.240884800,0,1
17.240938080,0,0
17.241384800,1,0
17.241435200,1,1
17.241884800,0,1
17.241938080,0,0
17.242384640,1,0
17.242434720,1,1
17.242884640,0,1
17.242937920,0,0
17.243384640,1,0
17.243440640,1,1
17.243884640,0,1
17.243937920,0,0
17.244384640,1,0
17.244434880,1,1
17.244884640,0,1
17.244937280,0,0
17.245384480,1,0
17.245434880,1,1
17.245884480,0,1
17.245937760,0,0
17.246384480,1,0
17.246434720,1,1
17.246884480,0,1
17.246934880,0,0
17.247384480,1,0
17.247434720,1,1
17.247884320,0,1
17.247934400,0,0
17.248384320,1,0
17.248437440,1,1
17.248884320,0,1
17.248934880,0,0
17.249384320,1,0
17.249437280,1,1
17.249884320,0,1
17.249934880,0,0
17.250384160,1,0
17.250437120,1,1
17.250884160,0,1
17.250934560,0,0
17.251384160,1,0
17.251436960,1,1
17.251884160,0,1
17.251934400,0,0
17.252384160,1,0
17.252437120,1,1
17.252884160,0,1
17.252934240,0,0
17.253384000,1,0
17.253439680,1,1
17.253884000,0,1
17.253935040,0,0
17.254384000,1,0
17.254436640,1,1
17.254884000,0,1
17.254934240,0,0
17.255384000,1,0
17.255436480,1,1
17.255884000,0,1
17.255934240,0,0
17.256383840,1,0
17.256436800,1,1
17.256883840,0,1
17.256934560,0,0
17.257383840,1,0
17.257433600,1,1
17.257883840,0,1
17.257934080,0,0
17.258383680,1,0
17.258434080,1,1
17.258883680,0,1
17.258936960,0,0
17.259383680,1,0
17.259434240,1,1
17.259883680,0,1
17.259936640,0,0
17.260383680,1,0
17.260434400,1,1
17.260883680,0,1
17.260936480,0,0
17.261383520,1,0
17.261433920,1,1
17.261883520,0,1
17.261936160,0,0
17.262383520,1,0
17.262434240,1,1
17.262883520,0,1
17.262936800,0,0
17.263383520,1,0
17.263436000,1,1
17.263883520,0,1
17.263936480,0,0
17.264383360,1,0
17.264433600,1,1
17.264883360,0,1
17.264936480,0,0
17.265383360,1,0
17.265433920,1,1
17.265883360,0,1
17.265936320,0,0
17.266383360,1,0
17.266433760,1,1
17.266883200,0,1
17.266936160,0,0
17.267383200,1,0
17.267433600,1,1
17.267883200,0,1
17.267933280,0,0
17.268383200,1,0
17.268433440,1,1
17.268883200,0,1
17.268933440,0,0
17.269383040,1,0
17.269436000,1,1
17.269883040,0,1
17.269933440,0,0
17.270383040,1,0
17.270436160,1,1
17.270883040,0,1
17.270933760,0,0
17.271383040,1,0
17.271436000,1,1
17.271883040,0,1
17.271933440,0,0
17.272382880,1,0
17.272435360,1,1
17.272882880,0,1
17.272933280,0,0
17.273382880,1,0
17.273439840,1,1
17.273882880,0,1
17.273933440,0,0
17.274382880,1,0
17.274436160,1,1
17.274882880,0,1
17.274932960,0,0
17.275382720,1,0
17.275436000,1,1
17.275882720,0,1
17.275932800,0,0
17.276382720,1,0
17.276435520,1,1
17.276882720,0,1
17.276932960,0,0
17.277382720,1,0
17.277436160,1,1
17.277882560,0,1
17.277932960,0,0
17.278382560,1,0
17.278435360,1,1
17.278882560,0,1
17.278932640,0,0
17.279382560,1,0
17.279432160,1,1
17.279882560,0,1
17.279932640,0,0
17.280382400,1,0
17.280432480,1,1
17.280882400,0,1
17.280935360,0,0
17.281382400,1,0
17.281432640,1,1
17.281882400,0,1
17.281935200,0,0
17.282382400,1,0
17.282432800,1,1
17.282882400,0,1
17.282935520,0,0
17.283382240,1,0
17.283436160,1,1
17.283882240,0,1
17.283935360,0,0
17.284382240,1,0
17.284432800,1,1
17.284882240,0,1
17.284935680,0,0
17.285382240,1,0
17.285432160,1,1
17.285882240,0,1
17.285935360,0,0
17.286382080,1,0
17.286432800,1,1
17.286882080,0,1
17.286935520,0,0
17.287382080,1,0
17.287432160,1,1
17.287882080,0,1
17.287935680,0,0
17.288382080,1,0
17.288432480,1,1
17.288881920,0,1
17.288935040,0,0
17.289381920,1,0
17.289432160,1,1
17.289881920,0,1
17.289932320,0,0
17.290381920,1,0
17.290431680,1,1
17.290881920,0,1
17.290931840,0,0
17.291381760,1,0
17.291434240,1,1
17.291881760,0,1
17.291932000,0,0
17.292381760,1,0
17.292434240,1,1
17.292881760,0,1
17.292932480,0,0
17.293381760,1,0
17.293437440,1,1
17.293881760,0,1
17.293932000,0,0
17.294381600,1,0
17.294434400,1,1
17.294881600,0,1
17.294932000,0,0
17.295381600,1,0
17.295434720,1,1
17.295881600,0,1
17.295932000,0,0
17.296381600,1,0
17.296434880,1,1
17.296881600,0,1
17.296932160,0,0
17.297381440,1,0
17.297434080,1,1
17.297881440,0,1
17.297932000,0,0
17.298381440,1,0
17.298434240,1,1
17.298881440,0,1
17.298931840,0,0
17.299381440,1,0
17.299434080,1,1
17.299881280,0,1
17.299931840,0,0
17.300381280,1,0
17.300431680,1,1
17.300881280,0,1
17.300931200,0,0
17.301381280,1,0
17.301431360,1,1
17.301881280,0,1
17.301934400,0,0
17.302381120,1,0
17.302431520,1,1
17.302881120,0,1
17.302934080,0,0
17.303381120,1,0
17.303434400,1,1
17.303881120,0,1
17.303934080,0,0
17.304381120,1,0
17.304431200,1,1
17.304881120,0,1
17.304933920,0,0
17.305380960,1,0
17.305431360,1,1
17.305880960,0,1
17.305933440,0,0
17.306380960,1,0
17.306431040,1,1
17.306880960,0,1
17.306934080,0,0
17.307380960,1,0
17.307431360,1,1
17.307880960,0,1
17.307933920,0,0
17.308380800,1,0
17.308431040,1,1
17.308880800,0,1
17.308934240,0,0
17.309380800,1,0
17.309431040,1,1
17.309880800,0,1
17.309933760,0,0
17.310380640,1,0
17.310430720,1,1
17.310880640,0,1
17.310934080,0,0
17.311380640,1,0
17.311431200,1,1
17.311880640,0,1
17.311930720,0,0
17.312380640,1,0
17.312430880,1,1
17.312880640,0,1
17.312930720,0,0
17.313380480,1,0
17.313435840,1,1
17.313880480,0,1
17.313931200,0,0
17.314380480,1,0
17.314433440,1,1
17.314880480,0,1
17.314930560,0,0
17.315380480,1,0
17.315432960,1,1
17.315880480,0,1
17.315930560,0,0
17.316380320,1,0
17.316432960,1,1
17.316880320,0,1
17.316931200,0,0
17.317380320,1,0
17.317433280,1,1
17.317880320,0,1
17.317930240,0,0
17.318380320,1,0
17.318433280,1,1
17.318880160,0,1
17.318930720,0,0
17.319380160,1,0
17.319433120,1,1
17.319880160,0,1
17.319930400,0,0
17.320380160,1,0
17.320432800,1,1
17.320880160,0,1
17.320930880,0,0
17.321380000,1,0
17.321433280,1,1
17.321880000,0,1
17.321930240,0,0
17.322380000,1,0
17.322430400,1,1
17.322880000,0,1
17.322930400,0,0
17.323380000,1,0
17.323432640,1,1
17.323880000,0,1
17.323933120,0,0
17.324379840,1,0
17.324430400,1,1
17.324879840,0,1
17.324932800,0,0
17.325379840,1,0
17.325429920,1,1
17.325879840,0,1
17.325932640,0,0
17.326379840,1,0
17.326430080,1,1
17.326879840,0,1
17.326932480,0,0
17.327379680,1,0
17.327430080,1,1
17.327879680,0,1
17.327932800,0,0
17.328379680,1,0
17.328429920,1,1
17.328879680,0,1
17.328932640,0,0
17.329379680,1,0
17.329429600,1,1
17.329879520,0,1
17.329932960,0,0
17.330379520,1,0
17.330429600,1,1
17.330879520,0,1
17.330933120,0,0
17.331379520,1,0
17.331429440,1,1
17.331879520,0,1
17.331932640,0,0
17.332379360,1,0
17.332429440,1,1
17.332879360,0,1
17.332929600,0,0
17.333379360,1,0
17.333432640,1,1
17.333879360,0,1
17.333929280,0,0
17.334379360,1,0
17.334431680,1,1
17.334879360,0,1
17.334929600,0,0
17.335379200,1,0
17.335432160,1,1
17.335879200,0,1
17.335929440,0,0
17.336379200,1,0
17.336432000,1,1
17.336879200,0,1
17.336929600,0,0
17.337379200,1,0
17.337431840,1,1
17.337879200,0,1
17.337929440,0,0
17.338379040,1,0
17.338431840,1,1
17.338879040,0,1
17.338929440,0,0
17.339379040,1,0
17.339431840,1,1
17.339879040,0,1
17.339929120,0,0
17.340379040,1,0
17.340431840,1,1
17.340878880,0,1
17.340929600,0,0
17.341378880,1,0
17.341431840,1,1
17.341878880,0,1
17.341928800,0,0
17.342378880,1,0
17.342431840,1,1
17.342878880,0,1
17.342929440,0,0
17.343378720,1,0
17.343435040,1,1
17.343878720,0,1
17.343929120,0,0
17.344378720,1,0
17.344429280,1,1
17.344878720,0,1
17.344929280,0,0
17.345378720,1,0
17.345428960,1,1
17.345878720,0,1
17.345931360,0,0
17.346378560,1,0
17.346428480,1,1
17.346878560,0,1
17.346931360,0,0
17.347378560,1,0
17.347428800,1,1
17.347878560,0,1
17.347931360,0,0
17.348378560,1,0
17.348428640,1,1
17.348878560,0,1
17.348931040,0,0
17.349378400,1,0
17.349428960,1,1
17.349878400,0,1
17.349931520,0,0
17.350378400,1,0
17.350428480,1,1
17.350878400,0,1
17.350931840,0,0
17.351378400,1,0
17.351428320,1,1
17.351878240,0,1
17.351931360,0,0
17.352378240,1,0
17.352428160,1,1
17.352878240,0,1
17.352931360,0,0
17.353378240,1,0
17.353433120,1,1
17.353878240,0,1
17.353931360,0,0
17.354378080,1,0
17.354428160,1,1
17.354878080,0,1
17.354928320,0,0
17.355378080,1,0
17.355428480,1,1
17.355878080,0,1
17.355928320,0,0
17.356378080,1,0
17.356430560,1,1
17.356878080,0,1
17.356928480,0,0
17.357377920,1,0
17.357430720,1,1
17.357877920,0,1
17.357928480,0,0
17.358377920,1,0
17.358430880,1,1
17.358877920,0,1
17.358928000,0,0
17.359377920,1,0
17.359430400,1,1
17.359877920,0,1
17.359928000,0,0
17.360377760,1,0
17.360430880,1,1
17.360877760,0,1
17.360928160,0,0
17.361377760,1,0
17.361430560,1,1
17.361877760,0,1
17.361928320,0,0
17.362377760,1,0
17.362430400,1,1
17.362877600,0,1
17.362928160,0,0
17.363377600,1,0
17.363433280,1,1
17.363877600,0,1
17.363927680,0,0
17.364377600,1,0
17.364430240,1,1
17.364877600,0,1
17.364928000,0,0
17.365377440,1,0
17.365427360,1,1
17.365877440,0,1
17.365927680,0,0
17.366377440,1,0
17.366427840,1,1
17.366877440,0,1
17.366930080,0,0
17.367377440,1,0
17.367427360,1,1
17.367877440,0,1
17.367930560,0,0
17.368377280,1,0
17.368427520,1,1
17.368877280,0,1
17.368930240,0,0
17.369377280,1,0
17.369427200,1,1
17.369877280,0,1
17.369929440,0,0
17.370377280,1,0
17.370427360,1,1
17.370877280,0,1
17.370930240,0,0
17.371377120,1,0
17.371427040,1,1
17.371877120,0,1
17.371930400,0,0
17.372377120,1,0
17.372427360,1,1
17.372877120,0,1
17.372930400,0,0
17.373376960,1,0
17.373430080,1,1
17.373876960,0,1
17.373930400,0,0
17.374376960,1,0
17.374427520,1,1
17.374876960,0,1
17.374930240,0,0
17.375376960,1,0
17.375427040,1,1
17.375876960,0,1
17.375930080,0,0
17.376376800,1,0
17.376427200,1,1
17.376876800,0,1
17.376926880,0,0
17.377376800,1,0
17.377426720,1,1
17.377876800,0,1
17.377926880,0,0
17.378376800,1,0
17.378429280,1,1
17.378876800,0,1
17.378926880,0,0
17.379376640,1,0
17.379428800,1,1
17.379876640,0,1
17.379926880,0,0
17.380376640,1,0
17.380429120,1,1
17.380876640,0,1
17.380926560,0,0
17.381376640,1,0
17.381429600,1,1
17.381876480,0,1
17.381926560,0,0
17.382376480,1,0
17.382429280,1,1
17.382876480,0,1
17.382926720,0,0
17.383376480,1,0
17.383432160,1,1
17.383876480,0,1
17.383927040,0,0
17.384376320,1,0
17.384429120,1,1
17.384876320,0,1
17.384926400,0,0
17.385376320,1,0
17.385428960,1,1
17.385876320,0,1
17.385926560,0,0
17.386376320,1,0
17.386428960,1,1
17.386876320,0,1
17.386926560,0,0
17.387376160,1,0
17.387426400,1,1
17.387876160,0,1
17.387926720,0,0
17.388376160,1,0
17.388426400,1,1
17.388876160,0,1
17.388928640,0,0
17.389376160,1,0
17.389426720,1,1
17.389876160,0,1
17.389928640,0,0
17.390376000,1,0
17.390426400,1,1
17.390876000,0,1
17.390929120,0,0
17.391376000,1,0
17.391426080,1,1
17.391876000,0,1
17.391928640,0,0
17.392376000,1,0
17.392426400,1,1
17.392875840,0,1
17.392929120,0,0
17.393375840,1,0
17.393428320,1,1
17.393875840,0,1
17.393925280,0,0
17.394375840,1,0
17.394422080,1,1
17.394875840,0,1
17.394925120,0,0
17.395375680,1,0
17.395422240,1,1
17.395875680,0,1
17.395924960,0,0
17.396375680,1,0
17.396422240,1,1
17.396875680,0,1
17.396924480,0,0
17.397375680,1,0
17.397422400,1,1
17.397875680,0,1
17.397921600,0,0
17.398375520,1,0
17.398421920,1,1
17.398875520,0,1
17.398922240,0,0
17.399375520,1,0
17.399424320,1,1
17.399875520,0,1
17.399921920,0,0
17.400375520,1,0
17.400424160,1,1
17.400875520,0,1
17.400922240,0,0
17.401375360,1,0
17.401424000,1,1
17.401875360,0,1
17.401921280,0,0
17.402375360,1,0
17.402692640,1,1
17.402875360,0,1
17.402931680,0,0
17.403375360,1,0
17.403432480,1,1
17.403875200,0,1
17.403939840,0,0
17.404375200,1,0
17.404430560,1,1
17.404875200,0,1
17.404935680,0,0
17.405375200,1,0
17.405430560,1,1
17.405875200,0,1
17.405926400,0,0
17.406375040,1,0
17.406428960,1,1
17.406875040,0,1
17.406926720,0,0
17.407375040,1,0
17.407428480,1,1
17.407875040,0,1
17.407925920,0,0
17.408375040,1,0
17.408428800,1,1
17.408875040,0,1
17.408926400,0,0
17.409374880,1,0
17.409425920,1,1
17.409874880,0,1
17.409925760,0,0
17.410374880,1,0
17.410425600,1,1
17.410874880,0,1
17.410928640,0,0
17.411374880,1,0
17.411425600,1,1
17.411874880,0,1
17.411927840,0,0
17.412374720,1,0
17.412426240,1,1
17.412874720,0,1
17.412928480,0,0
17.413374720,1,0
17.413432160,1,1
17.413874720,0,1
17.413928000,0,0
17.414374720,1,0
17.414426080,1,1
17.414874560,0,1
17.414928480,0,0
17.415374560,1,0
17.415425440,1,1
17.415874560,0,1
17.415928480,0,0
17.416374560,1,0
17.416425600,1,1
17.416874560,0,1
17.416927840,0,0
17.417374400,1,0
17.417425280,1,1
17.417874400,0,1
17.417928000,0,0
17.418374400,1,0
17.418425760,1,1
17.418874400,0,1
17.418928000,0,0
17.419374400,1,0
17.419425120,1,1
17.419874400,0,1
17.419924960,0,0
17.420374240,1,0
17.420425600,1,1
17.420874240,0,1
17.420925120,0,0
17.421374240,1,0
17.421427360,1,1
17.421874240,0,1
17.421925440,0,0
17.422374240,1,0
17.422428000,1,1
17.422874240,0,1
17.422924800,0,0
17.423374080,1,0
17.423430400,1,1
17.423874080,0,1
17.423925120,0,0
17.424374080,1,0
17.424427360,1,1
17.424874080,0,1
17.424924640,0,0
17.425373920,1,0
17.425427680,1,1
17.425873920,0,1
17.425924960,0,0
17.426373920,1,0
17.426427360,1,1
17.426873920,0,1
17.426924960,0,0
17.427373920,1,0
17.427427520,1,1
17.427873920,0,1
17.427925120,0,0
17.428373760,1,0
17.428427520,1,1
17.428873760,0,1
17.428924640,0,0
17.429373760,1,0
17.429427520,1,1
17.429873760,0,1
17.429924480,0,0
17.430373760,1,0
17.430424640,1,1
17.430873760,0,1
17.430924480,0,0
17.431373600,1,0
17.431424320,1,1
17.431873600,0,1
17.431927200,0,0
17.432373600,1,0
17.432424800,1,1
17.432873600,0,1
17.432927040,0,0
17.433373600,1,0
17.433427360,1,1
17.433873440,0,1
17.433927360,0,0
17.434373440,1,0
17.434424320,1,1
17.434873440,0,1
17.434927040,0,0
17.435373440,1,0
17.435424320,1,1
17.435873440,0,1
17.435927200,0,0
17.436373280,1,0
17.436424800,1,1
17.436873280,0,1
17.436927680,0,0
17.437373280,1,0
17.437424800,1,1
17.437873280,0,1
17.437927040,0,0
17.438373280,1,0
17.438424640,1,1
17.438873280,0,1
17.438926880,0,0
17.439373120,1,0
17.439423840,1,1
17.439873120,0,1
17.439926880,0,0
17.440373120,1,0
17.440424000,1,1
17.440873120,0,1
17.440927040,0,0
17.441373120,1,0
17.441424160,1,1
17.441873120,0,1
17.441923840,0,0
17.442372960,1,0
17.442424320,1,1
17.442872960,0,1
17.442924000,0,0
17.443372960,1,0
17.443429280,1,1
17.443872960,0,1
17.443924000,0,0
17.444372960,1,0
17.444426080,1,1
17.444872800,0,1
17.444924160,0,0
17.445372800,1,0
17.445425920,1,1
17.445872800,0,1
17.445923840,0,0
17.446372800,1,0
17.446426400,1,1
17.446872800,0,1
17.446924160,0,0
17.447372640,1,0
17.447426240,1,1
17.447872640,0,1
17.447923680,0,0
17.448372640,1,0
17.448426080,1,1
17.448872640,0,1
17.448923360,0,0
17.449372640,1,0
17.449425600,1,1
17.449872640,0,1
17.449923200,0,0
17.450372480,1,0
17.450425920,1,1
17.450872480,0,1
17.450923680,0,0
17.451372480,1,0
17.451425920,1,1
17.451872480,0,1
17.451923680,0,0
17.452372480,1,0
17.452423040,1,1
17.452872480,0,1
17.452923360,0,0
17.453372320,1,0
17.453426080,1,1
17.453872320,0,1
17.453925760,0,0
17.454372320,1,0
17.454423520,1,1
17.454872320,0,1
17.454926080,0,0
17.455372320,1,0
17.455423680,1,1
17.455872160,0,1
17.455925920,0,0
17.456372160,1,0
17.456423200,1,1
17.456872160,0,1
17.456925600,0,0
17.457372160,1,0
17.457423040,1,1
17.457872160,0,1
17.457925440,0,0
17.458372000,1,0
17.458423200,1,1
17.458872000,0,1
17.458925440,0,0
17.459372000,1,0
17.459423040,1,1
17.459872000,0,1
17.459925920,0,0
17.460372000,1,0
17.460422880,1,1
17.460872000,0,1
17.460925440,0,0
17.461371840,1,0
17.461423040,1,1
17.461871840,0,1
17.461925440,0,0
17.462371840,1,0
17.462423040,1,1
17.462871840,0,1
17.462922720,0,0
17.463371840,1,0
17.463425760,1,1
17.463871840,0,1
17.463922880,0,0
17.464371680,1,0
17.464425120,1,1
17.464871680,0,1
17.464922560,0,0
17.465371680,1,0
17.465425440,1,1
17.465871680,0,1
17.465922560,0,0
17.466371680,1,0
17.466425120,1,1
17.466871520,0,1
17.466922560,0,0
17.467371520,1,0
17.467424960,1,1
17.467871520,0,1
17.467922560,0,0
17.468371520,1,0
17.468425440,1,1
17.468871520,0,1
17.468922400,0,0
17.469371360,1,0
17.469424960,1,1
17.469871360,0,1
17.469922560,0,0
17.470371360,1,0
17.470425120,1,1
17.470871360,0,1
17.470922240,0,0
17.471371360,1,0
17.471424640,1,1
17.471871360,0,1
17.471922240,0,0
17.472371200,1,0
17.472424480,1,1
17.472871200,0,1
17.472922080,0,0
17.473371200,1,0
17.473428000,1,1
17.473871200,0,1
17.473922400,0,0
17.474371200,1,0
17.474422400,1,1
17.474871200,0,1
17.474922560,0,0
17.475371040,1,0
17.475421920,1,1
17.475871040,0,1
17.475924480,0,0
17.476371040,1,0
17.476422560,1,1
17.476871040,0,1
17.476924000,0,0
17.477371040,1,0
17.477421760,1,1
17.477870880,0,1
17.477924480,0,0
17.478370880,1,0
17.478422080,1,1
17.478870880,0,1
17.478924160,0,0
17.479370880,1,0
17.479422080,1,1
17.479870880,0,1
17.479924800,0,0
17.480370720,1,0
17.480421920,1,1
17.480870720,0,1
17.480924640,0,0
17.481370720,1,0
17.481422080,1,1
17.481870720,0,1
17.481924320,0,0
17.482370720,1,0
17.482421760,1,1
17.482870720,0,1
17.482924640,0,0
17.483370560,1,0
17.483424320,1,1
17.483870560,0,1
17.483924640,0,0
17.484370560,1,0
17.484421760,1,1
17.484870560,0,1
17.484921600,0,0
17.485370560,1,0
17.485421280,1,1
17.485870560,0,1
17.485921280,0,0
17.486370400,1,0
17.486424160,1,1
17.486870400,0,1
17.486921600,0,0
17.487370400,1,0
17.487423840,1,1
17.487870400,0,1
17.487921280,0,0
17.488370240,1,0
17.488423520,1,1
17.488870240,0,1
17.488921280,0,0
17.489370240,1,0
17.489423360,1,1
17.489870240,0,1
17.489921600,0,0
17.490370240,1,0
17.490423840,1,1
17.490870240,0,1
17.490921120,0,0
17.491370080,1,0
17.491423520,1,1
17.491870080,0,1
17.491921120,0,0
17.492370080,1,0
17.492424160,1,1
17.492870080,0,1
17.492921600,0,0
17.493370080,1,0
17.493426240,1,1
17.493870080,0,1
17.493921280,0,0
17.494369920,1,0
17.494423680,1,1
17.494869920,0,1
17.494920960,0,0
17.495369920,1,0
17.495420800,1,1
17.495869920,0,1
17.495921280,0,0
17.496369920,1,0
17.496420480,1,1
17.496869760,0,1
17.496923360,0,0
17.497369760,1,0
17.497420960,1,1
17.497869760,0,1
17.497923200,0,0
17.498369760,1,0
17.498420480,1,1
17.498869760,0,1
17.498923040,0,0
17.499369600,1,0
17.499420640,1,1
17.499869600,0,1
17.499923520,0,0
17.500369600,1,0
17.500420640,1,1
17.500869600,0,1
17.500923680,0,0
17.501369600,1,0
17.501420960,1,1
17.501869600,0,1
17.501923200,0,0
17.502369440,1,0
17.502420800,1,1
17.502869440,0,1
17.502923040,0,0
17.503369440,1,0
17.503423040,1,1
17.503869440,0,1
17.503923200,0,0
17.504369440,1,0
17.504420480,1,1
17.504869440,0,1
17.504923200,0,0
17.505369280,1,0
17.505420320,1,1
17.505869280,0,1
17.505923040,0,0
17.506369280,1,0
17.506420480,1,1
17.506869280,0,1
17.506920000,0,0
17.507369280,1,0
17.507420320,1,1
17.507869120,0,1
17.507919680,0,0
17.508369120,1,0
17.508422720,1,1
17.508869120,0,1
17.508920000,0,0
17.509369120,1,0
17.509422400,1,1
17.509869120,0,1
17.509920320,0,0
17.510368960,1,0
17.510422400,1,1
17.510868960,0,1
17.510920160,0,0
17.511368960,1,0
17.511422880,1,1
17.511868960,0,1
17.511919520,0,0
17.512368960,1,0
17.512422400,1,1
17.512868960,0,1
17.512919840,0,0
17.513368800,1,0
17.513425280,1,1
17.513868800,0,1
17.513920480,0,0
17.514368800,1,0
17.514422400,1,1
17.514868800,0,1
17.514919360,0,0
17.515368800,1,0
17.515422400,1,1
17.515868800,0,1
17.515920160,0,0
17.516368640,1,0
17.516422560,1,1
17.516868640,0,1
17.516919840,0,0
17.517368640,1,0
17.517419360,1,1
17.517868640,0,1
17.517919680,0,0
17.518368640,1,0
17.518419520,1,1
17.518868480,0,1
17.518922400,0,0
17.519368480,1,0
17.519419360,1,1
17.519868480,0,1
17.519922400,0,0
17.520368480,1,0
17.520419680,1,1
17.520868480,0,1
17.520922240,0,0
17.521368320,1,0
17.521419840,1,1
17.521868320,0,1
17.521921440,0,0
17.522368320,1,0
17.522419520,1,1
17.522868320,0,1
17.522922400,0,0
17.523368320,1,0
17.523421440,1,1
17.523868320,0,1
17.523922560,0,0
17.524368160,1,0
17.524420000,1,1
17.524868160,0,1
17.524922240,0,0
17.525368160,1,0
17.525418880,1,1
17.525868160,0,1
17.525922080,0,0
17.526368160,1,0
17.526419360,1,1
17.526868160,0,1
17.526921760,0,0
17.527368000,1,0
17.527419200,1,1
17.527868000,0,1
17.527919040,0,0
17.528368000,1,0
17.528419360,1,1
17.528868000,0,1
17.528919200,0,0
17.529368000,1,0
17.529421280,1,1
17.529867840,0,1
17.529919040,0,0
17.530367840,1,0
17.530421600,1,1
17.530867840,0,1
17.530918720,0,0
17.531367840,1,0
17.531421120,1,1
17.531867840,0,1
17.531918560,0,0
17.532367680,1,0
17.532421120,1,1
17.532867680,0,1
17.532918880,0,0
17.533367680,1,0
17.533424640,1,1
17.533867680,0,1
17.533918560,0,0
17.534367680,1,0
17.534421280,1,1
17.534867680,0,1
17.534918720,0,0
17.535367520,1,0
17.535420960,1,1
17.535867520,0,1
17.535918560,0,0
17.536367520,1,0
17.536421120,1,1
17.536867520,0,1
17.536918560,0,0
17.537367520,1,0
17.537421600,1,1
17.537867520,0,1
17.537918240,0,0
17.538367360,1,0
17.538421120,1,1
17.538867360,0,1
17.538918400,0,0
17.539367360,1,0
17.539418080,1,1
17.539867360,0,1
17.539918720,0,0
17.540367360,1,0
17.540417920,1,1
17.540867200,0,1
17.540921120,0,0
17.541367200,1,0
17.541417920,1,1
17.541867200,0,1
17.541920800,0,0
17.542367200,1,0
17.542418080,1,1
17.542867200,0,1
17.542921120,0,0
17.543367040,1,0
17.543421600,1,1
17.543867040,0,1
17.543920960,0,0
17.544367040,1,0
17.544417920,1,1
17.544867040,0,1
17.544920640,0,0
17.545367040,1,0
17.545418400,1,1
17.545867040,0,1
17.545920800,0,0
17.546366880,1,0
17.546417760,1,1
17.546866880,0,1
17.546920800,0,0
17.547366880,1,0
17.547417920,1,1
17.547866880,0,1
17.547920960,0,0
17.548366880,1,0
17.548417760,1,1
17.548866880,0,1
17.548920640,0,0
17.549366720,1,0
17.549417760,1,1
17.549866720,0,1
17.549917280,0,0
17.550366720,1,0
17.550418080,1,1
17.550866720,0,1
17.550917760,0,0
17.551366560,1,0
17.551420320,1,1
17.551866560,0,1
17.551917600,0,0
17.552366560,1,0
17.552420480,1,1
17.552866560,0,1
17.552917920,0,0
17.553366560,1,0
17.553422880,1,1
17.553866560,0,1
17.553917920,0,0
17.554366400,1,0
17.554419840,1,1
17.554866400,0,1
17.554917600,0,0
17.555366400,1,0
17.555419680,1,1
17.555866400,0,1
17.555917600,0,0
17.556366400,1,0
17.556419840,1,1
17.556866400,0,1
17.556917280,0,0
17.557366240,1,0
17.557420160,1,1
17.557866240,0,1
17.557917120,0,0
17.558366240,1,0
17.558420000,1,1
17.558866240,0,1
17.558917280,0,0
17.559366240,1,0
17.559419840,1,1
17.559866080,0,1
17.559916960,0,0
17.560366080,1,0
17.560416960,1,1
17.560866080,0,1
17.560917440,0,0
17.561366080,1,0
17.561417600,1,1
17.561866080,0,1
17.561920000,0,0
17.562365920,1,0
17.562416480,1,1
17.562865920,0,1
17.562919680,0,0
17.563365920,1,0
17.563420160,1,1
17.563865920,0,1
17.563919840,0,0
17.564365920,1,0
17.564416480,1,1
17.564865920,0,1
17.564919520,0,0
17.565365760,1,0
17.565417120,1,1
17.565865760,0,1
17.565919360,0,0
17.566365760,1,0
17.566416640,1,1
17.566865760,0,1
17.566919680,0,0
17.567365760,1,0
17.567416640,1,1
17.567865760,0,1
17.567919040,0,0
17.568365600,1,0
17.568416960,1,1
17.568865600,0,1
17.568919520,0,0
17.569365600,1,0
17.569416480,1,1
17.569865600,0,1
17.569919840,0,0
17.570365600,1,0
17.570416640,1,1
17.570865440,0,1
17.570916480,0,0
17.571365440,1,0
17.571416480,1,1
17.571865440,0,1
17.571916480,0,0
17.572365440,1,0
17.572419040,1,1
17.572865440,0,1
17.572916640,0,0
17.573365280,1,0
17.573421760,1,1
17.573865280,0,1
17.573916800,0,0
17.574365280,1,0
17.574419360,1,1
17.574865280,0,1
17.574916160,0,0
17.575365280,1,0
17.575418720,1,1
17.575865280,0,1
17.575916480,0,0
17.576365120,1,0
17.576418560,1,1
17.576865120,0,1
17.576916000,0,0
17.577365120,1,0
17.577419040,1,1
17.577865120,0,1
17.577916160,0,0
17.578365120,1,0
17.578419200,1,1
17.578865120,0,1
17.578916320,0,0
17.579364960,1,0
17.579418720,1,1
17.579864960,0,1
17.579915840,0,0
17.580364960,1,0
17.580418400,1,1
17.580864960,0,1
17.580915680,0,0
17.581364960,1,0
17.581418720,1,1
17.581864800,0,1
17.581916000,0,0
17.582364800,1,0
17.582415840,1,1
17.582864800,0,1
17.582915840,0,0
17.583364800,1,0
17.583418400,1,1
17.583864800,0,1
17.583918240,0,0
17.584364640,1,0
17.584416320,1,1
17.584864640,0,1
17.584918240,0,0
17.585364640,1,0
17.585415360,1,1
17.585864640,0,1
17.585918560,0,0
17.586364640,1,0
17.586415840,1,1
17.586864640,0,1
17.586918080,0,0
17.587364480,1,0
17.587415840,1,1
17.587864480,0,1
17.587918720,0,0
17.588364480,1,0
17.588415360,1,1
17.588864480,0,1
17.588918400,0,0
17.589364480,1,0
17.589415680,1,1
17.589864480,0,1
17.589918400,0,0
17.590364320,1,0
17.590415200,1,1
17.590864320,0,1
17.590918560,0,0
17.591364320,1,0
17.591415360,1,1
17.591864320,0,1
17.591918080,0,0
17.592364320,1,0
17.592415840,1,1
17.592864160,0,1
17.592915360,0,0
17.593364160,1,0
17.593417920,1,1
17.593864160,0,1
17.593914880,0,0
17.594364160,1,0
17.594417760,1,1
17.594864160,0,1
17.594915200,0,0
17.595364000,1,0
17.595417280,1,1
17.595864000,0,1
17.595915680,0,0
17.596364000,1,0
17.596417440,1,1
17.596864000,0,1
17.596915200,0,0
17.597364000,1,0
17.597417280,1,1
17.597864000,0,1
17.597915200,0,0
17.598363840,1,0
17.598417440,1,1
17.598863840,0,1
17.598914880,0,0
17.599363840,1,0
17.599417280,1,1
17.599863840,0,1
17.599914720,0,0
17.600363840,1,0
17.600417600,1,1
17.600863840,0,1
17.600915360,0,0
17.601363680,1,0
17.601417440,1,1
17.601863680,0,1
17.601914560,0,0
17.602363680,1,0
17.602417440,1,1
17.602863680,0,1
17.602914560,0,0
17.603363680,1,0
17.603420160,1,1
17.603863520,0,1
17.603910400,0,0
17.604363520,1,0
17.604410080,1,1
17.604863520,0,1
17.604912480,0,0
17.605363520,1,0
17.605409760,1,1
17.605863520,0,1
17.605911840,0,0
17.606363360,1,0
17.606409760,1,1
17.606863360,0,1
17.606912640,0,0
17.607363360,1,0
17.607409920,1,1
17.607863360,0,1
17.607912320,0,0
17.608363360,1,0
17.608409440,1,1
17.608863360,0,1
17.608912800,0,0
17.609363200,1,0
17.609409920,1,1
17.609863200,0,1
17.609912160,0,0
17.610363200,1,0
17.610409440,1,1
17.610863200,0,1
17.610912320,0,0
17.611363200,1,0
17.611409920,1,1
17.611863200,0,1
17.611912480,0,0
17.612363040,1,0
17.612409440,1,1
17.612863040,0,1
17.612912160,0,0
17.613363040,1,0
17.613418080,1,1
17.613863040,0,1
17.613916320,0,0
17.614362880,1,0
17.614413280,1,1
17.614862880,0,1
17.614913120,0,0
17.615362880,1,0
17.615413600,1,1
17.615862880,0,1
17.615912640,0,0
17.616362880,1,0
17.616415680,1,1
17.616862880,0,1
17.616913120,0,0
17.617362720,1,0
17.617415200,1,1
17.617862720,0,1
17.617912640,0,0
17.618362720,1,0
17.618415680,1,1
17.618862720,0,1
17.618913120,0,0
17.619362720,1,0
17.619415200,1,1
17.619862720,0,1
17.619912960,0,0
17.620362560,1,0
17.620415680,1,1
17.620862560,0,1
17.620912800,0,0
17.621362560,1,0
17.621415360,1,1
17.621862560,0,1
17.621912800,0,0
17.622362560,1,0
17.622415200,1,1
17.622862400,0,1
17.622912320,0,0
17.623362400,1,0
17.623417600,1,1
17.623862400,0,1
17.623912960,0,0
17.624362400,1,0
17.624415040,1,1
17.624862400,0,1
17.624912800,0,0
17.625362240,1,0
17.625412160,1,1
17.625862240,0,1
17.625912960,0,0
17.626362240,1,0
17.626412320,1,1
17.626862240,0,1
17.626915040,0,0
17.627362240,1,0
17.627412320,1,1
17.627862240,0,1
17.627915040,0,0
17.628362080,1,0
17.628412160,1,1
17.628862080,0,1
17.628914720,0,0
17.629362080,1,0
17.629412160,1,1
17.629862080,0,1
17.629914720,0,0
17.630362080,1,0
17.630412160,1,1
17.630862080,0,1
17.630914720,0,0
17.631361920,1,0
17.631412160,1,1
17.631861920,0,1
17.631915200,0,0
17.632361920,1,0
17.632411680,1,1
17.632861920,0,1
17.632914400,0,0
17.633361920,1,0
17.633414880,1,1
17.633861760,0,1
17.633914880,0,0
17.634361760,1,0
17.634411680,1,1
17.634861760,0,1
17.634914720,0,0
17.635361760,1,0
17.635411680,1,1
17.635861760,0,1
17.635911680,0,0
17.636361600,1,0
17.636412000,1,1
17.636861600,0,1
17.636911840,0,0
17.637361600,1,0
17.637414720,1,1
17.637861600,0,1
17.637911360,0,0
17.638361600,1,0
17.638414400,1,1
17.638861600,0,1
17.638911680,0,0
17.639361440,1,0
17.639414400,1,1
17.639861440,0,1
17.639911520,0,0
17.640361440,1,0
17.640414240,1,1
17.640861440,0,1
17.640911520,0,0
17.641361440,1,0
17.641414240,1,1
17.641861440,0,1
17.641911680,0,0
17.642361280,1,0
17.642414080,1,1
17.642861280,0,1
17.642911200,0,0
17.643361280,1,0
17.643416960,1,1
17.643861280,0,1
17.643910880,0,0
17.644361280,1,0
17.644414080,1,1
17.644861120,0,1
17.644911200,0,0
17.645361120,1,0
17.645414080,1,1
17.645861120,0,1
17.645910880,0,0
17.646361120,1,0
17.646413920,1,1
17.646861120,0,1
17.646911520,0,0
17.647360960,1,0
17.647411040,1,1
17.647860960,0,1
17.647911040,0,0
17.648360960,1,0
17.648410880,1,1
17.648860960,0,1
17.648913600,0,0
17.649360960,1,0
17.649411200,1,1
17.649860960,0,1
17.649914080,0,0
17.650360800,1,0
17.650410880,1,1
17.650860800,0,1
17.650913920,0,0
17.651360800,1,0
17.651410880,1,1
17.651860800,0,1
17.651913120,0,0
17.652360800,1,0
17.652411360,1,1
17.652860800,0,1
17.652914240,0,0
17.653360640,1,0
17.653413600,1,1
17.653860640,0,1
17.653913920,0,0
17.654360640,1,0
17.654411200,1,1
17.654860640,0,1
17.654913280,0,0
17.655360640,1,0
17.655411040,1,1
17.655860480,0,1
17.655913600,0,0
17.656360480,1,0
17.656411200,1,1
17.656860480,0,1
17.656913120,0,0
17.657360480,1,0
17.657410400,1,1
17.657860480,0,1
17.657910560,0,0
17.658360320,1,0
17.658410400,1,1
17.658860320,0,1
17.658910400,0,0
17.659360320,1,0
17.659413120,1,1
17.659860320,0,1
17.659910560,0,0
17.660360320,1,0
17.660413120,1,1
17.660860320,0,1
17.660910400,0,0
17.661360160,1,0
17.661413280,1,1
17.661860160,0,1
17.661910560,0,0
17.662360160,1,0
17.662413120,1,1
17.662860160,0,1
17.662909920,0,0
17.663360160,1,0
17.663415040,1,1
17.663860160,0,1
17.663910720,0,0
17.664360000,1,0
17.664412800,1,1
17.664860000,0,1
17.664910560,0,0
17.665360000,1,0
17.665413120,1,1
17.665860000,0,1
17.665910240,0,0
17.666360000,1,0
17.666412480,1,1
17.666859840,0,1
17.666910080,0,0
17.667359840,1,0
17.667412640,1,1
17.667859840,0,1
17.667909600,0,0
17.668359840,1,0
17.668409760,1,1
17.668859840,0,1
17.668909920,0,0
17.669359680,1,0
17.669409600,1,1
17.669859680,0,1
17.669912320,0,0
17.670359680,1,0
17.670410080,1,1
17.670859680,0,1
17.670912480,0,0
17.671359680,1,0
17.671410080,1,1
17.671859680,0,1
17.671912640,0,0
17.672359520,1,0
17.672409760,1,1
17.672859520,0,1
17.672912320,0,0
17.673359520,1,0
17.673412320,1,1
17.673859520,0,1
17.673912160,0,0
17.674359520,1,0
17.674409600,1,1
17.674859520,0,1
17.674912320,0,0
17.675359360,1,0
17.675409760,1,1
17.675859360,0,1
17.675912320,0,0
17.676359360,1,0
17.676409600,1,1
17.676859360,0,1
17.676912160,0,0
17.677359200,1,0
17.677409600,1,1
17.677859200,0,1
17.677911840,0,0
17.678359200,1,0
17.678409280,1,1
17.678859200,0,1
17.678912320,0,0
17.679359200,1,0
17.679409280,1,1
17.679859200,0,1
17.679909440,0,0
17.680359040,1,0
17.680409760,1,1
17.680859040,0,1
17.680909280,0,0
17.681359040,1,0
17.681411360,1,1
17.681859040,0,1
17.681909120,0,0
17.682359040,1,0
17.682412000,1,1
17.682859040,0,1
17.682909440,0,0
17.683358880,1,0
17.683414240,1,1
17.683858880,0,1
17.683908960,0,0
17.684358880,1,0
17.684411520,1,1
17.684858880,0,1
17.684908960,0,0
17.685358880,1,0
17.685411680,1,1
17.685858720,0,1
17.685909120,0,0
17.686358720,1,0
17.686411520,1,1
17.686858720,0,1
17.686908800,0,0
17.687358720,1,0
17.687411200,1,1
17.687858720,0,1
17.687908320,0,0
17.688358560,1,0
17.688411680,1,1
17.688858560,0,1
17.688908640,0,0
17.689358560,1,0
17.689411040,1,1
17.689858560,0,1
17.689908800,0,0
17.690358560,1,0
17.690408000,1,1
17.690858560,0,1
17.690908480,0,0
17.691358400,1,0
17.691408800,1,1
17.691858400,0,1
17.691911040,0,0
17.692358400,1,0
17.692408960,1,1
17.692858400,0,1
17.692911200,0,0
17.693358400,1,0
17.693411680,1,1
17.693858400,0,1
17.693911200,0,0
17.694358240,1,0
17.694408320,1,1
17.694858240,0,1
17.694910720,0,0
17.695358240,1,0
17.695408000,1,1
17.695858240,0,1
17.695911200,0,0
17.696358240,1,0
17.696408480,1,1
17.696858080,0,1
17.696911040,0,0
17.697358080,1,0
17.697408000,1,1
17.697858080,0,1
17.697911200,0,0
17.698358080,1,0
17.698408160,1,1
17.698858080,0,1
17.698910880,0,0
17.699357920,1,0
17.699408160,1,1
17.699857920,0,1
17.699911360,0,0
17.700357920,1,0
17.700407840,1,1
17.700857920,0,1
17.700907680,0,0
17.701357920,1,0
17.701408000,1,1
17.701857920,0,1
17.701907840,0,0
17.702357760,1,0
17.702410400,1,1
17.702857760,0,1
17.702907840,0,0
17.703357760,1,0
17.703412800,1,1
17.703857760,0,1
17.703908160,0,0
17.704357760,1,0
17.704410400,1,1
17.704857760,0,1
17.704908000,0,0
17.705357600,1,0
17.705410400,1,1
17.705857600,0,1
17.705907680,0,0
17.706357600,1,0
17.706410240,1,1
17.706857600,0,1
17.706907520,0,0
17.707357600,1,0
17.707410400,1,1
17.707857440,0,1
17.707907520,0,0
17.708357440,1,0
17.708410080,1,1
17.708857440,0,1
17.708907520,0,0
17.709357440,1,0
17.709410240,1,1
17.709857440,0,1
17.709907520,0,0
17.710357280,1,0
17.710410080,1,1
17.710857280,0,1
17.710907840,0,0
17.711357280,1,0
17.711410240,1,1
17.711857280,0,1
17.711907360,0,0
17.712357280,1,0
17.712406720,1,1
17.712857280,0,1
17.712907520,0,0
17.713357120,1,0
17.713409600,1,1
17.713857120,0,1
17.713910080,0,0
17.714357120,1,0
17.714406880,1,1
17.714857120,0,1
17.714909440,0,0
17.715357120,1,0
17.715407040,1,1
17.715857120,0,1
17.715909760,0,0
17.716356960,1,0
17.716406880,1,1
17.716856960,0,1
17.716909600,0,0
17.717356960,1,0
17.717407200,1,1
17.717856960,0,1
17.717909600,0,0
17.718356960,1,0
17.718406560,1,1
17.718856800,0,1
17.718909600,0,0
17.719356800,1,0
17.719407040,1,1
17.719856800,0,1
17.719909760,0,0
17.720356800,1,0
17.720407200,1,1
17.720856800,0,1
17.720909280,0,0
17.721356640,1,0
17.721406880,1,1
17.721856640,0,1
17.721909440,0,0
17.722356640,1,0
17.722406720,1,1
17.722856640,0,1
17.722906720,0,0
17.723356640,1,0
17.723409760,1,1
17.723856640,0,1
17.723906880,0,0
17.724356480,1,0
17.724408800,1,1
17.724856480,0,1
17.724906560,0,0
17.725356480,1,0
17.725409440,1,1
17.725856480,0,1
17.725906720,0,0
17.726356480,1,0
17.726408960,1,1
17.726856480,0,1
17.726906560,0,0
17.727356320,1,0
17.727408640,1,1
17.727856320,0,1
17.727906560,0,0
17.728356320,1,0
17.728408800,1,1
17.728856320,0,1
17.728906560,0,0
17.729356160,1,0
17.729408640,1,1
17.729856160,0,1
17.729906560,0,0
17.730356160,1,0
17.730409120,1,1
17.730856160,0,1
17.730906400,0,0
17.731356160,1,0
17.731409280,1,1
17.731856160,0,1
17.731905920,0,0
17.732356000,1,0
17.732408960,1,1
17.732856000,0,1
17.732905760,0,0
17.733356000,1,0
17.733408320,1,1
17.733856000,0,1
17.733905920,0,0
17.734356000,1,0
17.734405600,1,1
17.734856000,0,1
17.734908800,0,0
17.735355840,1,0
17.735406080,1,1
17.735855840,0,1
17.735908800,0,0
17.736355840,1,0
17.736406240,1,1
17.736855840,0,1
17.736908480,0,0
17.737355840,1,0
17.737406240,1,1
17.737855840,0,1
17.737908800,0,0
17.738355680,1,0
17.738406080,1,1
17.738855680,0,1
17.738908480,0,0
17.739355680,1,0
17.739405280,1,1
17.739855680,0,1
17.739908640,0,0
17.740355520,1,0
17.740405600,1,1
17.740855520,0,1
17.740908640,0,0
17.741355520,1,0
17.741405280,1,1
17.741855520,0,1
17.741908320,0,0
17.742355520,1,0
17.742405760,1,1
17.742855520,0,1
17.742908800,0,0
17.743355360,1,0
17.743408160,1,1
17.743855360,0,1
17.743908320,0,0
17.744355360,1,0
17.744405440,1,1
17.744855360,0,1
17.744905120,0,0
17.745355360,1,0
17.745406400,1,1
17.745855360,0,1
17.745905600,0,0
17.746355200,1,0
17.746407840,1,1
17.746855200,0,1
17.746905760,0,0
17.747355200,1,0
17.747408480,1,1
17.747855200,0,1
17.747905120,0,0
17.748355200,1,0
17.748407680,1,1
17.748855040,0,1
17.748905600,0,0
17.749355040,1,0
17.749407520,1,1
17.749855040,0,1
17.749905440,0,0
17.750355040,1,0
17.750407680,1,1
17.750855040,0,1
17.750905280,0,0
17.751354880,1,0
17.751408160,1,1
17.751854880,0,1
17.751904800,0,0
17.752354880,1,0
17.752407360,1,1
17.752854880,0,1
17.752905280,0,0
17.753354880,1,0
17.753410080,1,1
17.753854880,0,1
17.753904320,0,0
17.754354720,1,0
17.754407040,1,1
17.754854720,0,1
17.754903840,0,0
17.755354720,1,0
17.755404000,1,1
17.755854720,0,1
17.755903840,0,0
17.756354720,1,0
17.756403680,1,1
17.756854720,0,1
17.756906400,0,0
17.757354560,1,0
17.757404160,1,1
17.757854560,0,1
17.757906560,0,0
17.758354560,1,0
17.758404160,1,1
17.758854560,0,1
17.758906400,0,0
17.759354560,1,0
17.759404000,1,1
17.759854400,0,1
17.759907040,0,0
17.760354400,1,0
17.760404160,1,1
17.760854400,0,1
17.760906080,0,0
17.761354400,1,0
17.761461600,1,1
17.761854400,0,1
17.761908480,0,0
17.762354240,1,0
17.762405280,1,1
17.762854240,0,1
17.762907520,0,0
17.763354240,1,0
17.763409920,1,1
17.763854240,0,1
17.763908000,0,0
17.764354240,1,0
17.764404480,1,1
17.764854240,0,1
17.764907200,0,0
17.765354080,1,0
17.765404320,1,1
17.765854080,0,1
17.765904320,0,0
17.766354080,1,0
17.766404320,1,1
17.766854080,0,1
17.766904320,0,0
17.767354080,1,0
17.767406720,1,1
17.767854080,0,1
17.767904480,0,0
17.768353920,1,0
17.768406400,1,1
17.768853920,0,1
17.768904160,0,0
17.769353920,1,0
17.769406240,1,1
17.769853920,0,1
17.769904000,0,0
17.770353920,1,0
17.770406720,1,1
17.770853760,0,1
17.770904000,0,0
17.771353760,1,0
17.771406400,1,1
17.771853760,0,1
17.771903840,0,0
17.772353760,1,0
17.772406560,1,1
17.772853760,0,1
17.772904000,0,0
17.773353600,1,0
17.773408960,1,1
17.773853600,0,1
17.773903840,0,0
17.774353600,1,0
17.774406720,1,1
17.774853600,0,1
17.774903840,0,0
17.775353600,1,0
17.775406400,1,1
17.775853600,0,1
17.775903840,0,0
17.776353440,1,0
17.776406400,1,1
17.776853440,0,1
17.776903520,0,0
17.777353440,1,0
17.777403840,1,1
17.777853440,0,1
17.777904000,0,0
17.778353440,1,0
17.778403520,1,1
17.778853440,0,1
17.778905760,0,0
17.779353280,1,0
17.779404000,1,1
17.779853280,0,1
17.779906400,0,0
17.780353280,1,0
17.780403520,1,1
17.780853280,0,1
17.780906400,0,0
17.781353280,1,0
17.781403520,1,1
17.781853120,0,1
17.781906240,0,0
17.782353120,1,0
17.782403520,1,1
17.782853120,0,1
17.782906240,0,0
17.783353120,1,0
17.783405760,1,1
17.783853120,0,1
17.783907040,0,0
17.784352960,1,0
17.784403520,1,1
17.784852960,0,1
17.784906240,0,0
17.785352960,1,0
17.785402880,1,1
17.785852960,0,1
17.785906240,0,0
17.786352960,1,0
17.786403200,1,1
17.786852960,0,1
17.786905920,0,0
17.787352800,1,0
17.787403200,1,1
17.787852800,0,1
17.787902720,0,0
17.788352800,1,0
17.788403040,1,1
17.788852800,0,1
17.788902880,0,0
17.789352800,1,0
17.789405600,1,1
17.789852800,0,1
17.789902880,0,0
17.790352640,1,0
17.790405120,1,1
17.790852640,0,1
17.790903040,0,0
17.791352640,1,0
17.791405440,1,1
17.791852640,0,1
17.791902720,0,0
17.792352640,1,0
17.792405600,1,1
17.792852480,0,1
17.792902240,0,0
17.793352480,1,0
17.793409120,1,1
17.793852480,0,1
17.793902720,0,0
17.794352480,1,0
17.794405280,1,1
17.794852480,0,1
17.794902560,0,0
17.795352320,1,0
17.795404960,1,1
17.795852320,0,1
17.795902560,0,0
17.796352320,1,0
17.796405440,1,1
17.796852320,0,1
17.796903040,0,0
17.797352320,1,0
17.797405280,1,1
17.797852320,0,1
17.797902080,0,0
17.798352160,1,0
17.798402400,1,1
17.798852160,0,1
17.798902400,0,0
17.799352160,1,0
17.799402080,1,1
17.799852160,0,1
17.799905120,0,0
17.800352160,1,0
17.800402080,1,1
17.800852160,0,1
17.800905280,0,0
17.801352000,1,0
17.801401920,1,1
17.801852000,0,1
17.801905280,0,0
17.802352000,1,0
17.802402080,1,1
17.802852000,0,1
17.802904320,0,0
17.803352000,1,0
17.803405280,1,1
17.803851840,0,1
17.803904960,0,0
17.804351840,1,0
17.804402400,1,1
17.804851840,0,1
17.804904480,0,0
17.805351840,1,0
17.805402080,1,1
17.805851840,0,1
17.805904640,0,0
17.806351680,1,0
17.806402400,1,1
17.806851680,0,1
17.806904800,0,0
17.807351680,1,0
17.807402560,1,1
17.807851680,0,1
17.807904320,0,0
17.808351680,1,0
17.808401440,1,1
17.808851680,0,1
17.808904800,0,0
17.809351520,1,0
17.809401920,1,1
17.809851520,0,1
17.809901600,0,0
17.810351520,1,0
17.810402080,1,1
17.810851520,0,1
17.810901120,0,0
17.811351520,1,0
17.811404320,1,1
17.811851520,0,1
17.811901760,0,0
17.812351360,1,0
17.812404160,1,1
17.812851360,0,1
17.812901280,0,0
17.813351360,1,0
17.813406080,1,1
17.813851360,0,1
17.813986240,0,0
17.814351200,1,0
17.814409120,1,1
17.814851200,0,1
17.814902560,0,0
17.815351200,1,0
17.815404480,1,1
17.815851200,0,1
17.815902240,0,0
17.816351200,1,0
17.816404160,1,1
17.816851200,0,1
17.816901600,0,0
17.817351040,1,0
17.817404640,1,1
17.817851040,0,1
17.817901120,0,0
17.818351040,1,0
17.818403840,1,1
17.818851040,0,1
17.818901120,0,0
17.819351040,1,0
17.819404640,1,1
17.819851040,0,1
17.819901120,0,0
17.820350880,1,0
17.820400960,1,1
17.820850880,0,1
17.820900800,0,0
17.821350880,1,0
17.821400800,1,1
17.821850880,0,1
17.821903680,0,0
17.822350880,1,0
17.822401440,1,1
17.822850720,0,1
17.822903520,0,0
17.823350720,1,0
17.823404320,1,1
17.823850720,0,1
17.823905760,0,0
17.824350720,1,0
17.824400160,1,1
17.824850720,0,1
17.824902720,0,0
17.825350560,1,0
17.825400160,1,1
17.825850560,0,1
17.825901920,0,0
17.826350560,1,0
17.826402080,1,1
17.826850560,0,1
17.826904800,0,0
17.827350560,1,0
17.827401440,1,1
17.827850560,0,1
17.827904160,0,0
17.828350400,1,0
17.828401600,1,1
17.828850400,0,1
17.828904160,0,0
17.829350400,1,0
17.829401440,1,1
17.829850400,0,1
17.829904160,0,0
17.830350400,1,0
17.830401440,1,1
17.830850400,0,1
17.830901280,0,0
17.831350240,1,0
17.831401120,1,1
17.831850240,0,1
17.831901280,0,0
17.832350240,1,0
17.832403680,1,1
17.832850240,0,1
17.832901440,0,0
17.833350240,1,0
17.833406240,1,1
17.833850080,0,1
17.833901280,0,0
17.834350080,1,0
17.834403840,1,1
17.834850080,0,1
17.834901280,0,0
17.835350080,1,0
17.835402880,1,1
17.835850080,0,1
17.835901280,0,0
17.836349920,1,0
17.836403680,1,1
17.836849920,0,1
17.836900960,0,0
17.837349920,1,0
17.837403520,1,1
17.837849920,0,1
17.837901120,0,0
17.838349920,1,0
17.838404000,1,1
17.838849920,0,1
17.838900640,0,0
17.839349760,1,0
17.839403200,1,1
17.839849760,0,1
17.839900800,0,0
17.840349760,1,0
17.840403360,1,1
17.840849760,0,1
17.840900640,0,0
17.841349760,1,0
17.841403200,1,1
17.841849760,0,1
17.841900800,0,0
17.842349600,1,0
17.842400640,1,1
17.842849600,0,1
17.842900960,0,0
17.843349600,1,0
17.843403040,1,1
17.843849600,0,1
17.843903040,0,0
17.844349600,1,0
17.844400640,1,1
17.844849440,0,1
17.844902720,0,0
17.845349440,1,0
17.845400800,1,1
17.845849440,0,1
17.845903200,0,0
17.846349440,1,0
17.846400480,1,1
17.846849440,0,1
17.846903040,0,0
17.847349280,1,0
17.847400640,1,1
17.847849280,0,1
17.847903200,0,0
17.848349280,1,0
17.848400320,1,1
17.848849280,0,1
17.848903360,0,0
17.849349280,1,0
17.849400320,1,1
17.849849280,0,1
17.849903360,0,0
17.850349120,1,0
17.850400000,1,1
17.850849120,0,1
17.850902880,0,0
17.851349120,1,0
17.851400480,1,1
17.851849120,0,1
17.851902720,0,0
17.852349120,1,0
17.852400320,1,1
17.852849120,0,1
17.852899520,0,0
17.853348960,1,0
17.853402880,1,1
17.853848960,0,1
17.853900000,0,0
17.854348960,1,0
17.854402400,1,1
17.854848960,0,1
17.854900480,0,0
17.855348960,1,0
17.855402880,1,1
17.855848800,0,1
17.855900000,0,0
17.856348800,1,0
17.856402560,1,1
17.856848800,0,1
17.856900000,0,0
17.857348800,1,0
17.857401920,1,1
17.857848800,0,1
17.857900000,0,0
17.858348640,1,0
17.858401920,1,1
17.858848640,0,1
17.858899520,0,0
17.859348640,1,0
17.859402080,1,1
17.859848640,0,1
17.859899040,0,0
17.860348640,1,0
17.860402080,1,1
17.860848640,0,1
17.860899680,0,0
17.861348480,1,0
17.861401920,1,1
17.861848480,0,1
17.861899840,0,0
17.862348480,1,0
17.862401600,1,1
17.862848480,0,1
17.862899520,0,0
17.863348480,1,0
17.863402400,1,1
17.863848480,0,1
17.863899680,0,0
17.864348320,1,0
17.864399520,1,1
17.864848320,0,1
17.864902080,0,0
17.865348320,1,0
17.865399200,1,1
17.865848320,0,1
17.865901760,0,0
17.866348320,1,0
17.866399200,1,1
17.866848160,0,1
17.866901920,0,0
17.867348160,1,0
17.867399360,1,1
17.867848160,0,1
17.867901920,0,0
17.868348160,1,0
17.868399200,1,1
17.868848160,0,1
17.868902080,0,0
17.869348000,1,0
17.869399040,1,1
17.869848000,0,1
17.869902240,0,0
17.870348000,1,0
17.870399680,1,1
17.870848000,0,1
17.870901920,0,0
17.871348000,1,0
17.871399360,1,1
17.871848000,0,1
17.871901760,0,0
17.872347840,1,0
17.872399360,1,1
17.872847840,0,1
17.872902080,0,0
17.873347840,1,0
17.873401920,1,1
17.873847840,0,1
17.873898560,0,0
17.874347840,1,0
17.874398880,1,1
17.874847840,0,1
17.874899040,0,0
17.875347680,1,0
17.875401920,1,1
17.875847680,0,1
17.875898400,0,0
17.876347680,1,0
17.876401120,1,1
17.876847680,0,1
17.876899040,0,0
17.877347520,1,0
17.877401120,1,1
17.877847520,0,1
17.877898720,0,0
17.878347520,1,0
17.878400640,1,1
17.878847520,0,1
17.878898720,0,0
17.879347520,1,0
17.879400960,1,1
17.879847520,0,1
17.879898560,0,0
17.880347360,1,0
17.880401120,1,1
17.880847360,0,1
17.880898400,0,0
17.881347360,1,0
17.881400800,1,1
17.881847360,0,1
17.881898880,0,0
17.882347360,1,0
17.882401120,1,1
17.882847360,0,1
17.882897920,0,0
17.883347200,1,0
17.883403680,1,1
17.883847200,0,1
17.883898400,0,0
17.884347200,1,0
17.884400960,1,1
17.884847200,0,1
17.884898240,0,0
17.885347200,1,0
17.885398400,1,1
17.885847200,0,1
17.885898240,0,0
17.886347040,1,0
17.886397440,1,1
17.886847040,0,1
17.886900320,0,0
17.887347040,1,0
17.887398240,1,1
17.887847040,0,1
17.887900000,0,0
17.888346880,1,0
17.888397760,1,1
17.888846880,0,1
17.888900800,0,0
17.889346880,1,0
17.889398240,1,1
17.889846880,0,1
17.889900640,0,0
17.890346880,1,0
17.890398240,1,1
17.890846880,0,1
17.890900800,0,0
17.891346720,1,0
17.891397920,1,1
17.891846720,0,1
17.891900480,0,0
17.892346720,1,0
17.892398080,1,1
17.892846720,0,1
17.892900800,0,0
17.893346720,1,0
17.893400960,1,1
17.893846720,0,1
17.893900320,0,0
17.894346560,1,0
17.894397440,1,1
17.894846560,0,1
17.894900320,0,0
17.895346560,1,0
17.895397600,1,1
17.895846560,0,1
17.895896960,0,0
17.896346560,1,0
17.896397280,1,1
17.896846400,0,1
17.896897440,0,0
17.897346400,1,0
17.897399680,1,1
17.897846400,0,1
17.897897600,0,0
17.898346400,1,0
17.898399360,1,1
17.898846400,0,1
17.898897440,0,0
17.899346240,1,0
17.899400160,1,1
17.899846240,0,1
17.899897760,0,0
17.900346240,1,0
17.900399680,1,1
17.900846240,0,1
17.900897280,0,0
17.901346240,1,0
17.901399840,1,1
17.901846240,0,1
17.901896960,0,0
17.902346080,1,0
17.902399840,1,1
17.902846080,0,1
17.902897600,0,0
17.903346080,1,0
17.903402240,1,1
17.903846080,0,1
17.903893120,0,0
17.904346080,1,0
17.904395520,1,1
17.904846080,0,1
17.904892640,0,0
17.905345920,1,0
17.905395040,1,1
17.905845920,0,1
17.905892160,0,0
17.906345920,1,0
17.906392640,1,1
17.906845920,0,1
17.906892640,0,0
17.907345920,1,0
17.907392320,1,1
17.907845760,0,1
17.907894720,0,0
17.908345760,1,0
17.908392480,1,1
17.908845760,0,1
17.908894720,0,0
17.909345760,1,0
17.909391840,1,1
17.909845760,0,1
17.909894720,0,0
17.910345600,1,0
17.910392320,1,1
17.910845600,0,1
17.910895200,0,0
17.911345600,1,0
17.911391680,1,1
17.911845600,0,1
17.911894880,0,0
17.912345600,1,0
17.912391680,1,1
17.912845600,0,1
17.912894560,0,0
17.913345440,1,0
17.913399840,1,1
17.913845440,0,1
17.913898720,0,0
17.914345440,1,0
17.914395360,1,1
17.914845440,0,1
17.914898720,0,0
17.915345440,1,0
17.915395040,1,1
17.915845440,0,1
17.915898400,0,0
17.916345280,1,0
17.916395520,1,1
17.916845280,0,1
17.916897920,0,0
17.917345280,1,0
17.917395360,1,1
17.917845280,0,1
17.917895360,0,0
17.918345280,1,0
17.918394880,1,1
17.918845120,0,1
17.918895040,0,0
17.919345120,1,0
17.919397600,1,1
17.919845120,0,1
17.919895680,0,0
17.920345120,1,0
17.920397920,1,1
17.920845120,0,1
17.920895040,0,0
17.921344960,1,0
17.921397120,1,1
17.921844960,0,1
17.921894560,0,0
17.922344960,1,0
17.922396960,1,1
17.922844960,0,1
17.922894880,0,0
17.923344960,1,0
17.923400480,1,1
17.923844960,0,1
17.923894720,0,0
17.924344800,1,0
17.924397600,1,1
17.924844800,0,1
17.924894400,0,0
17.925344800,1,0
17.925397760,1,1
17.925844800,0,1
17.925894720,0,0
17.926344800,1,0
17.926397280,1,1
17.926844800,0,1
17.926895040,0,0
17.927344640,1,0
17.927396960,1,1
17.927844640,0,1
17.927895360,0,0
17.928344640,1,0
17.928396480,1,1
17.928844640,0,1
17.928894720,0,0
17.929344640,1,0
17.929394720,1,1
17.929844480,0,1
17.929897120,0,0
17.930344480,1,0
17.930394560,1,1
17.930844480,0,1
17.930896960,0,0
17.931344480,1,0
17.931394240,1,1
17.931844480,0,1
17.931897440,0,0
17.932344320,1,0
17.932394560,1,1
17.932844320,0,1
17.932896800,0,0
17.933344320,1,0
17.933398080,1,1
17.933844320,0,1
17.933898400,0,0
17.934344320,1,0
17.934395680,1,1
17.934844320,0,1
17.934897920,0,0
17.935344160,1,0
17.935394560,1,1
17.935844160,0,1
17.935898080,0,0
17.936344160,1,0
17.936395200,1,1
17.936844160,0,1
17.936898240,0,0
17.937344160,1,0
17.937395200,1,1
17.937844160,0,1
17.937897920,0,0
17.938344000,1,0
17.938394720,1,1
17.938844000,0,1
17.938895040,0,0
17.939344000,1,0
17.939394880,1,1
17.939844000,0,1
17.939894880,0,0
17.940344000,1,0
17.940397280,1,1
17.940843840,0,1
17.940894720,0,0
17.941343840,1,0
17.941397440,1,1
17.941843840,0,1
17.941894720,0,0
17.942343840,1,0
17.942396640,1,1
17.942843840,0,1
17.942894720,0,0
17.943343680,1,0
17.943398240,1,1
17.943843680,0,1
17.943889920,0,0
17.944343680,1,0
17.944392640,1,1
17.944843680,0,1
17.944890080,0,0
17.945343680,1,0
17.945392640,1,1
17.945843680,0,1
17.945890080,0,0
17.946343520,1,0
17.946392640,1,1
17.946843520,0,1
17.946889440,0,0
17.947343520,1,0
17.947392640,1,1
17.947843520,0,1
17.947889920,0,0
17.948343520,1,0
17.948392800,1,1
17.948843520,0,1
17.948890560,0,0
17.949343360,1,0
17.949392480,1,1
17.949843360,0,1
17.949889920,0,0
17.950343360,1,0
17.950389600,1,1
17.950843360,0,1
17.950890240,0,0
17.951343200,1,0
17.951389760,1,1
17.951843200,0,1
17.951892160,0,0
17.952343200,1,0
17.952389920,1,1
17.952843200,0,1
17.952892160,0,0
17.953343200,1,0
17.953398560,1,1
17.953843200,0,1
17.953896160,0,0
17.954343040,1,0
17.954393440,1,1
17.954843040,0,1
17.954895520,0,0
17.955343040,1,0
17.955392800,1,1
17.955843040,0,1
17.955896000,0,0
17.956343040,1,0
17.956392960,1,1
17.956843040,0,1
17.956895840,0,0
17.957342880,1,0
17.957392960,1,1
17.957842880,0,1
17.957895520,0,0
17.958342880,1,0
17.958392640,1,1
17.958842880,0,1
17.958895680,0,0
17.959342880,1,0
17.959393120,1,1
17.959842720,0,1
17.959895360,0,0
17.960342720,1,0
17.960392640,1,1
17.960842720,0,1
17.960892960,0,0
17.961342720,1,0
17.961392640,1,1
17.961842720,0,1
17.961892320,0,0
17.962342560,1,0
17.962395200,1,1
17.962842560,0,1
17.962892640,0,0
17.963342560,1,0
17.963396320,1,1
17.963842560,0,1
17.963892800,0,0
17.964342560,1,0
17.964395520,1,1
17.964842560,0,1
17.964892480,0,0
17.965342400,1,0
17.965395040,1,1
17.965842400,0,1
17.965892320,0,0
17.966342400,1,0
17.966395040,1,1
17.966842400,0,1
17.966892320,0,0
17.967342400,1,0
17.967395040,1,1
17.967842400,0,1
17.967892480,0,0
17.968342240,1,0
17.968394720,1,1
17.968842240,0,1
17.968892480,0,0
17.969342240,1,0
17.969395200,1,1
17.969842240,0,1
17.969891840,0,0
17.970342240,1,0
17.970394720,1,1
17.970842080,0,1
17.970892480,0,0
17.971342080,1,0
17.971391520,1,1
17.971842080,0,1
17.971892000,0,0
17.972342080,1,0
17.972391680,1,1
17.972842080,0,1
17.972894400,0,0
17.973341920,1,0
17.973395360,1,1
17.973841920,0,1
17.973894880,0,0
17.974341920,1,0
17.974392000,1,1
17.974841920,0,1
17.974894560,0,0
17.975341920,1,0
17.975392000,1,1
17.975841920,0,1
17.975894400,0,0
17.976341760,1,0
17.976391680,1,1
17.976841760,0,1
17.976894560,0,0
17.977341760,1,0
17.977391840,1,1
17.977841760,0,1
17.977894720,0,0
17.978341760,1,0
17.978391680,1,1
17.978841760,0,1
17.978894560,0,0
17.979341600,1,0
17.979391520,1,1
17.979841600,0,1
17.979894240,0,0
17.980341600,1,0
17.980391360,1,1
17.980841600,0,1
17.980894080,0,0
17.981341600,1,0
17.981391840,1,1
17.981841440,0,1
17.981894560,0,0
17.982341440,1,0
17.982391360,1,1
17.982841440,0,1
17.982891520,0,0
17.983341440,1,0
17.983394240,1,1
17.983841440,0,1
17.983891520,0,0
17.984341280,1,0
17.984393760,1,1
17.984841280,0,1
17.984891360,0,0
17.985341280,1,0
17.985393440,1,1
17.985841280,0,1
17.985891360,0,0
17.986341280,1,0
17.986393600,1,1
17.986841280,0,1
17.986891200,0,0
17.987341120,1,0
17.987393440,1,1
17.987841120,0,1
17.987891200,0,0
17.988341120,1,0
17.988393600,1,1
17.988841120,0,1
17.988890720,0,0
17.989341120,1,0
17.989394240,1,1
17.989841120,0,1
17.989890720,0,0
17.990340960,1,0
17.990393280,1,1
17.990840960,0,1
17.990890720,0,0
17.991340960,1,0
17.991393440,1,1
17.991840960,0,1
17.991891520,0,0
17.992340960,1,0
17.992393440,1,1
17.992840800,0,1
17.992890720,0,0
17.993340800,1,0
17.993392800,1,1
17.993840800,0,1
17.993890080,0,0
17.994340800,1,0
17.994389920,1,1
17.994840800,0,1
17.994892640,0,0
17.995340640,1,0
17.995394080,1,1
17.995840640,0,1
17.995893280,0,0
17.996340640,1,0
17.996447840,1,1
17.996840640,0,1
17.996895840,0,0
17.997340640,1,0
17.997391040,1,1
17.997840640,0,1
17.997892160,0,0
17.998340480,1,0
17.998389600,1,1
17.998840480,0,1
17.998892800,0,0
17.999340480,1,0
17.999389920,1,1
17.999840480,0,1
17.999892640,0,0
18.000340480,1,0
18.000389600,1,1
18.000840480,0,1
18.000892000,0,0
18.001340320,1,0
18.001389440,1,1
18.001840320,0,1
18.001893120,0,0
18.002340320,1,0
18.002389920,1,1
18.002840320,0,1
18.002892960,0,0
18.003340320,1,0
18.003394560,1,1
18.003840160,0,1
18.003889600,0,0
18.004340160,1,0
18.004389760,1,1
18.004840160,0,1
18.004889440,0,0
18.005340160,1,0
18.005404960,1,1
18.005840160,0,1
18.005891520,0,0
18.006340000,1,0
18.006392960,1,1
18.006840000,0,1
18.006890400,0,0
18.007340000,1,0
18.007392800,1,1
18.007840000,0,1
18.007889920,0,0
18.008340000,1,0
18.008392960,1,1
18.008840000,0,1
18.008889920,0,0
18.009339840,1,0
18.009392960,1,1
18.009839840,0,1
18.009890400,0,0
18.010339840,1,0
18.010392640,1,1
18.010839840,0,1
18.010890080,0,0
18.011339840,1,0
18.011392800,1,1
18.011839840,0,1
18.011889600,0,0
18.012339680,1,0
18.012392640,1,1
18.012839680,0,1
18.012889760,0,0
18.013339680,1,0
18.013396960,1,1
18.013839680,0,1
18.013889760,0,0
18.014339520,1,0
18.014392800,1,1
18.014839520,0,1
18.014889280,0,0
18.015339520,1,0
18.015389280,1,1
18.015839520,0,1
18.015889600,0,0
18.016339520,1,0
18.016389920,1,1
18.016839520,0,1
18.016892320,0,0
18.017339360,1,0
18.017389280,1,1
18.017839360,0,1
18.017892480,0,0
18.018339360,1,0
18.018389760,1,1
18.018839360,0,1
18.018892000,0,0
18.019339360,1,0
18.019389600,1,1
18.019839360,0,1
18.019892320,0,0
18.020339200,1,0
18.020389760,1,1
18.020839200,0,1
18.020892000,0,0
18.021339200,1,0
18.021389440,1,1
18.021839200,0,1
18.021892320,0,0
18.022339200,1,0
18.022389440,1,1
18.022839200,0,1
18.022892160,0,0
18.023339040,1,0
18.023392320,1,1
18.023839040,0,1
18.023892160,0,0
18.024339040,1,0
18.024389280,1,1
18.024839040,0,1
18.024892000,0,0
18.025338880,1,0
18.025389120,1,1
18.025838880,0,1
18.025888480,0,0
18.026338880,1,0
18.026389760,1,1
18.026838880,0,1
18.026888640,0,0
18.027338880,1,0
18.027391680,1,1
18.027838880,0,1
18.027889120,0,0
18.028338720,1,0
18.028391040,1,1
18.028838720,0,1
18.028889120,0,0
18.029338720,1,0
18.029391520,1,1
18.029838720,0,1
18.029888800,0,0
18.030338720,1,0
18.030391520,1,1
18.030838720,0,1
18.030888960,0,0
18.031338560,1,0
18.031392160,1,1
18.031838560,0,1
18.031888800,0,0
18.032338560,1,0
18.032391520,1,1
18.032838560,0,1
18.032888640,0,0
18.033338560,1,0
18.033394400,1,1
18.033838400,0,1
18.033888480,0,0
18.034338400,1,0
18.034391520,1,1
18.034838400,0,1
18.034888960,0,0
18.035338400,1,0
18.035391360,1,1
18.035838400,0,1
18.035889120,0,0
18.036338240,1,0
18.036388960,1,1
18.036838240,0,1
18.036888800,0,0
18.037338240,1,0
18.037388640,1,1
18.037838240,0,1
18.037891040,0,0
18.038338240,1,0
18.038388160,1,1
18.038838240,0,1
18.038890880,0,0
18.039338080,1,0
18.039388320,1,1
18.039838080,0,1
18.039890880,0,0
18.040338080,1,0
18.040388480,1,1
18.040838080,0,1
18.040890880,0,0
18.041338080,1,0
18.041388320,1,1
18.041838080,0,1
18.041890720,0,0
18.042337920,1,0
18.042388640,1,1
18.042837920,0,1
18.042891360,0,0
18.043337920,1,0
18.043391520,1,1
18.043837920,0,1
18.043891360,0,0
18.044337920,1,0
18.044388480,1,1
18.044837760,0,1
18.044890720,0,0
18.045337760,1,0
18.045388640,1,1
18.045837760,0,1
18.045890720,0,0
18.046337760,1,0
18.046387840,1,1
18.046837760,0,1
18.046890400,0,0
18.047337600,1,0
18.047387840,1,1
18.047837600,0,1
18.047887680,0,0
18.048337600,1,0
18.048388640,1,1
18.048837600,0,1
18.048887840,0,0
18.049337600,1,0
18.049390240,1,1
18.049837600,0,1
18.049887840,0,0
18.050337440,1,0
18.050390400,1,1
18.050837440,0,1
18.050887360,0,0
18.051337440,1,0
18.051390240,1,1
18.051837440,0,1
18.051887680,0,0
18.052337440,1,0
18.052390080,1,1
18.052837440,0,1
18.052887200,0,0
18.053337280,1,0
18.053394560,1,1
18.053837280,0,1
18.053887680,0,0
18.054337280,1,0
18.054390080,1,1
18.054837280,0,1
18.054887200,0,0
18.055337280,1,0
18.055390080,1,1
18.055837120,0,1
18.055887680,0,0
18.056337120,1,0
18.056390240,1,1
18.056837120,0,1
18.056887040,0,0
18.057337120,1,0
18.057390400,1,1
18.057837120,0,1
18.057887200,0,0
18.058336960,1,0
18.058387040,1,1
18.058836960,0,1
18.058887040,0,0
18.059336960,1,0
18.059387200,1,1
18.059836960,0,1
18.059889760,0,0
18.060336960,1,0
18.060387200,1,1
18.060836960,0,1
18.060889760,0,0
18.061336800,1,0
18.061387360,1,1
18.061836800,0,1
18.061889760,0,0
18.062336800,1,0
18.062387200,1,1
18.062836800,0,1
18.062889600,0,0
18.063336800,1,0
18.063390080,1,1
18.063836800,0,1
18.063889760,0,0
18.064336640,1,0
18.064386880,1,1
18.064836640,0,1
18.064889280,0,0
18.065336640,1,0
18.065386720,1,1
18.065836640,0,1
18.065889280,0,0
18.066336640,1,0
18.066386720,1,1
18.066836480,0,1
18.066889760,0,0
18.067336480,1,0
18.067386720,1,1
18.067836480,0,1
18.067889440,0,0
18.068336480,1,0
18.068386880,1,1
18.068836480,0,1
18.068886560,0,0
18.069336320,1,0
18.069386240,1,1
18.069836320,0,1
18.069886080,0,0
18.070336320,1,0
18.070389440,1,1
18.070836320,0,1
18.070885920,0,0
18.071336320,1,0
18.071389120,1,1
18.071836320,0,1
18.071886080,0,0
18.072336160,1,0
18.072389120,1,1
18.072836160,0,1
18.072886720,0,0
18.073336160,1,0
18.073392000,1,1
18.073836160,0,1
18.073886240,0,0
18.074336160,1,0
18.074388960,1,1
18.074836160,0,1
18.074886240,0,0
18.075336000,1,0
18.075388960,1,1
18.075836000,0,1
18.075886400,0,0
18.076336000,1,0
18.076388800,1,1
18.076836000,0,1
18.076886080,0,0
18.077336000,1,0
18.077389120,1,1
18.077835840,0,1
18.077885760,0,0
18.078335840,1,0
18.078388640,1,1
18.078835840,0,1
18.078886240,0,0
18.079335840,1,0
18.079388640,1,1
18.079835840,0,1
18.079885920,0,0
18.080335680,1,0
18.080385760,1,1
18.080835680,0,1
18.080886400,0,0
18.081335680,1,0
18.081385600,1,1
18.081835680,0,1
18.081888800,0,0
18.082335680,1,0
18.082385920,1,1
18.082835680,0,1
18.082888160,0,0
18.083335520,1,0
18.083388640,1,1
18.083835520,0,1
18.083888800,0,0
18.084335520,1,0
18.084386240,1,1
18.084835520,0,1
18.084888160,0,0
18.085335520,1,0
18.085385760,1,1
18.085835520,0,1
18.085888480,0,0
18.086335360,1,0
18.086385600,1,1
18.086835360,0,1
18.086888800,0,0
18.087335360,1,0
18.087385760,1,1
18.087835360,0,1
18.087888480,0,0
18.088335360,1,0
18.088385440,1,1
18.088835200,0,1
18.088888160,0,0
18.089335200,1,0
18.089385440,1,1
18.089835200,0,1
18.089888160,0,0
18.090335200,1,0
18.090385120,1,1
18.090835200,0,1
18.090885280,0,0
18.091335040,1,0
18.091385760,1,1
18.091835040,0,1
18.091884960,0,0
18.092335040,1,0
18.092387840,1,1
18.092835040,0,1
18.092885280,0,0
18.093335040,1,0
18.093390560,1,1
18.093835040,0,1
18.093884960,0,0
18.094334880,1,0
18.094387840,1,1
18.094834880,0,1
18.094884480,0,0
18.095334880,1,0
18.095387840,1,1
18.095834880,0,1
18.095885120,0,0
18.096334880,1,0
18.096387520,1,1
18.096834880,0,1
18.096884960,0,0
18.097334720,1,0
18.097387520,1,1
18.097834720,0,1
18.097884480,0,0
18.098334720,1,0
18.098387840,1,1
18.098834720,0,1
18.098885120,0,0
18.099334720,1,0
18.099387840,1,1
18.099834560,0,1
18.099884960,0,0
18.100334560,1,0
18.100387840,1,1
18.100834560,0,1
18.100884160,0,0
18.101334560,1,0
18.101384480,1,1
18.101834560,0,1
18.101884320,0,0
18.102334400,1,0
18.102384160,1,1
18.102834400,0,1
18.102887040,0,0
18.103334400,1,0
18.103387360,1,1
18.103834400,0,1
18.103887360,0,0
18.104334400,1,0
18.104384480,1,1
18.104834400,0,1
18.104887520,0,0
18.105334240,1,0
18.105384000,1,1
18.105834240,0,1
18.105886720,0,0
18.106334240,1,0
18.106384960,1,1
18.106834240,0,1
18.106887520,0,0
18.107334240,1,0
18.107384800,1,1
18.107834240,0,1
18.107887040,0,0
18.108334080,1,0
18.108384480,1,1
18.108834080,0,1
18.108887200,0,0
18.109334080,1,0
18.109384160,1,1
18.109834080,0,1
18.109886720,0,0
18.110334080,1,0
18.110384160,1,1
18.110833920,0,1
18.110887040,0,0
18.111333920,1,0
18.111384000,1,1
18.111833920,0,1
18.111886400,0,0
18.112333920,1,0
18.112384320,1,1
18.112833920,0,1
18.112883840,0,0
18.113333760,1,0
18.113387040,1,1
18.113833760,0,1
18.113883840,0,0
18.114333760,1,0
18.114386400,1,1
18.114833760,0,1
18.114883840,0,0
18.115333760,1,0
18.115386560,1,1
18.115833760,0,1
18.115883840,0,0
18.116333600,1,0
18.116386240,1,1
18.116833600,0,1
18.116884320,0,0
18.117333600,1,0
18.117386080,1,1
18.117833600,0,1
18.117883520,0,0
18.118333600,1,0
18.118386080,1,1
18.118833600,0,1
18.118883680,0,0
18.119333440,1,0
18.119386240,1,1
18.119833440,0,1
18.119883680,0,0
18.120333440,1,0
18.120386080,1,1
18.120833440,0,1
18.120883520,0,0
18.121333440,1,0
18.121386400,1,1
18.121833280,0,1
18.121883680,0,0
18.122333280,1,0
18.122386080,1,1
18.122833280,0,1
18.122883200,0,0
18.123333280,1,0
18.123386080,1,1
18.123833280,0,1
18.123883520,0,0
18.124333120,1,0
18.124383360,1,1
18.124833120,0,1
18.124885920,0,0
18.125333120,1,0
18.125383680,1,1
18.125833120,0,1
18.125886400,0,0
18.126333120,1,0
18.126383360,1,1
18.126833120,0,1
18.126886080,0,0
18.127332960,1,0
18.127383360,1,1
18.127832960,0,1
18.127885440,0,0
18.128332960,1,0
18.128383360,1,1
18.128832960,0,1
18.128886080,0,0
18.129332960,1,0
18.129383200,1,1
18.129832960,0,1
18.129885920,0,0
18.130332800,1,0
18.130383040,1,1
18.130832800,0,1
18.130885600,0,0
18.131332800,1,0
18.131382720,1,1
18.131832800,0,1
18.131885440,0,0
18.132332800,1,0
18.132383360,1,1
18.132832640,0,1
18.132885440,0,0
18.133332640,1,0
18.133385600,1,1
18.133832640,0,1
18.133882880,0,0
18.134332640,1,0
18.134382560,1,1
18.134832640,0,1
18.134882560,0,0
18.135332480,1,0
18.135385440,1,1
18.135832480,0,1
18.135882560,0,0
18.136332480,1,0
18.136385440,1,1
18.136832480,0,1
18.136882400,0,0
18.137332480,1,0
18.137385120,1,1
18.137832480,0,1
18.137882720,0,0
18.138332320,1,0
18.138385760,1,1
18.138832320,0,1
18.138883040,0,0
18.139332320,1,0
18.139385440,1,1
18.139832320,0,1
18.139882240,0,0
18.140332320,1,0
18.140385440,1,1
18.140832320,0,1
18.140882400,0,0
18.141332160,1,0
18.141384960,1,1
18.141832160,0,1
18.141882240,0,0
18.142332160,1,0
18.142384800,1,1
18.142832160,0,1
18.142882560,0,0
18.143332160,1,0
18.143388000,1,1
18.143832000,0,1
18.143881920,0,0
18.144332000,1,0
18.144385120,1,1
18.144832000,0,1
18.144882400,0,0
18.145332000,1,0
18.145381600,1,1
18.145832000,0,1
18.145884800,0,0
18.146331840,1,0
18.146382240,1,1
18.146831840,0,1
18.146884640,0,0
18.147331840,1,0
18.147382080,1,1
18.147831840,0,1
18.147884800,0,0
18.148331840,1,0
18.148381600,1,1
18.148831840,0,1
18.148884640,0,0
18.149331680,1,0
18.149382080,1,1
18.149831680,0,1
18.149884160,0,0
18.150331680,1,0
18.150381920,1,1
18.150831680,0,1
18.150884640,0,0
18.151331680,1,0
18.151381920,1,1
18.151831680,0,1
18.151884640,0,0
18.152331520,1,0
18.152381600,1,1
18.152831520,0,1
18.152884160,0,0
18.153331520,1,0
18.153384160,1,1
18.153831520,0,1
18.153885120,0,0
18.154331520,1,0
18.154381920,1,1
18.154831360,0,1
18.154884320,0,0
18.155331360,1,0
18.155381600,1,1
18.155831360,0,1
18.155881920,0,0
18.156331360,1,0
18.156381280,1,1
18.156831360,0,1
18.156881120,0,0
18.157331200,1,0
18.157384000,1,1
18.157831200,0,1
18.157881120,0,0
18.158331200,1,0
18.158384160,1,1
18.158831200,0,1
18.158881280,0,0
18.159331200,1,0
18.159384000,1,1
18.159831200,0,1
18.159881280,0,0
18.160331040,1,0
18.160383840,1,1
18.160831040,0,1
18.160880800,0,0
18.161331040,1,0
18.161384000,1,1
18.161831040,0,1
18.161881600,0,0
18.162331040,1,0
18.162384320,1,1
18.162831040,0,1
18.162880960,0,0
18.163330880,1,0
18.163385600,1,1
18.163830880,0,1
18.163879840,0,0
18.164330880,1,0
18.164383040,1,1
18.164830880,0,1
18.164879840,0,0
18.165330880,1,0
18.165382720,1,1
18.165830720,0,1
18.165879680,0,0
18.166330720,1,0
18.166380160,1,1
18.166830720,0,1
18.166879680,0,0
18.167330720,1,0
18.167379200,1,1
18.167830720,0,1
18.167882400,0,0
18.168330560,1,0
18.168380000,1,1
18.168830560,0,1
18.168882240,0,0
18.169330560,1,0
18.169380000,1,1
18.169830560,0,1
18.169882400,0,0
18.170330560,1,0
18.170380000,1,1
18.170830560,0,1
18.170886240,0,0
18.171330400,1,0
18.171380000,1,1
18.171830400,0,1
18.171935680,0,0
18.172330400,1,0
18.172382080,1,1
18.172830400,0,1
18.172883840,0,0
18.173330400,1,0
18.173382720,1,1
18.173830400,0,1
18.173882720,0,0
18.174330240,1,0
18.174379360,1,1
18.174830240,0,1
18.174882240,0,0
18.175330240,1,0
18.175378880,1,1
18.175830240,0,1
18.175882400,0,0
18.176330080,1,0
18.176379680,1,1
18.176830080,0,1
18.176878880,0,0
18.177330080,1,0
18.177379360,1,1
18.177830080,0,1
18.177878880,0,0
18.178330080,1,0
18.178381920,1,1
18.178830080,0,1
18.178878720,0,0
18.179329920,1,0
18.179382400,1,1
18.179829920,0,1
18.179879040,0,0
18.180329920,1,0
18.180381760,1,1
18.180829920,0,1
18.180886720,0,0
18.181329920,1,0
18.181383520,1,1
18.181829920,0,1
18.181880960,0,0
18.182329760,1,0
18.182383520,1,1
18.182829760,0,1
18.182881440,0,0
18.183329760,1,0
18.183385760,1,1
18.183829760,0,1
18.183880480,0,0
18.184329760,1,0
18.184383520,1,1
18.184829760,0,1
18.184880960,0,0
18.185329600,1,0
18.185383680,1,1
18.185829600,0,1
18.185880480,0,0
18.186329600,1,0
18.186383360,1,1
18.186829600,0,1
18.186880640,0,0
18.187329440,1,0
18.187383520,1,1
18.187829440,0,1
18.187880640,0,0
18.188329440,1,0
18.188380480,1,1
18.188829440,0,1
18.188880640,0,0
18.189329440,1,0
18.189380480,1,1
18.189829440,0,1
18.189883200,0,0
18.190329280,1,0
18.190380480,1,1
18.190829280,0,1
18.190882720,0,0
18.191329280,1,0
18.191380480,1,1
18.191829280,0,1
18.191882720,0,0
18.192329280,1,0
18.192379840,1,1
18.192829280,0,1
18.192882720,0,0
18.193329120,1,0
18.193382880,1,1
18.193829120,0,1
18.193882880,0,0
18.194329120,1,0
18.194380320,1,1
18.194829120,0,1
18.194883040,0,0
18.195329120,1,0
18.195379840,1,1
18.195829120,0,1
18.195882880,0,0
18.196328960,1,0
18.196379840,1,1
18.196828960,0,1
18.196882880,0,0
18.197328960,1,0
18.197379520,1,1
18.197828960,0,1
18.197883040,0,0
18.198328800,1,0
18.198380160,1,1
18.198828800,0,1
18.198879360,0,0
18.199328800,1,0
18.199380160,1,1
18.199828800,0,1
18.199880000,0,0
18.200328800,1,0
18.200382560,1,1
18.200828800,0,1
18.200879680,0,0
18.201328640,1,0
18.201382240,1,1
18.201828640,0,1
18.201879840,0,0
18.202328640,1,0
18.202382720,1,1
18.202828640,0,1
18.202879520,0,0
18.203328640,1,0
18.203384800,1,1
18.203828640,0,1
18.203879360,0,0
18.204328480,1,0
18.204382880,1,1
18.204828480,0,1
18.204879520,0,0
18.205328480,1,0
18.205381920,1,1
18.205828480,0,1
18.205879520,0,0
18.206328480,1,0
18.206382720,1,1
18.206828480,0,1
18.206879360,0,0
18.207328320,1,0
18.207382080,1,1
18.207828320,0,1
18.207879520,0,0
18.208328320,1,0
18.208382400,1,1
18.208828320,0,1
18.208879520,0,0
18.209328160,1,0
18.209378880,1,1
18.209828160,0,1
18.209878880,0,0
18.210328160,1,0
18.210379040,1,1
18.210828160,0,1
18.210881920,0,0
18.211328160,1,0
18.211379520,1,1
18.211828160,0,1
18.211881760,0,0
18.212328000,1,0
18.212378560,1,1
18.212828000,0,1
18.212881600,0,0
18.213328000,1,0
18.213381920,1,1
18.213828000,0,1
18.213881440,0,0
18.214328000,1,0
18.214378880,1,1
18.214828000,0,1
18.214881600,0,0
18.215327840,1,0
18.215378560,1,1
18.215827840,0,1
18.215881600,0,0
18.216327840,1,0
18.216379200,1,1
18.216827840,0,1
18.216881760,0,0
18.217327840,1,0
18.217378880,1,1
18.217827680,0,1
18.217881760,0,0
18.218327680,1,0
18.218379360,1,1
18.218827680,0,1
18.218881280,0,0
18.219327680,1,0
18.219379040,1,1
18.219827680,0,1
18.219881440,0,0
18.220327520,1,0
18.220378720,1,1
18.220827520,0,1
18.220878560,0,0
18.221327520,1,0
18.221378560,1,1
18.221827520,0,1
18.221878080,0,0
18.222327520,1,0
18.222381120,1,1
18.222827520,0,1
18.222878240,0,0
18.223327360,1,0
18.223383680,1,1
18.223827360,0,1
18.223878400,0,0
18.224327360,1,0
18.224380640,1,1
18.224827360,0,1
18.224878080,0,0
18.225327360,1,0
18.225380960,1,1
18.225827360,0,1
18.225878080,0,0
18.226327200,1,0
18.226380800,1,1
18.226827200,0,1
18.226878400,0,0
18.227327200,1,0
18.227380960,1,1
18.227827200,0,1
18.227878080,0,0
18.228327200,1,0
18.228380800,1,1
18.228827040,0,1
18.228877760,0,0
18.229327040,1,0
18.229381280,1,1
18.229827040,0,1
18.229878080,0,0
18.230327040,1,0
18.230380960,1,1
18.230827040,0,1
18.230877920,0,0
18.231326880,1,0
18.231377760,1,1
18.231826880,0,1
18.231877920,0,0
18.232326880,1,0
18.232377760,1,1
18.232826880,0,1
18.232880320,0,0
18.233326880,1,0
18.233380320,1,1
18.233826880,0,1
18.233876160,0,0
18.234326720,1,0
18.234373760,1,1
18.234826720,0,1
18.234876000,0,0
18.235326720,1,0
18.235373600,1,1
18.235826720,0,1
18.235875680,0,0
18.236326720,1,0
18.236373120,1,1
18.236826720,0,1
18.236876160,0,0
18.237326560,1,0
18.237373120,1,1
18.237826560,0,1
18.237875360,0,0
18.238326560,1,0
18.238373120,1,1
18.238826560,0,1
18.238876000,0,0
18.239326560,1,0
18.239372960,1,1
18.239826400,0,1
18.239875840,0,0
18.240326400,1,0
18.240372800,1,1
18.240826400,0,1
18.240875840,0,0
18.241326400,1,0
18.241372960,1,1
18.241826400,0,1
18.241872480,0,0
18.242326240,1,0
18.242373440,1,1
18.242826240,0,1
18.242872480,0,0
18.243326240,1,0
18.243422880,1,1
18.243826240,0,1
18.243876640,0,0
18.244326240,1,0
18.244378880,1,1
18.244826240,0,1
18.244876480,0,0
18.245326080,1,0
18.245378720,1,1
18.245826080,0,1
18.245875840,0,0
18.246326080,1,0
18.246378720,1,1
18.246826080,0,1
18.246876480,0,0
18.247326080,1,0
18.247378720,1,1
18.247826080,0,1
18.247876000,0,0
18.248325920,1,0
18.248378880,1,1
18.248825920,0,1
18.248875520,0,0
18.249325920,1,0
18.249378880,1,1
18.249825920,0,1
18.249875680,0,0
18.250325920,1,0
18.250378720,1,1
18.250825760,0,1
18.250875520,0,0
18.251325760,1,0
18.251378880,1,1
18.251825760,0,1
18.251875840,0,0
18.252325760,1,0
18.252378880,1,1
18.252825760,0,1
18.252875520,0,0
18.253325600,1,0
18.253380160,1,1
18.253825600,0,1
18.253875520,0,0
18.254325600,1,0
18.254376320,1,1
18.254825600,0,1
18.254878240,0,0
18.255325600,1,0
18.255375520,1,1
18.255825600,0,1
18.255878400,0,0
18.256325440,1,0
18.256375360,1,1
18.256825440,0,1
18.256877600,0,0
18.257325440,1,0
18.257390240,1,1
18.257825440,0,1
18.257879200,0,0
18.258325440,1,0
18.258375520,1,1
18.258825440,0,1
18.258878560,0,0
18.259325280,1,0
18.259375520,1,1
18.259825280,0,1
18.259878240,0,0
18.260325280,1,0
18.260376000,1,1
18.260825280,0,1
18.260878720,0,0
18.261325280,1,0
18.261375360,1,1
18.261825120,0,1
18.261878080,0,0
18.262325120,1,0
18.262375360,1,1
18.262825120,0,1
18.262878560,0,0
18.263325120,1,0
18.263380320,1,1
18.263825120,0,1
18.263875040,0,0
18.264324960,1,0
18.264375200,1,1
18.264824960,0,1
18.264874720,0,0
18.265324960,1,0
18.265377600,1,1
18.265824960,0,1
18.265874880,0,0
18.266324960,1,0
18.266377280,1,1
18.266824960,0,1
18.266875360,0,0
18.267324800,1,0
18.267377280,1,1
18.267824800,0,1
18.267874560,0,0
18.268324800,1,0
18.268377440,1,1
18.268824800,0,1
18.268884160,0,0
18.269324800,1,0
18.269378720,1,1
18.269824800,0,1
18.269875680,0,0
18.270324640,1,0
18.270377920,1,1
18.270824640,0,1
18.270874880,0,0
18.271324640,1,0
18.271377600,1,1
18.271824640,0,1
18.271874880,0,0
18.272324640,1,0
18.272377600,1,1
18.272824480,0,1
18.272874560,0,0
18.273324480,1,0
18.273381120,1,1
18.273824480,0,1
18.273874720,0,0
18.274324480,1,0
18.274374720,1,1
18.274824480,0,1
18.274875040,0,0
18.275324320,1,0
18.275374240,1,1
18.275824320,0,1
18.275877280,0,0
18.276324320,1,0
18.276374400,1,1
18.276824320,0,1
18.276876480,0,0
18.277324320,1,0
18.277374400,1,1
18.277824320,0,1
18.277876800,0,0
18.278324160,1,0
18.278374080,1,1
18.278824160,0,1
18.278876960,0,0
18.279324160,1,0
18.279374720,1,1
18.279824160,0,1
18.279876800,0,0
18.280324160,1,0
18.280374560,1,1
18.280824160,0,1
18.280876800,0,0
18.281324000,1,0
18.281374400,1,1
18.281824000,0,1
18.281876800,0,0
18.282324000,1,0
18.282373920,1,1
18.282824000,0,1
18.282877280,0,0
18.283324000,1,0
18.283377120,1,1
18.283823840,0,1
18.283876960,0,0
18.284323840,1,0
18.284373760,1,1
18.284823840,0,1
18.284876640,0,0
18.285323840,1,0
18.285374240,1,1
18.285823840,0,1
18.285873600,0,0
18.286323680,1,0
18.286374560,1,1
18.286823680,0,1
18.287024960,0,0
18.287323680,1,0
18.287376160,1,1
18.287823680,0,1
18.287874400,0,0
18.288323680,1,0
18.288376800,1,1
18.288823680,0,1
18.288873600,0,0
18.289323520,1,0
18.289376320,1,1
18.289823520,0,1
18.289873760,0,0
18.290323520,1,0
18.290376160,1,1
18.290823520,0,1
18.290881120,0,0
18.291323520,1,0
18.291376960,1,1
18.291823520,0,1
18.291873760,0,0
18.292323360,1,0
18.292376160,1,1
18.292823360,0,1
18.292872960,0,0
18.293323360,1,0
18.293379520,1,1
18.293823360,0,1
18.293873760,0,0
18.294323360,1,0
18.294376160,1,1
18.294823200,0,1
18.294873440,0,0
18.295323200,1,0
18.295376320,1,1
18.295823200,0,1
18.295873920,0,0
18.296323200,1,0
18.296373440,1,1
18.296823200,0,1
18.296873120,0,0
18.297323040,1,0
18.297373280,1,1
18.297823040,0,1
18.297875520,0,0
18.298323040,1,0
18.298372800,1,1
18.298823040,0,1
18.298875840,0,0
18.299323040,1,0
18.299373280,1,1
18.299823040,0,1
18.299876000,0,0
18.300322880,1,0
18.300373280,1,1
18.300822880,0,1
18.300875520,0,0
18.301322880,1,0
18.301373120,1,1
18.301822880,0,1
18.301875840,0,0
18.302322880,1,0
18.302372960,1,1
18.302822880,0,1
18.302984000,0,0
18.303322720,1,0
18.303376160,1,1
18.303822720,0,1
18.303876160,0,0
18.304322720,1,0
18.304372960,1,1
18.304822720,0,1
18.304875680,0,0
18.305322720,1,0
18.305372800,1,1
18.305822560,0,1
18.305875840,0,0
18.306322560,1,0
18.306372800,1,1
18.306822560,0,1
18.306872640,0,0
18.307322560,1,0
18.307372800,1,1
18.307822560,0,1
18.307872640,0,0
18.308322400,1,0
18.308375360,1,1
18.308822400,0,1
18.308873120,0,0
18.309322400,1,0
18.309375200,1,1
18.309822400,0,1
18.309872480,0,0
18.310322400,1,0
18.310374880,1,1
18.310822400,0,1
18.310872160,0,0
18.311322240,1,0
18.311375360,1,1
18.311822240,0,1
18.311872160,0,0
18.312322240,1,0
18.312375360,1,1
18.312822240,0,1
18.312872320,0,0
18.313322240,1,0
18.313379680,1,1
18.313822240,0,1
18.313872960,0,0
18.314322080,1,0
18.314375040,1,1
18.314822080,0,1
18.314872000,0,0
18.315322080,1,0
18.315375200,1,1
18.315822080,0,1
18.315872000,0,0
18.316322080,1,0
18.316374720,1,1
18.316821920,0,1
18.316872320,0,0
18.317321920,1,0
18.317374720,1,1
18.317821920,0,1
18.317872160,0,0
18.318321920,1,0
18.318372160,1,1
18.318821920,0,1
18.318872480,0,0
18.319321760,1,0
18.319372000,1,1
18.319821760,0,1
18.319874080,0,0
18.320321760,1,0
18.320372000,1,1
18.320821760,0,1
18.320874400,0,0
18.321321760,1,0
18.321372160,1,1
18.321821760,0,1
18.321875040,0,0
18.322321600,1,0
18.322372000,1,1
18.322821600,0,1
18.322874720,0,0
18.323321600,1,0
18.323375200,1,1
18.323821600,0,1
18.323875200,0,0
18.324321600,1,0
18.324371840,1,1
18.324821600,0,1
18.324874240,0,0
18.325321440,1,0
18.325371680,1,1
18.325821440,0,1
18.325874880,0,0
18.326321440,1,0
18.326371360,1,1
18.326821440,0,1
18.326874400,0,0
18.327321440,1,0
18.327371680,1,1
18.327821280,0,1
18.327874240,0,0
18.328321280,1,0
18.328372000,1,1
18.328821280,0,1
18.328871520,0,0
18.329321280,1,0
18.329371840,1,1
18.329821280,0,1
18.329871200,0,0
18.330321120,1,0
18.330373600,1,1
18.330821120,0,1
18.330871200,0,0
18.331321120,1,0
18.331373920,1,1
18.331821120,0,1
18.331871360,0,0
18.332321120,1,0
18.332374080,1,1
18.332821120,0,1
18.332871040,0,0
18.333320960,1,0
18.333376800,1,1
18.333820960,0,1
18.333870880,0,0
18.334320960,1,0
18.334373760,1,1
18.334820960,0,1
18.334871360,0,0
18.335320960,1,0
18.335374080,1,1
18.335820960,0,1
18.335871680,0,0
18.336320800,1,0
18.336373600,1,1
18.336820800,0,1
18.336870720,0,0
18.337320800,1,0
18.337373600,1,1
18.337820800,0,1
18.337870400,0,0
18.338320800,1,0
18.338373600,1,1
18.338820640,0,1
18.338870720,0,0
18.339320640,1,0
18.339370560,1,1
18.339820640,0,1
18.339871200,0,0
18.340320640,1,0
18.340370400,1,1
18.340820640,0,1
18.340873600,0,0
18.341320480,1,0
18.341370720,1,1
18.341820480,0,1
18.341872960,0,0
18.342320480,1,0
18.342370720,1,1
18.342820480,0,1
18.342872960,0,0
18.343320480,1,0
18.343372640,1,1
18.343820480,0,1
18.343873440,0,0
18.344320320,1,0
18.344370720,1,1
18.344820320,0,1
18.344873280,0,0
18.345320320,1,0
18.345370720,1,1
18.345820320,0,1
18.345873280,0,0
18.346320320,1,0
18.346370400,1,1
18.346820320,0,1
18.346873280,0,0
18.347320160,1,0
18.347370400,1,1
18.347820160,0,1
18.347873120,0,0
18.348320160,1,0
18.348370240,1,1
18.348820160,0,1
18.348873120,0,0
18.349320160,1,0
18.349370080,1,1
18.349820000,0,1
18.349872960,0,0
18.350320000,1,0
18.350369920,1,1
18.350820000,0,1
18.350869760,0,0
18.351320000,1,0
18.351370880,1,1
18.351820000,0,1
18.351869600,0,0
18.352319840,1,0
18.352372640,1,1
18.352819840,0,1
18.352870240,0,0
18.353319840,1,0
18.353377120,1,1
18.353819840,0,1
18.353869600,0,0
18.354319840,1,0
18.354372640,1,1
18.354819840,0,1
18.354869760,0,0
18.355319680,1,0
18.355372320,1,1
18.355819680,0,1
18.355870240,0,0
18.356319680,1,0
18.356372480,1,1
18.356819680,0,1
18.356869600,0,0
18.357319680,1,0
18.357372480,1,1
18.357819680,0,1
18.357869600,0,0
18.358319520,1,0
18.358372480,1,1
18.358819520,0,1
18.358869920,0,0
18.359319520,1,0
18.359372640,1,1
18.359819520,0,1
18.359869280,0,0
18.360319520,1,0
18.360372320,1,1
18.360819360,0,1
18.360869440,0,0
18.361319360,1,0
18.361369440,1,1
18.361819360,0,1
18.361869760,0,0
18.362319360,1,0
18.362369440,1,1
18.362819360,0,1
18.362872000,0,0
18.363319200,1,0
18.363372160,1,1
18.363819200,0,1
18.363872000,0,0
18.364319200,1,0
18.364369600,1,1
18.364819200,0,1
18.364872320,0,0
18.365319200,1,0
18.365369280,1,1
18.365819200,0,1
18.365872000,0,0
18.366319040,1,0
18.366368960,1,1
18.366819040,0,1
18.366872160,0,0
18.367319040,1,0
18.367369440,1,1
18.367819040,0,1
18.367871840,0,0
18.368319040,1,0
18.368368800,1,1
18.368819040,0,1
18.368872320,0,0
18.369318880,1,0
18.369368960,1,1
18.369818880,0,1
18.369871520,0,0
18.370318880,1,0
18.370368800,1,1
18.370818880,0,1
18.370871520,0,0
18.371318880,1,0
18.371368960,1,1
18.371818720,0,1
18.371868320,0,0
18.372318720,1,0
18.372369120,1,1
18.372818720,0,1
18.372868800,0,0
18.373318720,1,0
18.373373920,1,1
18.373818720,0,1
18.373868960,0,0
18.374318560,1,0
18.374371520,1,1
18.374818560,0,1
18.374868800,0,0
18.375318560,1,0
18.375371360,1,1
18.375818560,0,1
18.375868640,0,0
18.376318560,1,0
18.376371040,1,1
18.376818560,0,1
18.376868800,0,0
18.377318400,1,0
18.377371040,1,1
18.377818400,0,1
18.377868640,0,0
18.378318400,1,0
18.378371200,1,1
18.378818400,0,1
18.378868160,0,0
18.379318400,1,0
18.379371040,1,1
18.379818400,0,1
18.379868480,0,0
18.380318240,1,0
18.380371360,1,1
18.380818240,0,1
18.380868480,0,0
18.381318240,1,0
18.381371040,1,1
18.381818240,0,1
18.381868320,0,0
18.382318240,1,0
18.382371200,1,1
18.382818080,0,1
18.382868640,0,0
18.383318080,1,0
18.383370560,1,1
18.383818080,0,1
18.383868640,0,0
18.384318080,1,0
18.384368320,1,1
18.384818080,0,1
18.384870880,0,0
18.385317920,1,0
18.385367840,1,1
18.385817920,0,1
18.385871040,0,0
18.386317920,1,0
18.386368160,1,1
18.386817920,0,1
18.386870560,0,0
18.387317920,1,0
18.387367840,1,1
18.387817920,0,1
18.387870400,0,0
18.388317760,1,0
18.388367680,1,1
18.388817760,0,1
18.388870560,0,0
18.389317760,1,0
18.389368000,1,1
18.389817760,0,1
18.389870240,0,0
18.390317760,1,0
18.390368000,1,1
18.390817760,0,1
18.390870720,0,0
18.391317600,1,0
18.391368160,1,1
18.391817600,0,1
18.391870400,0,0
18.392317600,1,0
18.392367680,1,1
18.392817600,0,1
18.392870720,0,0
18.393317600,1,0
18.393369600,1,1
18.393817440,0,1
18.393882080,0,0
18.394317440,1,0
18.394378720,1,1
18.394817440,0,1
18.394870560,0,0
18.395317440,1,0
18.395372480,1,1
18.395817440,0,1
18.395869600,0,0
18.396317280,1,0
18.396372320,1,1
18.396817280,0,1
18.396869760,0,0
18.397317280,1,0
18.397372000,1,1
18.397817280,0,1
18.397869600,0,0
18.398317280,1,0
18.398371840,1,1
18.398817280,0,1
18.398868960,0,0
18.399317120,1,0
18.399371840,1,1
18.399817120,0,1
18.399868960,0,0
18.400317120,1,0
18.400372000,1,1
18.400817120,0,1
18.400869280,0,0
18.401317120,1,0
18.401371680,1,1
18.401817120,0,1
18.401868800,0,0
18.402316960,1,0
18.402372000,1,1
18.402816960,0,1
18.402869120,0,0
18.403316960,1,0
18.403377600,1,1
18.403816960,0,1
18.403869440,0,0
18.404316960,1,0
18.404368640,1,1
18.404816800,0,1
18.404868960,0,0
18.405316800,1,0
18.405368800,1,1
18.405816800,0,1
18.405871680,0,0
18.406316800,1,0
18.406368800,1,1
18.406816800,0,1
18.406871200,0,0
18.407316640,1,0
18.407368640,1,1
18.407816640,0,1
18.407870880,0,0
18.408316640,1,0
18.408368640,1,1
18.408816640,0,1
18.408871520,0,0
18.409316640,1,0
18.409368800,1,1
18.409816640,0,1
18.409871200,0,0
18.410316480,1,0
18.410368320,1,1
18.410816480,0,1
18.410871680,0,0
18.411316480,1,0
18.411368320,1,1
18.411816480,0,1
18.411871680,0,0
18.412316480,1,0
18.412368480,1,1
18.412816480,0,1
18.412870720,0,0
18.413316320,1,0
18.413371200,1,1
18.413816320,0,1
18.413866880,0,0
18.414316320,1,0
18.414363680,1,1
18.414816320,0,1
18.414866560,0,0
18.415316320,1,0
18.415363680,1,1
18.415816160,0,1
18.415864480,0,0
18.416316160,1,0
18.416364160,1,1
18.416816160,0,1
18.416863840,0,0
18.417316160,1,0
18.417366240,1,1
18.417816160,0,1
18.417863840,0,0
18.418316000,1,0
18.418366080,1,1
18.418816000,0,1
18.418863520,0,0
18.419316000,1,0
18.419365920,1,1
18.419816000,0,1
18.419863680,0,0
18.420316000,1,0
18.420365920,1,1
18.420816000,0,1
18.420863520,0,0
18.421315840,1,0
18.421365920,1,1
18.421815840,0,1
18.421863200,0,0
18.422315840,1,0
18.422365920,1,1
18.422815840,0,1
18.422863040,0,0
18.423315840,1,0
18.423372160,1,1
18.423815840,0,1
18.423867200,0,0
18.424315680,1,0
18.424369600,1,1
18.424815680,0,1
18.424867040,0,0
18.425315680,1,0
18.425369440,1,1
18.425815680,0,1
18.425866720,0,0
18.426315680,1,0
18.426365920,1,1
18.426815520,0,1
18.426867040,0,0
18.427315520,1,0
18.427366240,1,1
18.427815520,0,1
18.427869440,0,0
18.428315520,1,0
18.428366400,1,1
18.428815520,0,1
18.428869440,0,0
18.429315360,1,0
18.429366080,1,1
18.429815360,0,1
18.429869280,0,0
18.430315360,1,0
18.430366240,1,1
18.430815360,0,1
18.430868640,0,0
18.431315360,1,0
18.431366400,1,1
18.431815360,0,1
18.431869440,0,0
18.432315200,1,0
18.432365760,1,1
18.432815200,0,1
18.432868640,0,0
18.433315200,1,0
18.433368480,1,1
18.433815200,0,1
18.433868960,0,0
18.434315200,1,0
18.434365600,1,1
18.434815200,0,1
18.434868640,0,0
18.435315040,1,0
18.435388640,1,1
18.435815040,0,1
18.435870880,0,0
18.436315040,1,0
18.436543360,1,1
18.436815040,0,1
18.436874720,0,0
18.437315040,1,0
18.437366720,1,1
18.437814880,0,1
18.437865920,0,0
18.438314880,1,0
18.438368800,1,1
18.438814880,0,1
18.438865920,0,0
18.439314880,1,0
18.439368160,1,1
18.439814880,0,1
18.439866080,0,0
18.440314720,1,0
18.440368800,1,1
18.440814720,0,1
18.440865920,0,0
18.441314720,1,0
18.441368480,1,1
18.441814720,0,1
18.441865440,0,0
18.442314720,1,0
18.442368000,1,1
18.442814720,0,1
18.442865440,0,0
18.443314560,1,0
18.443370880,1,1
18.443814560,0,1
18.443864640,0,0
18.444314560,1,0
18.444367680,1,1
18.444814560,0,1
18.444864800,0,0
18.445314560,1,0
18.445367200,1,1
18.445814560,0,1
18.445866720,0,0
18.446314400,1,0
18.446368640,1,1
18.446814400,0,1
18.446866080,0,0
18.447314400,1,0
18.447368480,1,1
18.447814400,0,1
18.447865120,0,0
18.448314400,1,0
18.448365120,1,1
18.448814240,0,1
18.448865760,0,0
18.449314240,1,0
18.449364800,1,1
18.449814240,0,1
18.449868160,0,0
18.450314240,1,0
18.450364960,1,1
18.450814240,0,1
18.450867840,0,0
18.451314080,1,0
18.451365280,1,1
18.451814080,0,1
18.451868480,0,0
18.452314080,1,0
18.452364960,1,1
18.452814080,0,1
18.452868160,0,0
18.453314080,1,0
18.453367840,1,1
18.453814080,0,1
18.453868160,0,0
18.454313920,1,0
18.454365120,1,1
18.454813920,0,1
18.454867520,0,0
18.455313920,1,0
18.455364800,1,1
18.455813920,0,1
18.455868160,0,0
18.456313920,1,0
18.456365440,1,1
18.456813920,0,1
18.456867360,0,0
18.457313760,1,0
18.457364640,1,1
18.457813760,0,1
18.457867520,0,0
18.458313760,1,0
18.458364960,1,1
18.458813760,0,1
18.458864800,0,0
18.459313600,1,0
18.459365120,1,1
18.459813600,0,1
18.459864800,0,0
18.460313600,1,0
18.460367680,1,1
18.460813600,0,1
18.460864960,0,0
18.461313600,1,0
18.461367680,1,1
18.461813600,0,1
18.461864320,0,0
18.462313440,1,0
18.462367520,1,1
18.462813440,0,1
18.462864320,0,0
18.463313440,1,0
18.463369920,1,1
18.463813440,0,1
18.463864480,0,0
18.464313440,1,0
18.464367360,1,1
18.464813440,0,1
18.464864480,0,0
18.465313280,1,0
18.465367360,1,1
18.465813280,0,1
18.465864640,0,0
18.466313280,1,0
18.466366880,1,1
18.466813280,0,1
18.466864480,0,0
18.467313280,1,0
18.467367200,1,1
18.467813280,0,1
18.467864160,0,0
18.468313120,1,0
18.468367040,1,1
18.468813120,0,1
18.468864000,0,0
18.469313120,1,0
18.469363680,1,1
18.469813120,0,1
18.469864320,0,0
18.470312960,1,0
18.470364000,1,1
18.470812960,0,1
18.470866560,0,0
18.471312960,1,0
18.471363840,1,1
18.471812960,0,1
18.471866880,0,0
18.472312960,1,0
18.472363680,1,1
18.472812960,0,1
18.472867040,0,0
18.473312800,1,0
18.473366560,1,1
18.473812800,0,1
18.473867200,0,0
18.474312800,1,0
18.474363840,1,1
18.474812800,0,1
18.474866880,0,0
18.475312800,1,0
18.475363840,1,1
18.475812800,0,1
18.475866720,0,0
18.476312640,1,0
18.476363360,1,1
18.476812640,0,1
18.476866560,0,0
18.477312640,1,0
18.477363520,1,1
18.477812640,0,1
18.477867040,0,0
18.478312640,1,0
18.478363520,1,1
18.478812480,0,1
18.478866240,0,0
18.479312480,1,0
18.479363040,1,1
18.479812480,0,1
18.479863360,0,0
18.480312480,1,0
18.480363520,1,1
18.480812480,0,1
18.480863200,0,0
18.481312320,1,0
18.481365760,1,1
18.481812320,0,1
18.481863680,0,0
18.482312320,1,0
18.482365760,1,1
18.482812320,0,1
18.482863200,0,0
18.483312320,1,0
18.483369120,1,1
18.483812320,0,1
18.483863840,0,0
18.484312160,1,0
18.484365920,1,1
18.484812160,0,1
18.484863520,0,0
18.485312160,1,0
18.485365600,1,1
18.485812160,0,1
18.485862880,0,0
18.486312160,1,0
18.486365920,1,1
18.486812160,0,1
18.486863040,0,0
18.487312000,1,0
18.487365760,1,1
18.487812000,0,1
18.487863200,0,0
18.488312000,1,0
18.488365760,1,1
18.488812000,0,1
18.488862880,0,0
18.489312000,1,0
18.489365920,1,1
18.489811840,0,1
18.489862720,0,0
18.490311840,1,0
18.490365760,1,1
18.490811840,0,1
18.490862720,0,0
18.491311840,1,0
18.491362560,1,1
18.491811840,0,1
18.491862400,0,0
18.492311680,1,0
18.492362720,1,1
18.492811680,0,1
18.492865600,0,0
18.493311680,1,0
18.493365600,1,1
18.493811680,0,1
18.493865600,0,0
18.494311680,1,0
18.494362560,1,1
18.494811680,0,1
18.494865440,0,0
18.495311520,1,0
18.495362400,1,1
18.495811520,0,1
18.495865440,0,0
18.496311520,1,0
18.496362880,1,1
18.496811520,0,1
18.496865280,0,0
18.497311520,1,0
18.497362400,1,1
18.497811520,0,1
18.497865600,0,0
18.498311360,1,0
18.498362240,1,1
18.498811360,0,1
18.498865120,0,0
18.499311360,1,0
18.499362400,1,1
18.499811360,0,1
18.499865280,0,0
18.500311360,1,0
18.500362080,1,1
18.500811200,0,1
18.500864800,0,0
18.501311200,1,0
18.501362240,1,1
18.501811200,0,1
18.501862240,0,0
18.502311200,1,0
18.502362720,1,1
18.502811200,0,1
18.502862560,0,0
18.503311040,1,0
18.503367360,1,1
18.503811040,0,1
18.503862720,0,0
18.504311040,1,0
18.504364960,1,1
18.504811040,0,1
18.504862400,0,0
18.505311040,1,0
18.505364640,1,1
18.505811040,0,1
18.505861760,0,0
18.506310880,1,0
18.506364480,1,1
18.506810880,0,1
18.506861760,0,0
18.507310880,1,0
18.507364960,1,1
18.507810880,0,1
18.507861920,0,0
18.508310880,1,0
18.508364640,1,1
18.508810880,0,1
18.508862400,0,0
18.509310720,1,0
18.509364640,1,1
18.509810720,0,1
18.509861920,0,0
18.510310720,1,0
18.510364800,1,1
18.510810720,0,1
18.510861600,0,0
18.511310720,1,0
18.511364480,1,1
18.511810560,0,1
18.511861760,0,0
18.512310560,1,0
18.512360960,1,1
18.512810560,0,1
18.512861600,0,0
18.513310560,1,0
18.513364160,1,1
18.513810560,0,1
18.513862080,0,0
18.514310400,1,0
18.514361440,1,1
18.514810400,0,1
18.514864320,0,0
18.515310400,1,0
18.515361600,1,1
18.515810400,0,1
18.515864000,0,0
18.516310400,1,0
18.516361920,1,1
18.516810400,0,1
18.516883520,0,0
18.517310240,1,0
18.517362560,1,1
18.517810240,0,1
18.517866240,0,0
18.518310240,1,0
18.518366720,1,1
18.518810240,0,1
18.518864640,0,0
18.519310240,1,0
18.519360800,1,1
18.519810240,0,1
18.519863040,0,0
18.520310080,1,0
18.520360960,1,1
18.520810080,0,1
18.520863200,0,0
18.521310080,1,0
18.521360640,1,1
18.521810080,0,1
18.521863040,0,0
18.522310080,1,0
18.522360640,1,1
18.522809920,0,1
18.522862880,0,0
18.523309920,1,0
18.523369760,1,1
18.523809920,0,1
18.523860320,0,0
18.524309920,1,0
18.524360000,1,1
18.524809920,0,1
18.524860480,0,0
18.525309760,1,0
18.525362400,1,1
18.525809760,0,1
18.525859680,0,0
18.526309760,1,0
18.526362240,1,1
18.526809760,0,1
18.526859680,0,0
18.527309760,1,0
18.527362400,1,1
18.527809760,0,1
18.527859840,0,0
18.528309600,1,0
18.528362560,1,1
18.528809600,0,1
18.528860160,0,0
18.529309600,1,0
18.529362880,1,1
18.529809600,0,1
18.529859680,0,0
18.530309600,1,0
18.530362080,1,1
18.530809600,0,1
18.530859200,0,0
18.531309440,1,0
18.531362240,1,1
18.531809440,0,1
18.531859840,0,0
18.532309440,1,0
18.532362880,1,1
18.532809440,0,1
18.532859360,0,0
18.533309440,1,0
18.533365120,1,1
18.533809280,0,1
18.533859680,0,0
18.534309280,1,0
18.534359360,1,1
18.534809280,0,1
18.534859200,0,0
18.535309280,1,0
18.535359360,1,1
18.535809280,0,1
18.535862080,0,0
18.536309120,1,0
18.536359200,1,1
18.536809120,0,1
18.536862080,0,0
18.537309120,1,0
18.537359200,1,1
18.537809120,0,1
18.537861920,0,0
18.538309120,1,0
18.538359360,1,1
18.538809120,0,1
18.538862080,0,0
18.539308960,1,0
18.539359040,1,1
18.539808960,0,1
18.539862080,0,0
18.540308960,1,0
18.540359200,1,1
18.540808960,0,1
18.540862080,0,0
18.541308960,1,0
18.541359040,1,1
18.541808960,0,1
18.541861760,0,0
18.542308800,1,0
18.542358720,1,1
18.542808800,0,1
18.542861920,0,0
18.543308800,1,0
18.543361440,1,1
18.543808800,0,1
18.543862560,0,0
18.544308800,1,0
18.544358720,1,1
18.544808640,0,1
18.544859040,0,0
18.545308640,1,0
18.545358880,1,1
18.545808640,0,1
18.545858400,0,0
18.546308640,1,0
18.546361440,1,1
18.546808640,0,1
18.546858400,0,0
18.547308480,1,0
18.547361280,1,1
18.547808480,0,1
18.547858560,0,0
18.548308480,1,0
18.548361280,1,1
18.548808480,0,1
18.548858720,0,0
18.549308480,1,0
18.549361440,1,1
18.549808480,0,1
18.549858560,0,0
18.550308320,1,0
18.550360800,1,1
18.550808320,0,1
18.550858560,0,0
18.551308320,1,0
18.551361440,1,1
18.551808320,0,1
18.551858240,0,0
18.552308320,1,0
18.552361280,1,1
18.552808320,0,1
18.552858400,0,0
18.553308160,1,0
18.553363680,1,1
18.553808160,0,1
18.553858400,0,0
18.554308160,1,0
18.554361280,1,1
18.554808160,0,1
18.554858080,0,0
18.555308160,1,0
18.555360800,1,1
18.555808000,0,1
18.555857920,0,0
18.556308000,1,0
18.556358080,1,1
18.556808000,0,1
18.556858560,0,0
18.557308000,1,0
18.557358080,1,1
18.557808000,0,1
18.557860320,0,0
18.558307840,1,0
18.558358240,1,1
18.558807840,0,1
18.558860800,0,0
18.559307840,1,0
18.559357760,1,1
18.559807840,0,1
18.559860320,0,0
18.560307840,1,0
18.560357600,1,1
18.560807840,0,1
18.560860320,0,0
18.561307680,1,0
18.561357760,1,1
18.561807680,0,1
18.561860640,0,0
18.562307680,1,0
18.562358080,1,1
18.562807680,0,1
18.562860320,0,0
18.563307680,1,0
18.563360000,1,1
18.563807680,0,1
18.563861120,0,0
18.564307520,1,0
18.564357600,1,1
18.564807520,0,1
18.564860480,0,0
18.565307520,1,0
18.565357440,1,1
18.565807520,0,1
18.565860320,0,0
18.566307360,1,0
18.566357600,1,1
18.566807360,0,1
18.566857600,0,0
18.567307360,1,0
18.567357760,1,1
18.567807360,0,1
18.567857280,0,0
18.568307360,1,0
18.568360160,1,1
18.568807360,0,1
18.568856640,0,0
18.569307200,1,0
18.569359840,1,1
18.569807200,0,1
18.569857600,0,0
18.570307200,1,0
18.570359840,1,1
18.570807200,0,1
18.570857600,0,0
18.571307200,1,0
18.571360000,1,1
18.571807200,0,1
18.571856800,0,0
18.572307040,1,0
18.572360320,1,1
18.572807040,0,1
18.572857280,0,0
18.573307040,1,0
18.573363520,1,1
18.573807040,0,1
18.573856960,0,0
18.574307040,1,0
18.574359520,1,1
18.574806880,0,1
18.574857120,0,0
18.575306880,1,0
18.575359840,1,1
18.575806880,0,1
18.575856960,0,0
18.576306880,1,0
18.576360160,1,1
18.576806880,0,1
18.576857280,0,0
18.577306720,1,0
18.577356800,1,1
18.577806720,0,1
18.577857440,0,0
18.578306720,1,0
18.578356640,1,1
18.578806720,0,1
18.578859680,0,0
18.579306720,1,0
18.579356320,1,1
18.579806720,0,1
18.579859200,0,0
18.580306560,1,0
18.580356160,1,1
18.580806560,0,1
18.580859520,0,0
18.581306560,1,0
18.581356960,1,1
18.581806560,0,1
18.581859840,0,0
18.582306560,1,0
18.582356960,1,1
18.582806560,0,1
18.582859520,0,0
18.583306400,1,0
18.583359520,1,1
18.583806400,0,1
18.583859520,0,0
18.584306400,1,0
18.584356480,1,1
18.584806400,0,1
18.584859040,0,0
18.585306400,1,0
18.585356000,1,1
18.585806240,0,1
18.585858720,0,0
18.586306240,1,0
18.586356480,1,1
18.586806240,0,1
18.586859040,0,0
18.587306240,1,0
18.587356640,1,1
18.587806240,0,1
18.587859040,0,0
18.588306080,1,0
18.588356000,1,1
18.588806080,0,1
18.588855360,0,0
18.589306080,1,0
18.589356160,1,1
18.589806080,0,1
18.589856160,0,0
18.590306080,1,0
18.590358400,1,1
18.590806080,0,1
18.590856640,0,0
18.591305920,1,0
18.591358720,1,1
18.591805920,0,1
18.591856160,0,0
18.592305920,1,0
18.592358400,1,1
18.592805920,0,1
18.592855840,0,0
18.593305920,1,0
18.593361120,1,1
18.593805920,0,1
18.593856320,0,0
18.594305760,1,0
18.594358400,1,1
18.594805760,0,1
18.594855840,0,0
18.595305760,1,0
18.595358240,1,1
18.595805760,0,1
18.595855520,0,0
18.596305760,1,0
18.596358560,1,1
18.596805600,0,1
18.596855840,0,0
18.597305600,1,0
18.597358400,1,1
18.597805600,0,1
18.597855520,0,0
18.598305600,1,0
18.598358560,1,1
18.598805600,0,1
18.598855200,0,0
18.599305440,1,0
18.599355520,1,1
18.599805440,0,1
18.599855360,0,0
18.600305440,1,0
18.600355200,1,1
18.600805440,0,1
18.600857920,0,0
18.601305440,1,0
18.601355680,1,1
18.601805440,0,1
18.601857920,0,0
18.602305280,1,0
18.602355520,1,1
18.602805280,0,1
18.602858080,0,0
18.603305280,1,0
18.603358400,1,1
18.603805280,0,1
18.603858080,0,0
18.604305280,1,0
18.604355840,1,1
18.604805280,0,1
18.604858080,0,0
18.605305120,1,0
18.605355840,1,1
18.605805120,0,1
18.605858080,0,0
18.606305120,1,0
18.606355200,1,1
18.606805120,0,1
18.606857920,0,0
18.607305120,1,0
18.607355360,1,1
18.607804960,0,1
18.607857920,0,0
18.608304960,1,0
18.608355200,1,1
18.608804960,0,1
18.608858080,0,0
18.609304960,1,0
18.609355040,1,1
18.609804960,0,1
18.609854560,0,0
18.610304800,1,0
18.610354880,1,1
18.610804800,0,1
18.610854560,0,0
18.611304800,1,0
18.611357440,1,1
18.611804800,0,1
18.611854720,0,0
18.612304800,1,0
18.612357600,1,1
18.612804800,0,1
18.612854560,0,0
18.613304640,1,0
18.613360160,1,1
18.613804640,0,1
18.613855040,0,0
18.614304640,1,0
18.614357600,1,1
18.614804640,0,1
18.614854560,0,0
18.615304640,1,0
18.615357280,1,1
18.615804640,0,1
18.615854240,0,0
18.616304480,1,0
18.616357280,1,1
18.616804480,0,1
18.616854720,0,0
18.617304480,1,0
18.617357440,1,1
18.617804480,0,1
18.617854400,0,0
18.618304480,1,0
18.618356800,1,1
18.618804320,0,1
18.618854560,0,0
18.619304320,1,0
18.619357760,1,1
18.619804320,0,1
18.619854560,0,0
18.620304320,1,0
18.620357440,1,1
18.620804320,0,1
18.620854400,0,0
18.621304160,1,0
18.621353920,1,1
18.621804160,0,1
18.621854240,0,0
18.622304160,1,0
18.622354400,1,1
18.622804160,0,1
18.622856960,0,0
18.623304160,1,0
18.623356480,1,1
18.623804160,0,1
18.623856640,0,0
18.624304000,1,0
18.624354080,1,1
18.624804000,0,1
18.624856800,0,0
18.625304000,1,0
18.625353920,1,1
18.625804000,0,1
18.625856480,0,0
18.626304000,1,0
18.626354080,1,1
18.626804000,0,1
18.626856960,0,0
18.627303840,1,0
18.627353760,1,1
18.627803840,0,1
18.627857280,0,0
18.628303840,1,0
18.628354080,1,1
18.628803840,0,1
18.628856160,0,0
18.629303840,1,0
18.629353760,1,1
18.629803680,0,1
18.629856960,0,0
18.630303680,1,0
18.630354240,1,1
18.630803680,0,1
18.630856480,0,0
18.631303680,1,0
18.631353600,1,1
18.631803680,0,1
18.631853600,0,0
18.632303520,1,0
18.632353600,1,1
18.632803520,0,1
18.632852960,0,0
18.633303520,1,0
18.633359040,1,1
18.633803520,0,1
18.633853760,0,0
18.634303520,1,0
18.634356320,1,1
18.634803520,0,1
18.634853760,0,0
18.635303360,1,0
18.635356160,1,1
18.635803360,0,1
18.635853440,0,0
18.636303360,1,0
18.636355840,1,1
18.636803360,0,1
18.636852800,0,0
18.637303360,1,0
18.637356480,1,1
18.637803360,0,1
18.637853440,0,0
18.638303200,1,0
18.638356000,1,1
18.638803200,0,1
18.638853120,0,0
18.639303200,1,0
18.639356320,1,1
18.639803200,0,1
18.639853440,0,0
18.640303200,1,0
18.640356000,1,1
18.640803040,0,1
18.640852960,0,0
18.641303040,1,0
18.641355840,1,1
18.641803040,0,1
18.641853280,0,0
18.642303040,1,0
18.642353120,1,1
18.642803040,0,1
18.642853280,0,0
18.643302880,1,0
18.643355680,1,1
18.643802880,0,1
18.643855840,0,0
18.644302880,1,0
18.644353120,1,1
18.644802880,0,1
18.644855680,0,0
18.645302880,1,0
18.645352960,1,1
18.645802880,0,1
18.645855520,0,0
18.646302720,1,0
18.646352640,1,1
18.646802720,0,1
18.646855360,0,0
18.647302720,1,0
18.647352640,1,1
18.647802720,0,1
18.647856000,0,0
18.648302720,1,0
18.648352800,1,1
18.648802720,0,1
18.648855680,0,0
18.649302560,1,0
18.649352480,1,1
18.649802560,0,1
18.649855680,0,0
18.650302560,1,0
18.650352640,1,1
18.650802560,0,1
18.650855520,0,0
18.651302560,1,0
18.651352480,1,1
18.651802400,0,1
18.651855520,0,0
18.652302400,1,0
18.652352480,1,1
18.652802400,0,1
18.652855520,0,0
18.653302400,1,0
18.653355200,1,1
18.653802400,0,1
18.653852160,0,0
18.654302240,1,0
18.654353120,1,1
18.654802240,0,1
18.654852320,0,0
18.655302240,1,0
18.655355680,1,1
18.655802240,0,1
18.655852480,0,0
18.656302240,1,0
18.656355360,1,1
18.656802240,0,1
18.656852320,0,0
18.657302080,1,0
18.657354880,1,1
18.657802080,0,1
18.657852320,0,0
18.658302080,1,0
18.658354720,1,1
18.658802080,0,1
18.658852160,0,0
18.659302080,1,0
18.659355040,1,1
18.659802080,0,1
18.659852480,0,0
18.660301920,1,0
18.660354720,1,1
18.660801920,0,1
18.660852160,0,0
18.661301920,1,0
18.661354880,1,1
18.661801920,0,1
18.661852000,0,0
18.662301760,1,0
18.662354240,1,1
18.662801760,0,1
18.662852000,0,0
18.663301760,1,0
18.663357120,1,1
18.663801760,0,1
18.663852000,0,0
18.664301760,1,0
18.664352000,1,1
18.664801760,0,1
18.664851840,0,0
18.665301600,1,0
18.665351680,1,1
18.665801600,0,1
18.665854240,0,0
18.666301600,1,0
18.666351680,1,1
18.666801600,0,1
18.666853920,0,0
18.667301600,1,0
18.667351680,1,1
18.667801600,0,1
18.667854400,0,0
18.668301440,1,0
18.668351840,1,1
18.668801440,0,1
18.668853920,0,0
18.669301440,1,0
18.669351680,1,1
18.669801440,0,1
18.669854240,0,0
18.670301440,1,0
18.670351200,1,1
18.670801440,0,1
18.670854080,0,0
18.671301280,1,0
18.671351680,1,1
18.671801280,0,1
18.671854080,0,0
18.672301280,1,0
18.672351520,1,1
18.672801280,0,1
18.672853920,0,0
18.673301120,1,0
18.673354080,1,1
18.673801120,0,1
18.673854240,0,0
18.674301120,1,0
18.674350720,1,1
18.674801120,0,1
18.674850720,0,0
18.675301120,1,0
18.675351360,1,1
18.675801120,0,1
18.675850880,0,0
18.676300960,1,0
18.676354080,1,1
18.676800960,0,1
18.676851040,0,0
18.677300960,1,0
18.677353600,1,1
18.677800960,0,1
18.677851040,0,0
18.678300960,1,0
18.678353920,1,1
18.678800960,0,1
18.678850880,0,0
18.679300800,1,0
18.679353120,1,1
18.679800800,0,1
18.679850720,0,0
18.680300800,1,0
18.680353600,1,1
18.680800800,0,1
18.680851200,0,0
18.681300800,1,0
18.681352960,1,1
18.681800640,0,1
18.681850560,0,0
18.682300640,1,0
18.682353760,1,1
18.682800640,0,1
18.682850720,0,0
18.683300640,1,0
18.683356320,1,1
18.683800640,0,1
18.683850720,0,0
18.684300480,1,0
18.684353600,1,1
18.684800480,0,1
18.684850720,0,0
18.685300480,1,0
18.685353280,1,1
18.685800480,0,1
18.685850560,0,0
18.686300480,1,0
18.686350400,1,1
18.686800480,0,1
18.686851040,0,0
18.687300320,1,0
18.687350400,1,1
18.687800320,0,1
18.687853440,0,0
18.688300320,1,0
18.688350560,1,1
18.688800320,0,1
18.688853120,0,0
18.689300320,1,0
18.689350080,1,1
18.689800320,0,1
18.689852960,0,0
18.690300160,1,0
18.690350400,1,1
18.690800160,0,1
18.690852800,0,0
18.691300160,1,0
18.691350080,1,1
18.691800160,0,1
18.691853120,0,0
18.692300160,1,0
18.692350080,1,1
18.692800000,0,1
18.692852800,0,0
18.693300000,1,0
18.693352640,1,1
18.693800000,0,1
18.693852960,0,0
18.694300000,1,0
18.694349920,1,1
18.694800000,0,1
18.694852800,0,0
18.695299840,1,0
18.695350240,1,1
18.695799840,0,1
18.695852960,0,0
18.696299840,1,0
18.696349920,1,1
18.696799840,0,1
18.696849280,0,0
18.697299840,1,0
18.697350080,1,1
18.697799840,0,1
18.697849760,0,0
18.698299680,1,0
18.698352320,1,1
18.698799680,0,1
18.698849760,0,0
18.699299680,1,0
18.699352160,1,1
18.699799680,0,1
18.699849600,0,0
18.700299680,1,0
18.700352320,1,1
18.700799680,0,1
18.700849760,0,0
18.701299520,1,0
18.701352800,1,1
18.701799520,0,1
18.701850080,0,0
18.702299520,1,0
18.702352160,1,1
18.702799520,0,1
18.702849440,0,0
18.703299520,1,0
18.703354880,1,1
18.703799360,0,1
18.703849760,0,0
18.704299360,1,0
18.704352320,1,1
18.704799360,0,1
18.704849120,0,0
18.705299360,1,0
18.705352160,1,1
18.705799360,0,1
18.705849600,0,0
18.706299200,1,0
18.706352160,1,1
18.706799200,0,1
18.706849600,0,0
18.707299200,1,0
18.707348800,1,1
18.707799200,0,1
18.707849440,0,0
18.708299200,1,0
18.708349280,1,1
18.708799200,0,1
18.708851840,0,0
18.709299040,1,0
18.709349600,1,1
18.709799040,0,1
18.709851840,0,0
18.710299040,1,0
18.710349280,1,1
18.710799040,0,1
18.710852000,0,0
18.711299040,1,0
18.711349280,1,1
18.711799040,0,1
18.711851680,0,0
18.712298880,1,0
18.712348800,1,1
18.712798880,0,1
18.712851680,0,0
18.713298880,1,0
18.713351520,1,1
18.713798880,0,1
18.713851840,0,0
18.714298880,1,0
18.714348640,1,1
18.714798720,0,1
18.714852000,0,0
18.715298720,1,0
18.715348960,1,1
18.715798720,0,1
18.715851520,0,0
18.716298720,1,0
18.716348800,1,1
18.716798720,0,1
18.716851520,0,0
18.717298560,1,0
18.717348960,1,1
18.717798560,0,1
18.717851200,0,0
18.718298560,1,0
18.718348800,1,1
18.718798560,0,1
18.718848640,0,0
18.719298560,1,0
18.719349120,1,1
18.719798560,0,1
18.719848640,0,0
18.720298400,1,0
18.720351200,1,1
18.720798400,0,1
18.720848160,0,0
18.721298400,1,0
18.721351520,1,1
18.721798400,0,1
18.721848000,0,0
18.722298400,1,0
18.722351360,1,1
18.722798400,0,1
18.722848160,0,0
18.723298240,1,0
18.723353440,1,1
18.723798240,0,1
18.723848480,0,0
18.724298240,1,0
18.724350880,1,1
18.724798240,0,1
18.724848320,0,0
18.725298080,1,0
18.725351040,1,1
18.725798080,0,1
18.725847680,0,0
18.726298080,1,0
18.726350720,1,1
18.726798080,0,1
18.726848000,0,0
18.727298080,1,0
18.727350880,1,1
18.727798080,0,1
18.727848320,0,0
18.728297920,1,0
18.728351040,1,1
18.728797920,0,1
18.728848000,0,0
18.729297920,1,0
18.729348000,1,1
18.729797920,0,1
18.729848320,0,0
18.730297920,1,0
18.730348000,1,1
18.730797920,0,1
18.730850720,0,0
18.731297760,1,0
18.731348000,1,1
18.731797760,0,1
18.731850720,0,0
18.732297760,1,0
18.732347680,1,1
18.732797760,0,1
18.732850080,0,0
18.733297760,1,0
18.733349920,1,1
18.733797760,0,1
18.733851040,0,0
18.734297600,1,0
18.734348000,1,1
18.734797600,0,1
18.734850560,0,0
18.735297600,1,0
18.735348000,1,1
18.735797600,0,1
18.735850560,0,0
18.736297440,1,0
18.736347360,1,1
18.736797440,0,1
18.736850400,0,0
18.737297440,1,0
18.737347520,1,1
18.737797440,0,1
18.737850080,0,0
18.738297440,1,0
18.738347840,1,1
18.738797440,0,1
18.738850560,0,0
18.739297280,1,0
18.739347680,1,1
18.739797280,0,1
18.739847040,0,0
18.740297280,1,0
18.740347520,1,1
18.740797280,0,1
18.740847040,0,0
18.741297280,1,0
18.741349760,1,1
18.741797280,0,1
18.741847680,0,0
18.742297120,1,0
18.742350240,1,1
18.742797120,0,1
18.742847360,0,0
18.743297120,1,0
18.743353120,1,1
18.743797120,0,1
18.743847040,0,0
18.744297120,1,0
18.744349920,1,1
18.744796960,0,1
18.744847040,0,0
18.745296960,1,0
18.745349600,1,1
18.745796960,0,1
18.745847040,0,0
18.746296960,1,0
18.746350240,1,1
18.746796960,0,1
18.746847200,0,0
18.747296800,1,0
18.747349920,1,1
18.747796800,0,1
18.747846880,0,0
18.748296800,1,0
18.748349760,1,1
18.748796800,0,1
18.748847040,0,0
18.749296800,1,0
18.749350080,1,1
18.749796800,0,1
18.749847360,0,0
18.750296640,1,0
18.750349120,1,1
18.750796640,0,1
18.750846560,0,0
18.751296640,1,0
18.751346240,1,1
18.751796640,0,1
18.751849280,0,0
18.752296640,1,0
18.752347200,1,1
18.752796640,0,1
18.752849280,0,0
18.753296480,1,0
18.753349600,1,1
18.753796480,0,1
18.753849120,0,0
18.754296480,1,0
18.754346560,1,1
18.754796480,0,1
18.754849120,0,0
18.755296480,1,0
18.755346560,1,1
18.755796320,0,1
18.755849280,0,0
18.756296320,1,0
18.756346240,1,1
18.756796320,0,1
18.756849440,0,0
18.757296320,1,0
18.757346240,1,1
18.757796320,0,1
18.757849440,0,0
18.758296160,1,0
18.758346240,1,1
18.758796160,0,1
18.758849120,0,0
18.759296160,1,0
18.759346400,1,1
18.759796160,0,1
18.759848800,0,0
18.760296160,1,0
18.760346240,1,1
18.760796160,0,1
18.760849280,0,0
18.761296000,1,0
18.761345920,1,1
18.761796000,0,1
18.761846400,0,0
18.762296000,1,0
18.762346400,1,1
18.762796000,0,1
18.762846080,0,0
18.763296000,1,0
18.763351360,1,1
18.763796000,0,1
18.763846080,0,0
18.764295840,1,0
18.764348800,1,1
18.764795840,0,1
18.764845760,0,0
18.765295840,1,0
18.765348480,1,1
18.765795840,0,1
18.765845760,0,0
18.766295840,1,0
18.766348160,1,1
18.766795680,0,1
18.766846080,0,0
18.767295680,1,0
18.767348320,1,1
18.767795680,0,1
18.767845760,0,0
18.768295680,1,0
18.768348480,1,1
18.768795680,0,1
18.768845760,0,0
18.769295520,1,0
18.769348640,1,1
18.769795520,0,1
18.769845920,0,0
18.770295520,1,0
18.770348480,1,1
18.770795520,0,1
18.770845280,0,0
18.771295520,1,0
18.771348480,1,1
18.771795520,0,1
18.771845440,0,0
18.772295360,1,0
18.772345600,1,1
18.772795360,0,1
18.772845600,0,0
18.773295360,1,0
18.773348000,1,1
18.773795360,0,1
18.773848000,0,0
18.774295360,1,0
18.774345120,1,1
18.774795360,0,1
18.774847520,0,0
18.775295200,1,0
18.775345600,1,1
18.775795200,0,1
18.775848160,0,0
18.776295200,1,0
18.776345760,1,1
18.776795200,0,1
18.776848000,0,0
18.777295200,1,0
18.777344800,1,1
18.777795040,0,1
18.777848000,0,0
18.778295040,1,0
18.778345600,1,1
18.778795040,0,1
18.778847840,0,0
18.779295040,1,0
18.779344960,1,1
18.779795040,0,1
18.779847520,0,0
18.780294880,1,0
18.780345280,1,1
18.780794880,0,1
18.780848000,0,0
18.781294880,1,0
18.781345120,1,1
18.781794880,0,1
18.781847840,0,0
18.782294880,1,0
18.782344960,1,1
18.782794880,0,1
18.782844640,0,0
18.783294720,1,0
18.783348160,1,1
18.783794720,0,1
18.783844960,0,0
18.784294720,1,0
18.784347360,1,1
18.784794720,0,1
18.784845120,0,0
18.785294720,1,0
18.785347680,1,1
18.785794720,0,1
18.785844640,0,0
18.786294560,1,0
18.786347360,1,1
18.786794560,0,1
18.786844320,0,0
18.787294560,1,0
18.787347040,1,1
18.787794560,0,1
18.787844480,0,0
18.788294560,1,0
18.788346880,1,1
18.788794400,0,1
18.788844320,0,0
18.789294400,1,0
18.789347360,1,1
18.789794400,0,1
18.789844640,0,0
18.790294400,1,0
18.790347360,1,1
18.790794400,0,1
18.790844800,0,0
18.791294240,1,0
18.791347520,1,1
18.791794240,0,1
18.791844640,0,0
18.792294240,1,0
18.792347200,1,1
18.792794240,0,1
18.792844320,0,0
18.793294240,1,0
18.793350080,1,1
18.793794240,0,1
18.793844320,0,0
18.794294080,1,0
18.794344000,1,1
18.794794080,0,1
18.794844320,0,0
18.795294080,1,0
18.795343680,1,1
18.795794080,0,1
18.795846560,0,0
18.796294080,1,0
18.796344320,1,1
18.796794080,0,1
18.796847040,0,0
18.797293920,1,0
18.797344160,1,1
18.797793920,0,1
18.797846880,0,0
18.798293920,1,0
18.798344000,1,1
18.798793920,0,1
18.798846560,0,0
18.799293760,1,0
18.799343520,1,1
18.799793760,0,1
18.799846880,0,0
18.800293760,1,0
18.800344160,1,1
18.800793760,0,1
18.800846720,0,0
18.801293760,1,0
18.801343840,1,1
18.801793760,0,1
18.801846400,0,0
18.802293600,1,0
18.802343360,1,1
18.802793600,0,1
18.802846720,0,0
18.803293600,1,0
18.803346560,1,1
18.803793600,0,1
18.803846880,0,0
18.804293600,1,0
18.804343360,1,1
18.804793600,0,1
18.804843360,0,0
18.805293440,1,0
18.805343680,1,1
18.805793440,0,1
18.805843360,0,0
18.806293440,1,0
18.806346080,1,1
18.806793440,0,1
18.806843520,0,0
18.807293440,1,0
18.807346400,1,1
18.807793280,0,1
18.807843360,0,0
18.808293280,1,0
18.808345440,1,1
18.808793280,0,1
18.808843520,0,0
18.809293280,1,0
18.809346400,1,1
18.809793280,0,1
18.809843200,0,0
18.810293120,1,0
18.810346240,1,1
18.810793120,0,1
18.810843040,0,0
18.811293120,1,0
18.811345920,1,1
18.811793120,0,1
18.811843360,0,0
18.812293120,1,0
18.812345920,1,1
18.812793120,0,1
18.812842880,0,0
18.813292960,1,0
18.813348480,1,1
18.813792960,0,1
18.813842720,0,0
18.814292960,1,0
18.814345920,1,1
18.814792960,0,1
18.814842880,0,0
18.815292960,1,0
18.815342880,1,1
18.815792960,0,1
18.815843040,0,0
18.816292800,1,0
18.816342720,1,1
18.816792800,0,1
18.816845440,0,0
18.817292800,1,0
18.817343040,1,1
18.817792800,0,1
18.817845600,0,0
18.818292800,1,0
18.818342880,1,1
18.818792640,0,1
18.818845280,0,0
18.819292640,1,0
18.819343040,1,1
18.819792640,0,1
18.819845120,0,0
18.820292640,1,0
18.820342880,1,1
18.820792640,0,1
18.820845280,0,0
18.821292480,1,0
18.821342560,1,1
18.821792480,0,1
18.821845920,0,0
18.822292480,1,0
18.822342880,1,1
18.822792480,0,1
18.822845600,0,0
18.823292480,1,0
18.823343040,1,1
18.823792480,0,1
18.823845440,0,0
18.824292320,1,0
18.824341760,1,1
18.824792320,0,1
18.824844480,0,0
18.825292320,1,0
18.825341120,1,1
18.825792320,0,1
18.825844640,0,0
18.826292320,1,0
18.826344000,1,1
18.826792320,0,1
18.826843360,0,0
18.827292160,1,0
18.827343200,1,1
18.827792160,0,1
18.827842720,0,0
18.828292160,1,0
18.828345760,1,1
18.828792160,0,1
18.828843520,0,0
18.829292160,1,0
18.829345920,1,1
18.829792000,0,1
18.829842880,0,0
18.830292000,1,0
18.830345760,1,1
18.830792000,0,1
18.830842720,0,0
18.831292000,1,0
18.831345760,1,1
18.831792000,0,1
18.831842560,0,0
18.832291840,1,0
18.832345600,1,1
18.832791840,0,1
18.832842720,0,0
18.833291840,1,0
18.833348960,1,1
18.833791840,0,1
18.833842880,0,0
18.834291840,1,0
18.834345600,1,1
18.834791840,0,1
18.834842560,0,0
18.835291680,1,0
18.835345600,1,1
18.835791680,0,1
18.835843360,0,0
18.836291680,1,0
18.836345120,1,1
18.836791680,0,1
18.836842400,0,0
18.837291680,1,0
18.837342720,1,1
18.837791680,0,1
18.837842560,0,0
18.838291520,1,0
18.838342080,1,1
18.838791520,0,1
18.838845440,0,0
18.839291520,1,0
18.839342240,1,1
18.839791520,0,1
18.839844960,0,0
18.840291520,1,0
18.840342400,1,1
18.840791360,0,1
18.840844960,0,0
18.841291360,1,0
18.841342560,1,1
18.841791360,0,1
18.841844800,0,0
18.842291360,1,0
18.842342400,1,1
18.842791360,0,1
18.842845440,0,0
18.843291200,1,0
18.843345280,1,1
18.843791200,0,1
18.843845280,0,0
18.844291200,1,0
18.844342400,1,1
18.844791200,0,1
18.844845120,0,0
18.845291200,1,0
18.845342080,1,1
18.845791200,0,1
18.845844960,0,0
18.846291040,1,0
18.846341920,1,1
18.846791040,0,1
18.846845280,0,0
18.847291040,1,0
18.847342080,1,1
18.847791040,0,1
18.847841920,0,0
18.848291040,1,0
18.848342400,1,1
18.848791040,0,1
18.848841440,0,0
18.849290880,1,0
18.849344640,1,1
18.849790880,0,1
18.849841920,0,0
18.850290880,1,0
18.850344320,1,1
18.850790880,0,1
18.850842080,0,0
18.851290880,1,0
18.851344480,1,1
18.851790720,0,1
18.851842240,0,0
18.852290720,1,0
18.852344160,1,1
18.852790720,0,1
18.852841600,0,0
18.853290720,1,0
18.853347360,1,1
18.853790720,0,1
18.853842080,0,0
18.854290560,1,0
18.854344480,1,1
18.854790560,0,1
18.854841440,0,0
18.855290560,1,0
18.855344160,1,1
18.855790560,0,1
18.855841280,0,0
18.856290560,1,0
18.856344320,1,1
18.856790560,0,1
18.856841280,0,0
18.857290400,1,0
18.857343840,1,1
18.857790400,0,1
18.857841760,0,0
18.858290400,1,0
18.858344000,1,1
18.858790400,0,1
18.858841760,0,0
18.859290400,1,0
18.859341440,1,1
18.859790400,0,1
18.859840640,0,0
18.860290240,1,0
18.860341120,1,1
18.860790240,0,1
18.860843360,0,0
18.861290240,1,0
18.861341600,1,1
18.861790240,0,1
18.861843360,0,0
18.862290080,1,0
18.862341120,1,1
18.862790080,0,1
18.862843360,0,0
18.863290080,1,0
18.863343840,1,1
18.863790080,0,1
18.863843840,0,0
18.864290080,1,0
18.864341280,1,1
18.864790080,0,1
18.864844160,0,0
18.865289920,1,0
18.865340640,1,1
18.865789920,0,1
18.865843840,0,0
18.866289920,1,0
18.866341120,1,1
18.866789920,0,1
18.866844000,0,0
18.867289920,1,0
18.867340960,1,1
18.867789920,0,1
18.867843200,0,0
18.868289760,1,0
18.868340640,1,1
18.868789760,0,1
18.868843680,0,0
18.869289760,1,0
18.869340800,1,1
18.869789760,0,1
18.869840640,0,0
18.870289760,1,0
18.870340800,1,1
18.870789600,0,1
18.870840160,0,0
18.871289600,1,0
18.871343520,1,1
18.871789600,0,1
18.871840320,0,0
18.872289600,1,0
18.872343360,1,1
18.872789600,0,1
18.872840320,0,0
18.873289440,1,0
18.873345440,1,1
18.873789440,0,1
18.873840320,0,0
18.874289440,1,0
18.874342880,1,1
18.874789440,0,1
18.874840160,0,0
18.875289440,1,0
18.875343200,1,1
18.875789440,0,1
18.875840480,0,0
18.876289280,1,0
18.876342880,1,1
18.876789280,0,1
18.876840160,0,0
18.877289280,1,0
18.877343040,1,1
18.877789280,0,1
18.877840320,0,0
18.878289280,1,0
18.878342880,1,1
18.878789280,0,1
18.878840480,0,0
18.879289120,1,0
18.879343040,1,1
18.879789120,0,1
18.879839840,0,0
18.880289120,1,0
18.880340000,1,1
18.880789120,0,1
18.880840000,0,0
18.881289120,1,0
18.881340160,1,1
18.881788960,0,1
18.881842880,0,0
18.882288960,1,0
18.882340160,1,1
18.882788960,0,1
18.882842240,0,0
18.883288960,1,0
18.883343200,1,1
18.883788960,0,1
18.883842560,0,0
18.884288800,1,0
18.884339840,1,1
18.884788800,0,1
18.884842400,0,0
18.885288800,1,0
18.885339360,1,1
18.885788800,0,1
18.885842560,0,0
18.886288800,1,0
18.886340000,1,1
18.886788800,0,1
18.886842240,0,0
18.887288640,1,0
18.887340160,1,1
18.887788640,0,1
18.887842560,0,0
18.888288640,1,0
18.888339520,1,1
18.888788640,0,1
18.888842240,0,0
18.889288640,1,0
18.889339840,1,1
18.889788640,0,1
18.889842720,0,0
18.890288480,1,0
18.890339680,1,1
18.890788480,0,1
18.890842080,0,0
18.891288480,1,0
18.891339520,1,1
18.891788480,0,1
18.891839040,0,0
18.892288480,1,0
18.892339680,1,1
18.892788320,0,1
18.892839200,0,0
18.893288320,1,0
18.893344640,1,1
18.893788320,0,1
18.893839840,0,0
18.894288320,1,0
18.894342080,1,1
18.894788320,0,1
18.894839040,0,0
18.895288160,1,0
18.895341760,1,1
18.895788160,0,1
18.895838720,0,0
18.896288160,1,0
18.896341600,1,1
18.896788160,0,1
18.896839360,0,0
18.897288160,1,0
18.897341920,1,1
18.897788160,0,1
18.897839200,0,0
18.898288000,1,0
18.898341440,1,1
18.898788000,0,1
18.898839040,0,0
18.899288000,1,0
18.899341760,1,1
18.899788000,0,1
18.899838880,0,0
18.900288000,1,0
18.900341440,1,1
18.900788000,0,1
18.900838560,0,0
18.901287840,1,0
18.901341600,1,1
18.901787840,0,1
18.901838720,0,0
18.902287840,1,0
18.902339040,1,1
18.902787840,0,1
18.902838880,0,0
18.903287840,1,0
18.903341440,1,1
18.903787680,0,1
18.903841280,0,0
18.904287680,1,0
18.904338720,1,1
18.904787680,0,1
18.904841600,0,0
18.905287680,1,0
18.905338880,1,1
18.905787680,0,1
18.905841440,0,0
18.906287520,1,0
18.906339200,1,1
18.906787520,0,1
18.906841120,0,0
18.907287520,1,0
18.907338560,1,1
18.907787520,0,1
18.907841600,0,0
18.908287520,1,0
18.908338240,1,1
18.908787520,0,1
18.908841600,0,0
18.909287360,1,0
18.909338400,1,1
18.909787360,0,1
18.909841280,0,0
18.910287360,1,0
18.910338400,1,1
18.910787360,0,1
18.910840800,0,0
18.911287360,1,0
18.911338560,1,1
18.911787360,0,1
18.911841280,0,0
18.912287200,1,0
18.912338240,1,1
18.912787200,0,1
18.912837760,0,0
18.913287200,1,0
18.913340960,1,1
18.913787200,0,1
18.913838560,0,0
18.914287040,1,0
18.914341280,1,1
18.914787040,0,1
18.914838400,0,0
18.915287040,1,0
18.915340480,1,1
18.915787040,0,1
18.915837760,0,0
18.916287040,1,0
18.916340960,1,1
18.916787040,0,1
18.916837920,0,0
18.917286880,1,0
18.917340160,1,1
18.917786880,0,1
18.917837920,0,0
18.918286880,1,0
18.918340640,1,1
18.918786880,0,1
18.918837920,0,0
18.919286880,1,0
18.919340640,1,1
18.919786880,0,1
18.919837600,0,0
18.920286720,1,0
18.920340640,1,1
18.920786720,0,1
18.920837600,0,0
18.921286720,1,0
18.921340320,1,1
18.921786720,0,1
18.921837760,0,0
18.922286720,1,0
18.922340160,1,1
18.922786560,0,1
18.922837600,0,0
18.923286560,1,0
18.923343360,1,1
18.923786560,0,1
18.923833440,0,0
18.924286560,1,0
18.924333280,1,1
18.924786560,0,1
18.924833600,0,0
18.925286400,1,0
18.925332960,1,1
18.925786400,0,1
18.925835360,0,0
18.926286400,1,0
18.926332320,1,1
18.926786400,0,1
18.926835680,0,0
18.927286400,1,0
18.927333120,1,1
18.927786400,0,1
18.927834880,0,0
18.928286240,1,0
18.928332320,1,1
18.928786240,0,1
18.928834880,0,0
18.929286240,1,0
18.929332800,1,1
18.929786240,0,1
18.929835680,0,0
18.930286240,1,0
18.930332640,1,1
18.930786240,0,1
18.930835200,0,0
18.931286080,1,0
18.931332800,1,1
18.931786080,0,1
18.931834720,0,0
18.932286080,1,0
18.932332640,1,1
18.932786080,0,1
18.932835520,0,0
18.933286080,1,0
18.933356160,1,1
18.933785920,0,1
18.933840960,0,0
18.934285920,1,0
18.934336640,1,1
18.934785920,0,1
18.934836320,0,0
18.935285920,1,0
18.935336160,1,1
18.935785920,0,1
18.935836000,0,0
18.936285760,1,0
18.936338720,1,1
18.936785760,0,1
18.936836000,0,0
18.937285760,1,0
18.937338400,1,1
18.937785760,0,1
18.937836000,0,0
18.938285760,1,0
18.938338400,1,1
18.938785760,0,1
18.938835840,0,0
18.939285600,1,0
18.939338080,1,1
18.939785600,0,1
18.939835520,0,0
18.940285600,1,0
18.940338240,1,1
18.940785600,0,1
18.940835840,0,0
18.941285600,1,0
18.941338720,1,1
18.941785600,0,1
18.941835680,0,0
18.942285440,1,0
18.942338400,1,1
18.942785440,0,1
18.942835840,0,0
18.943285440,1,0
18.943340960,1,1
18.943785440,0,1
18.943835840,0,0
18.944285440,1,0
18.944338240,1,1
18.944785280,0,1
18.944835680,0,0
18.945285280,1,0
18.945335040,1,1
18.945785280,0,1
18.945835360,0,0
18.946285280,1,0
18.946335520,1,1
18.946785280,0,1
18.946838080,0,0
18.947285120,1,0
18.947334880,1,1
18.947785120,0,1
18.947838080,0,0
18.948285120,1,0
18.948335360,1,1
18.948785120,0,1
18.948838080,0,0
18.949285120,1,0
18.949335040,1,1
18.949785120,0,1
18.949837920,0,0
18.950284960,1,0
18.950335040,1,1
18.950784960,0,1
18.950837920,0,0
18.951284960,1,0
18.951334880,1,1
18.951784960,0,1
18.951837920,0,0
18.952284960,1,0
18.952335040,1,1
18.952784960,0,1
18.952837920,0,0
18.953284800,1,0
18.953337760,1,1
18.953784800,0,1
18.953838080,0,0
18.954284800,1,0
18.954335360,1,1
18.954784800,0,1
18.954837920,0,0
18.955284800,1,0
18.955335040,1,1
18.955784640,0,1
18.955837280,0,0
18.956284640,1,0
18.956334720,1,1
18.956784640,0,1
18.956834720,0,0
18.957284640,1,0
18.957335360,1,1
18.957784640,0,1
18.957834720,0,0
18.958284480,1,0
18.958337440,1,1
18.958784480,0,1
18.958834400,0,0
18.959284480,1,0
18.959337120,1,1
18.959784480,0,1
18.959834400,0,0
18.960284480,1,0
18.960337440,1,1
18.960784480,0,1
18.960834240,0,0
18.961284320,1,0
18.961336800,1,1
18.961784320,0,1
18.961834560,0,0
18.962284320,1,0
18.962336960,1,1
18.962784320,0,1
18.962834240,0,0
18.963284320,1,0
18.963340000,1,1
18.963784320,0,1
18.963834720,0,0
18.964284160,1,0
18.964337120,1,1
18.964784160,0,1
18.964834560,0,0
18.965284160,1,0
18.965337440,1,1
18.965784160,0,1
18.965834080,0,0
18.966284160,1,0
18.966337120,1,1
18.966784000,0,1
18.966834400,0,0
18.967284000,1,0
18.967334240,1,1
18.967784000,0,1
18.967834400,0,0
18.968284000,1,0
18.968333760,1,1
18.968784000,0,1
18.968837120,0,0
18.969283840,1,0
18.969334240,1,1
18.969783840,0,1
18.969836640,0,0
18.970283840,1,0
18.970333920,1,1
18.970783840,0,1
18.970836640,0,0
18.971283840,1,0
18.971334080,1,1
18.971783840,0,1
18.971836320,0,0
18.972283680,1,0
18.972333760,1,1
18.972783680,0,1
18.972836800,0,0
18.973283680,1,0
18.973336480,1,1
18.973783680,0,1
18.973836800,0,0
18.974283680,1,0
18.974333760,1,1
18.974783680,0,1
18.974836800,0,0
18.975283520,1,0
18.975333280,1,1
18.975783520,0,1
18.975836480,0,0
18.976283520,1,0
18.976333760,1,1
18.976783520,0,1
18.976836480,0,0
18.977283360,1,0
18.977333440,1,1
18.977783360,0,1
18.977833440,0,0
18.978283360,1,0
18.978334080,1,1
18.978783360,0,1
18.978833440,0,0
18.979283360,1,0
18.979336320,1,1
18.979783360,0,1
18.979833120,0,0
18.980283200,1,0
18.980335840,1,1
18.980783200,0,1
18.980833280,0,0
18.981283200,1,0
18.981336160,1,1
18.981783200,0,1
18.981833440,0,0
18.982283200,1,0
18.982335520,1,1
18.982783200,0,1
18.982833280,0,0
18.983283040,1,0
18.983338720,1,1
18.983783040,0,1
18.983833440,0,0
18.984283040,1,0
18.984335680,1,1
18.984783040,0,1
18.984832960,0,0
18.985283040,1,0
18.985335360,1,1
18.985782880,0,1
18.985833120,0,0
18.986282880,1,0
18.986336160,1,1
18.986782880,0,1
18.986833280,0,0
18.987282880,1,0
18.987336160,1,1
18.987782880,0,1
18.987833120,0,0
18.988282720,1,0
18.988335840,1,1
18.988782720,0,1
18.988833280,0,0
18.989282720,1,0
18.989332800,1,1
18.989782720,0,1
18.989833440,0,0
18.990282720,1,0
18.990332480,1,1
18.990782720,0,1
18.990835360,0,0
18.991282560,1,0
18.991332640,1,1
18.991782560,0,1
18.991835200,0,0
18.992282560,1,0
18.992332800,1,1
18.992782560,0,1
18.992835200,0,0
18.993282560,1,0
18.993334720,1,1
18.993782560,0,1
18.993834720,0,0
18.994282400,1,0
18.994331520,1,1
18.994782400,0,1
18.994834080,0,0
18.995282400,1,0
18.995379200,1,1
18.995782400,0,1
18.995835680,0,0
18.996282400,1,0
18.996393280,1,1
18.996782240,0,1
18.996839680,0,0
18.997282240,1,0
18.997333440,1,1
18.997782240,0,1
18.997836000,0,0
18.998282240,1,0
18.998332480,1,1
18.998782240,0,1
18.998835360,0,0
18.999282080,1,0
18.999332800,1,1
18.999782080,0,1
18.999832480,0,0
19.000282080,1,0
19.000332960,1,1
19.000782080,0,1
19.000832480,0,0
19.001282080,1,0
19.001335200,1,1
19.001782080,0,1
19.001832160,0,0
19.002281920,1,0
19.002334880,1,1
19.002781920,0,1
19.002832640,0,0
19.003281920,1,0
19.003337600,1,1
19.003781920,0,1
19.003831520,0,0
19.004281920,1,0
19.004333920,1,1
19.004781920,0,1
19.004831040,0,0
19.005281760,1,0
19.005334080,1,1
19.005781760,0,1
19.005833920,0,0
19.006281760,1,0
19.006335840,1,1
19.006781760,0,1
19.006832480,0,0
19.007281760,1,0
19.007335840,1,1
19.007781600,0,1
19.007833280,0,0
19.008281600,1,0
19.008335520,1,1
19.008781600,0,1
19.008832320,0,0
19.009281600,1,0
19.009335840,1,1
19.009781600,0,1
19.009832480,0,0
19.010281440,1,0
19.010332480,1,1
19.010781440,0,1
19.010832960,0,0
19.011281440,1,0
19.011332480,1,1
19.011781440,0,1
19.011835200,0,0
19.012281440,1,0
19.012332160,1,1
19.012781440,0,1
19.012835200,0,0
19.013281280,1,0
19.013335040,1,1
19.013781280,0,1
19.013835520,0,0
19.014281280,1,0
19.014332320,1,1
19.014781280,0,1
19.014835040,0,0
19.015281280,1,0
19.015332320,1,1
19.015781280,0,1
19.015835040,0,0
19.016281120,1,0
19.016332160,1,1
19.016781120,0,1
19.016835040,0,0
19.017281120,1,0
19.017332480,1,1
19.017781120,0,1
19.017835040,0,0
19.018281120,1,0
19.018332160,1,1
19.018780960,0,1
19.018835040,0,0
19.019280960,1,0
19.019331200,1,1
19.019780960,0,1
19.019834880,0,0
19.020280960,1,0
19.020332160,1,1
19.020780960,0,1
19.020834240,0,0
19.021280800,1,0
19.021331520,1,1
19.021780800,0,1
19.021831840,0,0
19.022280800,1,0
19.022332000,1,1
19.022780800,0,1
19.022831520,0,0
19.023280800,1,0
19.023337120,1,1
19.023780800,0,1
19.023832000,0,0
19.024280640,1,0
19.024334560,1,1
19.024780640,0,1
19.024831520,0,0
19.025280640,1,0
19.025334080,1,1
19.025780640,0,1
19.025831680,0,0
19.026280640,1,0
19.026334560,1,1
19.026780640,0,1
19.026831520,0,0
19.027280480,1,0
19.027334720,1,1
19.027780480,0,1
19.027831200,0,0
19.028280480,1,0
19.028334080,1,1
19.028780480,0,1
19.028830880,0,0
19.029280480,1,0
19.029334560,1,1
19.029780320,0,1
19.029831200,0,0
19.030280320,1,0
19.030333600,1,1
19.030780320,0,1
19.030831200,0,0
19.031280320,1,0
19.031334400,1,1
19.031780320,0,1
19.031830880,0,0
19.032280160,1,0
19.032331360,1,1
19.032780160,0,1
19.032831520,0,0
19.033280160,1,0
19.033334400,1,1
19.033780160,0,1
19.033829600,0,0
19.034280160,1,0
19.034326400,1,1
19.034780160,0,1
19.034829120,0,0
19.035280000,1,0
19.035326720,1,1
19.035780000,0,1
19.035828800,0,0
19.036280000,1,0
19.036326240,1,1
19.036780000,0,1
19.036828800,0,0
19.037280000,1,0
19.037327040,1,1
19.037780000,0,1
19.037829280,0,0
19.038279840,1,0
19.038326080,1,1
19.038779840,0,1
19.038829120,0,0
19.039279840,1,0
19.039326560,1,1
19.039779840,0,1
19.039828960,0,0
19.040279680,1,0
19.040326400,1,1
19.040779680,0,1
19.040829280,0,0
19.041279680,1,0
19.041326560,1,1
19.041779680,0,1
19.041829120,0,0
19.042279680,1,0
19.042326080,1,1
19.042779680,0,1
19.042826400,0,0
19.043279520,1,0
19.043338240,1,1
19.043779520,0,1
19.043830400,0,0
19.044279520,1,0
19.044332320,1,1
19.044779520,0,1
19.044830080,0,0
19.045279520,1,0
19.045332320,1,1
19.045779520,0,1
19.045829600,0,0
19.046279360,1,0
19.046332000,1,1
19.046779360,0,1
19.046829280,0,0
19.047279360,1,0
19.047332160,1,1
19.047779360,0,1
19.047829760,0,0
19.048279360,1,0
19.048332160,1,1
19.048779200,0,1
19.048829600,0,0
19.049279200,1,0
19.049332480,1,1
19.049779200,0,1
19.049829760,0,0
19.050279200,1,0
19.050332000,1,1
19.050779200,0,1
19.050829440,0,0
19.051279040,1,0
19.051331840,1,1
19.051779040,0,1
19.051829600,0,0
19.052279040,1,0
19.052332480,1,1
19.052779040,0,1
19.052829440,0,0
19.053279040,1,0
19.053333920,1,1
19.053779040,0,1
19.053828960,0,0
19.054278880,1,0
19.054328160,1,1
19.054778880,0,1
19.054831040,0,0
19.055278880,1,0
19.055327840,1,1
19.055778880,0,1
19.055830720,0,0
19.056278880,1,0
19.056328320,1,1
19.056778880,0,1
19.056830560,0,0
19.057278720,1,0
19.057328160,1,1
19.057778720,0,1
19.057832800,0,0
19.058278720,1,0
19.058329600,1,1
19.058778720,0,1
19.058908320,0,0
19.059278720,1,0
19.059330720,1,1
19.059778560,0,1
19.059832480,0,0
19.060278560,1,0
19.060329760,1,1
19.060778560,0,1
19.060832320,0,0
19.061278560,1,0
19.061328800,1,1
19.061778560,0,1
19.061831840,0,0
19.062278400,1,0
19.062328640,1,1
19.062778400,0,1
19.062832000,0,0
19.063278400,1,0
19.063332160,1,1
19.063778400,0,1
19.063831200,0,0
19.064278400,1,0
19.064327840,1,1
19.064778400,0,1
19.064827680,0,0
19.065278240,1,0
19.065327680,1,1
19.065778240,0,1
19.065827520,0,0
19.066278240,1,0
19.066330080,1,1
19.066778240,0,1
19.066827680,0,0
19.067278240,1,0
19.067330080,1,1
19.067778240,0,1
19.067827360,0,0
19.068278080,1,0
19.068332800,1,1
19.068778080,0,1
19.068828640,0,0
19.069278080,1,0
19.069331040,1,1
19.069778080,0,1
19.069828160,0,0
19.070278080,1,0
19.070331200,1,1
19.070777920,0,1
19.070828640,0,0
19.071277920,1,0
19.071330720,1,1
19.071777920,0,1
19.071828480,0,0
19.072277920,1,0
19.072331040,1,1
19.072777920,0,1
19.072828320,0,0
19.073277760,1,0
19.073334880,1,1
19.073777760,0,1
19.073828160,0,0
19.074277760,1,0
19.074330880,1,1
19.074777760,0,1
19.074828160,0,0
19.075277760,1,0
19.075327680,1,1
19.075777760,0,1
19.075827680,0,0
19.076277600,1,0
19.076327840,1,1
19.076777600,0,1
19.076830560,0,0
19.077277600,1,0
19.077328000,1,1
19.077777600,0,1
19.077830720,0,0
19.078277600,1,0
19.078327840,1,1
19.078777600,0,1
19.078830400,0,0
19.079277440,1,0
19.079327520,1,1
19.079777440,0,1
19.079830720,0,0
19.080277440,1,0
19.080327840,1,1
19.080777440,0,1
19.080830720,0,0
19.081277440,1,0
19.081327520,1,1
19.081777280,0,1
19.081830880,0,0
19.082277280,1,0
19.082327360,1,1
19.082777280,0,1
19.082830560,0,0
19.083277280,1,0
19.083331200,1,1
19.083777280,0,1
19.083830720,0,0
19.084277120,1,0
19.084327840,1,1
19.084777120,0,1
19.084830560,0,0
19.085277120,1,0
19.085327360,1,1
19.085777120,0,1
19.085827520,0,0
19.086277120,1,0
19.086327360,1,1
19.086777120,0,1
19.086827360,0,0
19.087276960,1,0
19.087329920,1,1
19.087776960,0,1
19.087827520,0,0
19.088276960,1,0
19.088330720,1,1
19.088776960,0,1
19.088827840,0,0
19.089276960,1,0
19.089329920,1,1
19.089776960,0,1
19.089826880,0,0
19.090276800,1,0
19.090329440,1,1
19.090776800,0,1
19.090827040,0,0
19.091276800,1,0
19.091329280,1,1
19.091776800,0,1
19.091827040,0,0
19.092276800,1,0
19.092329600,1,1
19.092776640,0,1
19.092827200,0,0
19.093276640,1,0
19.093334720,1,1
19.093776640,0,1
19.093826560,0,0
19.094276640,1,0
19.094329600,1,1
19.094776640,0,1
19.094826880,0,0
19.095276480,1,0
19.095329760,1,1
19.095776480,0,1
19.095826560,0,0
19.096276480,1,0
19.096330080,1,1
19.096776480,0,1
19.096826560,0,0
19.097276480,1,0
19.097326880,1,1
19.097776480,0,1
19.097826720,0,0
19.098276320,1,0
19.098326400,1,1
19.098776320,0,1
19.098828960,0,0
19.099276320,1,0
19.099326720,1,1
19.099776320,0,1
19.099829280,0,0
19.100276320,1,0
19.100326400,1,1
19.100776320,0,1
19.100829760,0,0
19.101276160,1,0
19.101326720,1,1
19.101776160,0,1
19.101829120,0,0
19.102276160,1,0
19.102326720,1,1
19.102776160,0,1
19.102828960,0,0
19.103276000,1,0
19.103329760,1,1
19.103776000,0,1
19.103829760,0,0
19.104276000,1,0
19.104325920,1,1
19.104776000,0,1
19.104829280,0,0
19.105276000,1,0
19.105326240,1,1
19.105776000,0,1
19.105829120,0,0
19.106275840,1,0
19.106326400,1,1
19.106775840,0,1
19.106828960,0,0
19.107275840,1,0
19.107326080,1,1
19.107775840,0,1
19.107825760,0,0
19.108275840,1,0
19.108325920,1,1
19.108775840,0,1
19.108825920,0,0
19.109275680,1,0
19.109328320,1,1
19.109775680,0,1
19.109825760,0,0
19.110275680,1,0
19.110328000,1,1
19.110775680,0,1
19.110825920,0,0
19.111275680,1,0
19.111328000,1,1
19.111775680,0,1
19.111826400,0,0
19.112275520,1,0
19.112328160,1,1
19.112775520,0,1
19.112825920,0,0
19.113275520,1,0
19.113331200,1,1
19.113775520,0,1
19.113825920,0,0
19.114275360,1,0
19.114328480,1,1
19.114775360,0,1
19.114825760,0,0
19.115275360,1,0
19.115328000,1,1
19.115775360,0,1
19.115825920,0,0
19.116275360,1,0
19.116328480,1,1
19.116775360,0,1
19.116825760,0,0
19.117275200,1,0
19.117328320,1,1
19.117775200,0,1
19.117825920,0,0
19.118275200,1,0
19.118325440,1,1
19.118775200,0,1
19.118825600,0,0
19.119275200,1,0
19.119325440,1,1
19.119775200,0,1
19.119828160,0,0
19.120275040,1,0
19.120325760,1,1
19.120775040,0,1
19.120827680,0,0
19.121275040,1,0
19.121325440,1,1
19.121775040,0,1
19.121827680,0,0
19.122275040,1,0
19.122325280,1,1
19.122774880,0,1
19.122828000,0,0
19.123274880,1,0
19.123330880,1,1
19.123774880,0,1
19.123840960,0,0
19.124274880,1,0
19.124329920,1,1
19.124774880,0,1
19.124828800,0,0
19.125274720,1,0
19.125325920,1,1
19.125774720,0,1
19.125828640,0,0
19.126274720,1,0
19.126324960,1,1
19.126774720,0,1
19.126830880,0,0
19.127274720,1,0
19.127328800,1,1
19.127774720,0,1
19.127835200,0,0
19.128274560,1,0
19.128325440,1,1
19.128774560,0,1
19.128827840,0,0
19.129274560,1,0
19.129324960,1,1
19.129774560,0,1
19.129826240,0,0
19.130274560,1,0
19.130324960,1,1
19.130774560,0,1
19.130827840,0,0
19.131274400,1,0
19.131327680,1,1
19.131774400,0,1
19.131827840,0,0
19.132274400,1,0
19.132327040,1,1
19.132774400,0,1
19.132824640,0,0
19.133274400,1,0
19.133347200,1,1
19.133774240,0,1
19.133825440,0,0
19.134274240,1,0
19.134327040,1,1
19.134774240,0,1
19.134826400,0,0
19.135274240,1,0
19.135328640,1,1
19.135774240,0,1
19.135827200,0,0
19.136274080,1,0
19.136327520,1,1
19.136774080,0,1
19.136824640,0,0
19.137274080,1,0
19.137327200,1,1
19.137774080,0,1
19.137824480,0,0
19.138274080,1,0
19.138327520,1,1
19.138774080,0,1
19.138824160,0,0
19.139273920,1,0
19.139327360,1,1
19.139773920,0,1
19.139824160,0,0
19.140273920,1,0
19.140324160,1,1
19.140773920,0,1
19.140824320,0,0
19.141273920,1,0
19.141324000,1,1
19.141773920,0,1
19.141826720,0,0
19.142273760,1,0
19.142324160,1,1
19.142773760,0,1
19.142826880,0,0
19.143273760,1,0
19.143329440,1,1
19.143773760,0,1
19.143826720,0,0
19.144273760,1,0
19.144324160,1,1
19.144773600,0,1
19.144826560,0,0
19.145273600,1,0
19.145324160,1,1
19.145773600,0,1
19.145826560,0,0
19.146273600,1,0
19.146323840,1,1
19.146773600,0,1
19.146826560,0,0
19.147273440,1,0
19.147323840,1,1
19.147773440,0,1
19.147826880,0,0
19.148273440,1,0
19.148323520,1,1
19.148773440,0,1
19.148826720,0,0
19.149273440,1,0
19.149323680,1,1
19.149773440,0,1
19.149826560,0,0
19.150273280,1,0
19.150324000,1,1
19.150773280,0,1
19.150823520,0,0
19.151273280,1,0
19.151323680,1,1
19.151773280,0,1
19.151823680,0,0
19.152273280,1,0
19.152325760,1,1
19.152773280,0,1
19.152823360,0,0
19.153273120,1,0
19.153329600,1,1
19.153773120,0,1
19.153823680,0,0
19.154273120,1,0
19.154325920,1,1
19.154773120,0,1
19.154823680,0,0
19.155273120,1,0
19.155325920,1,1
19.155772960,0,1
19.155823520,0,0
19.156272960,1,0
19.156326080,1,1
19.156772960,0,1
19.156823680,0,0
19.157272960,1,0
19.157326240,1,1
19.157772960,0,1
19.157823360,0,0
19.158272800,1,0
19.158325920,1,1
19.158772800,0,1
19.158823040,0,0
19.159272800,1,0
19.159325920,1,1
19.159772800,0,1
19.159823200,0,0
19.160272800,1,0
19.160325920,1,1
19.160772800,0,1
19.160822880,0,0
19.161272640,1,0
19.161325600,1,1
19.161772640,0,1
19.161822720,0,0
19.162272640,1,0
19.162323040,1,1
19.162772640,0,1
19.162822880,0,0
19.163272640,1,0
19.163324800,1,1
19.163772640,0,1
19.163824960,0,0
19.164272480,1,0
19.164321600,1,1
19.164772480,0,1
19.164824320,0,0
19.165272480,1,0
19.165321920,1,1
19.165772480,0,1
19.165824160,0,0
19.166272320,1,0
19.166321760,1,1
19.166772320,0,1
19.166824000,0,0
19.167272320,1,0
19.167321440,1,1
19.167772320,0,1
19.167824160,0,0
19.168272320,1,0
19.168321760,1,1
19.168772320,0,1
19.168824800,0,0
19.169272160,1,0
19.169321600,1,1
19.169772160,0,1
19.169824320,0,0
19.170272160,1,0
19.170329440,1,1
19.170772160,0,1
19.170827360,0,0
19.171272160,1,0
19.171409600,1,1
19.171772160,0,1
19.171827680,0,0
19.172272000,1,0
19.172323200,1,1
19.172772000,0,1
19.172822880,0,0
19.173272000,1,0
19.173326080,1,1
19.173772000,0,1
19.173822560,0,0
19.174272000,1,0
19.174324480,1,1
19.174772000,0,1
19.174821440,0,0
19.175271840,1,0
19.175323840,1,1
19.175771840,0,1
19.175821120,0,0
19.176271840,1,0
19.176323360,1,1
19.176771840,0,1
19.176821440,0,0
19.177271680,1,0
19.177323840,1,1
19.177771680,0,1
19.177820480,0,0
19.178271680,1,0
19.178323840,1,1
19.178771680,0,1
19.178820960,0,0
19.179271680,1,0
19.179324000,1,1
19.179771680,0,1
19.179820960,0,0
19.180271520,1,0
19.180323840,1,1
19.180771520,0,1
19.180863200,0,0
19.181271520,1,0
19.181326720,1,1
19.181771520,0,1
19.181822400,0,0
19.182271520,1,0
19.182325280,1,1
19.182771520,0,1
19.182822720,0,0
19.183271360,1,0
19.183325280,1,1
19.183771360,0,1
19.183822720,0,0
19.184271360,1,0
19.184321920,1,1
19.184771360,0,1
19.184824640,0,0
19.185271360,1,0
19.185321920,1,1
19.185771200,0,1
19.185824960,0,0
19.186271200,1,0
19.186323200,1,1
19.186771200,0,1
19.186825600,0,0
19.187271200,1,0
19.187322560,1,1
19.187771200,0,1
19.187825440,0,0
19.188271040,1,0
19.188322080,1,1
19.188771040,0,1
19.188825440,0,0
19.189271040,1,0
19.189322240,1,1
19.189771040,0,1
19.189825440,0,0
19.190271040,1,0
19.190322400,1,1
19.190771040,0,1
19.190825280,0,0
19.191270880,1,0
19.191322080,1,1
19.191770880,0,1
19.191825280,0,0
19.192270880,1,0
19.192322080,1,1
19.192770880,0,1
19.192825440,0,0
19.193270880,1,0
19.193326080,1,1
19.193770880,0,1
19.193824800,0,0
19.194270720,1,0
19.194322080,1,1
19.194770720,0,1
19.194822080,0,0
19.195270720,1,0
19.195322080,1,1
19.195770720,0,1
19.195821600,0,0
19.196270720,1,0
19.196324160,1,1
19.196770560,0,1
19.196821440,0,0
19.197270560,1,0
19.197324320,1,1
19.197770560,0,1
19.197821440,0,0
19.198270560,1,0
19.198324000,1,1
19.198770560,0,1
19.198821760,0,0
19.199270400,1,0
19.199324000,1,1
19.199770400,0,1
19.199821760,0,0
19.200270400,1,0
19.200324320,1,1
19.200770400,0,1
19.200821440,0,0
19.201270400,1,0
19.201324160,1,1
19.201770400,0,1
19.201821120,0,0
19.202270240,1,0
19.202324160,1,1
19.202770240,0,1
19.202821280,0,0
19.203270240,1,0
19.203327840,1,1
19.203770240,0,1
19.203820800,0,0
19.204270240,1,0
19.204324480,1,1
19.204770240,0,1
19.204821440,0,0
19.205270080,1,0
19.205321120,1,1
19.205770080,0,1
19.205821760,0,0
19.206270080,1,0
19.206321280,1,1
19.206770080,0,1
19.206823840,0,0
19.207270080,1,0
19.207321440,1,1
19.207769920,0,1
19.207823680,0,0
19.208269920,1,0
19.208320800,1,1
19.208769920,0,1
19.208823360,0,0
19.209269920,1,0
19.209321280,1,1
19.209769920,0,1
19.209824160,0,0
19.210269760,1,0
19.210320960,1,1
19.210769760,0,1
19.210823680,0,0
19.211269760,1,0
19.211320800,1,1
19.211769760,0,1
19.211824320,0,0
19.212269760,1,0
19.212320640,1,1
19.212769760,0,1
19.212823680,0,0
19.213269600,1,0
19.213324960,1,1
19.213769600,0,1
19.213824160,0,0
19.214269600,1,0
19.214320960,1,1
19.214769600,0,1
19.214823520,0,0
19.215269600,1,0
19.215320160,1,1
19.215769600,0,1
19.215820480,0,0
19.216269440,1,0
19.216320640,1,1
19.216769440,0,1
19.216820640,0,0
19.217269440,1,0
19.217323200,1,1
19.217769440,0,1
19.217820800,0,0
19.218269440,1,0
19.218322720,1,1
19.218769280,0,1
19.218820480,0,0
19.219269280,1,0
19.219323360,1,1
19.219769280,0,1
19.219820000,0,0
19.220269280,1,0
19.220323040,1,1
19.220769280,0,1
19.220820320,0,0
19.221269120,1,0
19.221322400,1,1
19.221769120,0,1
19.221820480,0,0
19.222269120,1,0
19.222323200,1,1
19.222769120,0,1
19.222820160,0,0
19.223269120,1,0
19.223325760,1,1
19.223769120,0,1
19.223820960,0,0
19.224268960,1,0
19.224322880,1,1
19.224768960,0,1
19.224820000,0,0
19.225268960,1,0
19.225322880,1,1
19.225768960,0,1
19.225820160,0,0
19.226268960,1,0
19.226322880,1,1
19.226768960,0,1
19.226820000,0,0
19.227268800,1,0
19.227319680,1,1
19.227768800,0,1
19.227820480,0,0
19.228268800,1,0
19.228319840,1,1
19.228768800,0,1
19.228823200,0,0
19.229268800,1,0
19.229319840,1,1
19.229768640,0,1
19.229822720,0,0
19.230268640,1,0
19.230319840,1,1
19.230768640,0,1
19.230822560,0,0
19.231268640,1,0
19.231319680,1,1
19.231768640,0,1
19.231821920,0,0
19.232268480,1,0
19.232319680,1,1
19.232768480,0,1
19.232822560,0,0
19.233268480,1,0
19.233322560,1,1
19.233768480,0,1
19.233822560,0,0
19.234268480,1,0
19.234319200,1,1
19.234768480,0,1
19.234822560,0,0
19.235268320,1,0
19.235319520,1,1
19.235768320,0,1
19.235822240,0,0
19.236268320,1,0
19.236319680,1,1
19.236768320,0,1
19.236822400,0,0
19.237268320,1,0
19.237319360,1,1
19.237768320,0,1
19.237819200,0,0
19.238268160,1,0
19.238319680,1,1
19.238768160,0,1
19.238819520,0,0
19.239268160,1,0
19.239321920,1,1
19.239768160,0,1
19.239819040,0,0
19.240268000,1,0
19.240321920,1,1
19.240768000,0,1
19.240819200,0,0
19.241268000,1,0
19.241322080,1,1
19.241768000,0,1
19.241819200,0,0
19.242268000,1,0
19.242321760,1,1
19.242768000,0,1
19.242819040,0,0
19.243267840,1,0
19.243324480,1,1
19.243767840,0,1
19.243818880,0,0
19.244267840,1,0
19.244321600,1,1
19.244767840,0,1
19.244819360,0,0
19.245267840,1,0
19.245321440,1,1
19.245767840,0,1
19.245818720,0,0
19.246267680,1,0
19.246321760,1,1
19.246767680,0,1
19.246818560,0,0
19.247267680,1,0
19.247321280,1,1
19.247767680,0,1
19.247818720,0,0
19.248267680,1,0
19.248318400,1,1
19.248767680,0,1
19.248818560,0,0
19.249267520,1,0
19.249318880,1,1
19.249767520,0,1
19.249821760,0,0
19.250267520,1,0
19.250319200,1,1
19.250767520,0,1
19.250821280,0,0
19.251267360,1,0
19.251318400,1,1
19.251767360,0,1
19.251820960,0,0
19.252267360,1,0
19.252318720,1,1
19.252767360,0,1
19.252824000,0,0
19.253267360,1,0
19.253324160,1,1
19.253767360,0,1
19.253821920,0,0
19.254267200,1,0
19.254319040,1,1
19.254767200,0,1
19.254821760,0,0
19.255267200,1,0
19.255318240,1,1
19.255767200,0,1
19.255821440,0,0
19.256267200,1,0
19.256318240,1,1
19.256767200,0,1
19.256821280,0,0
19.257267040,1,0
19.257318080,1,1
19.257767040,0,1
19.257821280,0,0
19.258267040,1,0
19.258318240,1,1
19.258767040,0,1
19.258820480,0,0
19.259267040,1,0
19.259318080,1,1
19.259766880,0,1
19.259818080,0,0
19.260266880,1,0
19.260318240,1,1
19.260766880,0,1
19.260817920,0,0
19.261266880,1,0
19.261320480,1,1
19.261766880,0,1
19.261818720,0,0
19.262266720,1,0
19.262320480,1,1
19.262766720,0,1
19.262817600,0,0
19.263266720,1,0
19.263323520,1,1
19.263766720,0,1
19.263817920,0,0
19.264266720,1,0
19.264320160,1,1
19.264766720,0,1
19.264817920,0,0
19.265266560,1,0
19.265320960,1,1
19.265766560,0,1
19.265817280,0,0
19.266266560,1,0
19.266320480,1,1
19.266766560,0,1
19.266817600,0,0
19.267266560,1,0
19.267320320,1,1
19.267766560,0,1
19.267817600,0,0
19.268266400,1,0
19.268320320,1,1
19.268766400,0,1
19.268817600,0,0
19.269266400,1,0
19.269320640,1,1
19.269766400,0,1
19.269817440,0,0
19.270266400,1,0
19.270317440,1,1
19.270766240,0,1
19.270817280,0,0
19.271266240,1,0
19.271317440,1,1
19.271766240,0,1
19.271820480,0,0
19.272266240,1,0
19.272317280,1,1
19.272766240,0,1
19.272819840,0,0
19.273266080,1,0
19.273320480,1,1
19.273766080,0,1
19.273815200,0,0
19.274266080,1,0
19.274312960,1,1
19.274766080,0,1
19.274815040,0,0
19.275266080,1,0
19.275312640,1,1
19.275766080,0,1
19.275815520,0,0
19.276265920,1,0
19.276312960,1,1
19.276765920,0,1
19.276815520,0,0
19.277265920,1,0
19.277312160,1,1
19.277765920,0,1
19.277815040,0,0
19.278265920,1,0
19.278312480,1,1
19.278765920,0,1
19.278815200,0,0
19.279265760,1,0
19.279312320,1,1
19.279765760,0,1
19.279815040,0,0
19.280265760,1,0
19.280312480,1,1
19.280765760,0,1
19.280812160,0,0
19.281265760,1,0
19.281312480,1,1
19.281765600,0,1
19.281812480,0,0
19.282265600,1,0
19.282314240,1,1
19.282765600,0,1
19.282812640,0,0
19.283265600,1,0
19.283409280,1,1
19.283765600,0,1
19.283819520,0,0
19.284265440,1,0
19.284320160,1,1
19.284765440,0,1
19.284816640,0,0
19.285265440,1,0
19.285319040,1,1
19.285765440,0,1
19.285816480,0,0
19.286265440,1,0
19.286319200,1,1
19.286765440,0,1
19.286816320,0,0
19.287265280,1,0
19.287318880,1,1
19.287765280,0,1
19.287816480,0,0
19.288265280,1,0
19.288319200,1,1
19.288765280,0,1
19.288816480,0,0
19.289265280,1,0
19.289319360,1,1
19.289765280,0,1
19.289816480,0,0
19.290265120,1,0
19.290319040,1,1
19.290765120,0,1
19.290816480,0,0
19.291265120,1,0
19.291319520,1,1
19.291765120,0,1
19.291816000,0,0
19.292265120,1,0
19.292315520,1,1
19.292764960,0,1
19.292816160,0,0
19.293264960,1,0
19.293321920,1,1
19.293764960,0,1
19.293818240,0,0
19.294264960,1,0
19.294315680,1,1
19.294764960,0,1
19.294818560,0,0
19.295264800,1,0
19.295315680,1,1
19.295764800,0,1
19.295818880,0,0
19.296264800,1,0
19.296315840,1,1
19.296764800,0,1
19.296818560,0,0
19.297264800,1,0
19.297315680,1,1
19.297764800,0,1
19.297818240,0,0
19.298264640,1,0
19.298315520,1,1
19.298764640,0,1
19.298818720,0,0
19.299264640,1,0
19.299316000,1,1
19.299764640,0,1
19.299818400,0,0
19.300264640,1,0
19.300316000,1,1
19.300764640,0,1
19.300818880,0,0
19.301264480,1,0
19.301315520,1,1
19.301764480,0,1
19.301818720,0,0
19.302264480,1,0
19.302315360,1,1
19.302764480,0,1
19.302815520,0,0
19.303264480,1,0
19.303318720,1,1
19.303764320,0,1
19.303815360,0,0
19.304264320,1,0
19.304317600,1,1
19.304764320,0,1
19.304815040,0,0
19.305264320,1,0
19.305317920,1,1
19.305764320,0,1
19.305815200,0,0
19.306264160,1,0
19.306317920,1,1
19.306764160,0,1
19.306815360,0,0
19.307264160,1,0
19.307317920,1,1
19.307764160,0,1
19.307815360,0,0
19.308264160,1,0
19.308317920,1,1
19.308764160,0,1
19.308814560,0,0
19.309264000,1,0
19.309317920,1,1
19.309764000,0,1
19.309815040,0,0
19.310264000,1,0
19.310317920,1,1
19.310764000,0,1
19.310815040,0,0
19.311264000,1,0
19.311317760,1,1
19.311764000,0,1
19.311815040,0,0
19.312263840,1,0
19.312317600,1,1
19.312763840,0,1
19.312814560,0,0
19.313263840,1,0
19.313317760,1,1
19.313763840,0,1
19.313814720,0,0
19.314263840,1,0
19.314314880,1,1
19.314763680,0,1
19.314816800,0,0
19.315263680,1,0
19.315314720,1,1
19.315763680,0,1
19.315817280,0,0
19.316263680,1,0
19.316314400,1,1
19.316763680,0,1
19.316816960,0,0
19.317263520,1,0
19.317314400,1,1
19.317763520,0,1
19.317816960,0,0
19.318263520,1,0
19.318314240,1,1
19.318763520,0,1
19.318817120,0,0
19.319263520,1,0
19.319314240,1,1
19.319763520,0,1
19.319817600,0,0
19.320263360,1,0
19.320314240,1,1
19.320763360,0,1
19.320817120,0,0
19.321263360,1,0
19.321314560,1,1
19.321763360,0,1
19.321817280,0,0
19.322263360,1,0
19.322314400,1,1
19.322763360,0,1
19.322817280,0,0
19.323263200,1,0
19.323316480,1,1
19.323763200,0,1
19.323817120,0,0
19.324263200,1,0
19.324314080,1,1
19.324763200,0,1
19.324813920,0,0
19.325263040,1,0
19.325314400,1,1
19.325763040,0,1
19.325813920,0,0
19.326263040,1,0
19.326316640,1,1
19.326763040,0,1
19.326813920,0,0
19.327263040,1,0
19.327316960,1,1
19.327763040,0,1
19.327814400,0,0
19.328262880,1,0
19.328316640,1,1
19.328762880,0,1
19.328814240,0,0
19.329262880,1,0
19.329316320,1,1
19.329762880,0,1
19.329813920,0,0
19.330262880,1,0
19.330316960,1,1
19.330762880,0,1
19.330813600,0,0
19.331262720,1,0
19.331316480,1,1
19.331762720,0,1
19.331813920,0,0
19.332262720,1,0
19.332316320,1,1
19.332762720,0,1
19.332813760,0,0
19.333262720,1,0
19.333322560,1,1
19.333762720,0,1
19.333814240,0,0
19.334262560,1,0
19.334384640,1,1
19.334762560,0,1
19.334815840,0,0
19.335262560,1,0
19.335314400,1,1
19.335762560,0,1
19.335813760,0,0
19.336262400,1,0
19.336312640,1,1
19.336762400,0,1
19.336816160,0,0
19.337262400,1,0
19.337313440,1,1
19.337762400,0,1
19.337816160,0,0
19.338262400,1,0
19.338313600,1,1
19.338762400,0,1
19.338816640,0,0
19.339262240,1,0
19.339313280,1,1
19.339762240,0,1
19.339816160,0,0
19.340262240,1,0
19.340313600,1,1
19.340762240,0,1
19.340816160,0,0
19.341262240,1,0
19.341313280,1,1
19.341762240,0,1
19.341816160,0,0
19.342262080,1,0
19.342352320,1,1
19.342762080,0,1
19.342817760,0,0
19.343262080,1,0
19.343315680,1,1
19.343762080,0,1
19.343816160,0,0
19.344262080,1,0
19.344313920,1,1
19.344761920,0,1
19.344816000,0,0
19.345261920,1,0
19.345312960,1,1
19.345761920,0,1
19.345812960,0,0
19.346261920,1,0
19.346312800,1,1
19.346761920,0,1
19.346813120,0,0
19.347261760,1,0
19.347315520,1,1
19.347761760,0,1
19.347812960,0,0
19.348261760,1,0
19.348315360,1,1
19.348761760,0,1
19.348813280,0,0
19.349261760,1,0
19.349315680,1,1
19.349761760,0,1
19.349812640,0,0
19.350261600,1,0
19.350314880,1,1
19.350761600,0,1
19.350812480,0,0
19.351261600,1,0
19.351315360,1,1
19.351761600,0,1
19.351812640,0,0
19.352261600,1,0
19.352315360,1,1
19.352761600,0,1
19.352812640,0,0
19.353261440,1,0
19.353322080,1,1
19.353761440,0,1
19.353812800,0,0
19.354261440,1,0
19.354323040,1,1
19.354761440,0,1
19.354812800,0,0
19.355261440,1,0
19.355315520,1,1
19.355761280,0,1
19.355812640,0,0
19.356261280,1,0
19.356315520,1,1
19.356761280,0,1
19.356812320,0,0
19.357261280,1,0
19.357312160,1,1
19.357761280,0,1
19.357812800,0,0
19.358261120,1,0
19.358311680,1,1
19.358761120,0,1
19.358815200,0,0
19.359261120,1,0
19.359312640,1,1
19.359761120,0,1
19.359814720,0,0
19.360261120,1,0
19.360312160,1,1
19.360761120,0,1
19.360815200,0,0
19.361260960,1,0
19.361311840,1,1
19.361760960,0,1
19.361814400,0,0
19.362260960,1,0
19.362334240,1,1
19.362760960,0,1
19.362816160,0,0
19.363260960,1,0
19.363313600,1,1
19.363760960,0,1
19.363814560,0,0
19.364260800,1,0
19.364312160,1,1
19.364760800,0,1
19.364814560,0,0
19.365260800,1,0
19.365312000,1,1
19.365760800,0,1
19.365814400,0,0
19.366260800,1,0
19.366312160,1,1
19.366760640,0,1
19.366814240,0,0
19.367260640,1,0
19.367311520,1,1
19.367760640,0,1
19.367811520,0,0
19.368260640,1,0
19.368471520,1,1
19.368760640,0,1
19.368812800,0,0
19.369260480,1,0
19.369314560,1,1
19.369760480,0,1
19.369811520,0,0
19.370260480,1,0
19.370313760,1,1
19.370760480,0,1
19.370811200,0,0
19.371260480,1,0
19.371313760,1,1
19.371760480,0,1
19.371811520,0,0
19.372260320,1,0
19.372313760,1,1
19.372760320,0,1
19.372811200,0,0
19.373260320,1,0
19.373319520,1,1
19.373760320,0,1
19.373810720,0,0
19.374260320,1,0
19.374313440,1,1
19.374760320,0,1
19.374811040,0,0
19.375260160,1,0
19.375314080,1,1
19.375760160,0,1
19.375811200,0,0
19.376260160,1,0
19.376313280,1,1
19.376760160,0,1
19.376810880,0,0
19.377260160,1,0
19.377313440,1,1
19.377760000,0,1
19.377810880,0,0
19.378260000,1,0
19.378310880,1,1
19.378760000,0,1
19.378810720,0,0
19.379260000,1,0
19.379310720,1,1
19.379760000,0,1
19.379813600,0,0
19.380259840,1,0
19.380310880,1,1
19.380759840,0,1
19.380813280,0,0
19.381259840,1,0
19.381310400,1,1
19.381759840,0,1
19.381813280,0,0
19.382259840,1,0
19.382310720,1,1
19.382759840,0,1
19.382812960,0,0
19.383259680,1,0
19.383314080,1,1
19.383759680,0,1
19.383813920,0,0
19.384259680,1,0
19.384310080,1,1
19.384759680,0,1
19.384813920,0,0
19.385259680,1,0
19.385310240,1,1
19.385759680,0,1
19.385813120,0,0
19.386259520,1,0
19.386310560,1,1
19.386759520,0,1
19.386813280,0,0
19.387259520,1,0
19.387310560,1,1
19.387759520,0,1
19.387813760,0,0
19.388259520,1,0
19.388309920,1,1
19.388759360,0,1
19.388810400,0,0
19.389259360,1,0
19.389310720,1,1
19.389759360,0,1
19.389810400,0,0
19.390259360,1,0
19.390312320,1,1
19.390759360,0,1
19.390810400,0,0
19.391259200,1,0
19.391312640,1,1
19.391759200,0,1
19.391810080,0,0
19.392259200,1,0
19.392312800,1,1
19.392759200,0,1
19.392810240,0,0
19.393259200,1,0
19.393315840,1,1
19.393759200,0,1
19.393810400,0,0
19.394259040,1,0
19.394312160,1,1
19.394759040,0,1
19.394810080,0,0
19.395259040,1,0
19.395312640,1,1
19.395759040,0,1
19.395810240,0,0
19.396259040,1,0
19.396312960,1,1
19.396759040,0,1
19.396809920,0,0
19.397258880,1,0
19.397312480,1,1
19.397758880,0,1
19.397809920,0,0
19.398258880,1,0
19.398312640,1,1
19.398758880,0,1
19.398809280,0,0
19.399258880,1,0
19.399312960,1,1
19.399758720,0,1
19.399809760,0,0
19.400258720,1,0
19.400309600,1,1
19.400758720,0,1
19.400809440,0,0
19.401258720,1,0
19.401309440,1,1
19.401758720,0,1
19.401812480,0,0
19.402258560,1,0
19.402309120,1,1
19.402758560,0,1
19.402812320,0,0
19.403258560,1,0
19.403312320,1,1
19.403758560,0,1
19.403812320,0,0
19.404258560,1,0
19.404309440,1,1
19.404758560,0,1
19.404812000,0,0
19.405258400,1,0
19.405310080,1,1
19.405758400,0,1
19.405812640,0,0
19.406258400,1,0
19.406309120,1,1
19.406758400,0,1
19.406812160,0,0
19.407258400,1,0
19.407309280,1,1
19.407758400,0,1
19.407812160,0,0
19.408258240,1,0
19.408309120,1,1
19.408758240,0,1
19.408812000,0,0
19.409258240,1,0
19.409309120,1,1
19.409758240,0,1
19.409812000,0,0
19.410258240,1,0
19.410308960,1,1
19.410758080,0,1
19.410808960,0,0
19.411258080,1,0
19.411309600,1,1
19.411758080,0,1
19.411808640,0,0
19.412258080,1,0
19.412311520,1,1
19.412758080,0,1
19.412808480,0,0
19.413257920,1,0
19.413314240,1,1
19.413757920,0,1
19.413808640,0,0
19.414257920,1,0
19.414311520,1,1
19.414757920,0,1
19.414808480,0,0
19.415257920,1,0
19.415311200,1,1
19.415757920,0,1
19.415809120,0,0
19.416257760,1,0
19.416311360,1,1
19.416757760,0,1
19.416808640,0,0
19.417257760,1,0
19.417311680,1,1
19.417757760,0,1
19.417808320,0,0
19.418257760,1,0
19.418311680,1,1
19.418757760,0,1
19.418808480,0,0
19.419257600,1,0
19.419311200,1,1
19.419757600,0,1
19.419808960,0,0
19.420257600,1,0
19.420311200,1,1
19.420757600,0,1
19.420808800,0,0
19.421257440,1,0
19.421308160,1,1
19.421757440,0,1
19.421808480,0,0
19.422257440,1,0
19.422308640,1,1
19.422757440,0,1
19.422810880,0,0
19.423257440,1,0
19.423310880,1,1
19.423757440,0,1
19.423811200,0,0
19.424257280,1,0
19.424308160,1,1
19.424757280,0,1
19.424810560,0,0
19.425257280,1,0
19.425308320,1,1
19.425757280,0,1
19.425811040,0,0
19.426257280,1,0
19.426308640,1,1
19.426757280,0,1
19.426811040,0,0
19.427257120,1,0
19.427307840,1,1
19.427757120,0,1
19.427811200,0,0
19.428257120,1,0
19.428308160,1,1
19.428757120,0,1
19.428810880,0,0
19.429257120,1,0
19.429307840,1,1
19.429756960,0,1
19.429810880,0,0
19.430256960,1,0
19.430307840,1,1
19.430756960,0,1
19.430810720,0,0
19.431256960,1,0
19.431307680,1,1
19.431756960,0,1
19.431810720,0,0
19.432256800,1,0
19.432307680,1,1
19.432756800,0,1
19.432808000,0,0
19.433256800,1,0
19.433310080,1,1
19.433756800,0,1
19.433803360,0,0
19.434256800,1,0
19.434305760,1,1
19.434756800,0,1
19.434803040,0,0
19.435256640,1,0
19.435305440,1,1
19.435756640,0,1
19.435803520,0,0
19.436256640,1,0
19.436305920,1,1
19.436756640,0,1
19.436803200,0,0
19.437256640,1,0
19.437305280,1,1
19.437756640,0,1
19.437802720,0,0
19.438256480,1,0
19.438305600,1,1
19.438756480,0,1
19.438803200,0,0
19.439256480,1,0
19.439305600,1,1
19.439756480,0,1
19.439802880,0,0
19.440256480,1,0
19.440305760,1,1
19.440756320,0,1
19.440802240,0,0
19.441256320,1,0
19.441305280,1,1
19.441756320,0,1
19.441802400,0,0
19.442256320,1,0
19.442305600,1,1
19.442756320,0,1
19.442802560,0,0
19.443256160,1,0
19.443341600,1,1
19.443756160,0,1
19.443806240,0,0
19.444256160,1,0
19.444306240,1,1
19.444756160,0,1
19.444809120,0,0
19.445256160,1,0
19.445306400,1,1
19.445756160,0,1
19.445808960,0,0
19.446256000,1,0
19.446306240,1,1
19.446756000,0,1
19.446808960,0,0
19.447256000,1,0
19.447305920,1,1
19.447756000,0,1
19.447808800,0,0
19.448256000,1,0
19.448305920,1,1
19.448756000,0,1
19.448809280,0,0
19.449255840,1,0
19.449306400,1,1
19.449755840,0,1
19.449808960,0,0
19.450255840,1,0
19.450306240,1,1
19.450755840,0,1
19.450808160,0,0
19.451255840,1,0
19.451305760,1,1
19.451755680,0,1
19.451808640,0,0
19.452255680,1,0
19.452305760,1,1
19.452755680,0,1
19.452808640,0,0
19.453255680,1,0
19.453308320,1,1
19.453755680,0,1
19.453805920,0,0
19.454255520,1,0
19.454305440,1,1
19.454755520,0,1
19.454805760,0,0
19.455255520,1,0
19.455308160,1,1
19.455755520,0,1
19.455806080,0,0
19.456255520,1,0
19.456308000,1,1
19.456755520,0,1
19.456806240,0,0
19.457255360,1,0
19.457307520,1,1
19.457755360,0,1
19.457805280,0,0
19.458255360,1,0
19.458308000,1,1
19.458755360,0,1
19.458805600,0,0
19.459255360,1,0
19.459308000,1,1
19.459755360,0,1
19.459805920,0,0
19.460255200,1,0
19.460308000,1,1
19.460755200,0,1
19.460805280,0,0
19.461255200,1,0
19.461307520,1,1
19.461755200,0,1
19.461805440,0,0
19.462255200,1,0
19.462307840,1,1
19.462755040,0,1
19.462805280,0,0
19.463255040,1,0
19.463310240,1,1
19.463755040,0,1
19.463805120,0,0
19.464255040,1,0
19.464307360,1,1
19.464755040,0,1
19.464804800,0,0
19.465254880,1,0
19.465304960,1,1
19.465754880,0,1
19.465805120,0,0
19.466254880,1,0
19.466304480,1,1
19.466754880,0,1
19.466807040,0,0
19.467254880,1,0
19.467304320,1,1
19.467754880,0,1
19.467807520,0,0
19.468254720,1,0
19.468304480,1,1
19.468754720,0,1
19.468807520,0,0
19.469254720,1,0
19.469304640,1,1
19.469754720,0,1
19.469807360,0,0
19.470254720,1,0
19.470304640,1,1
19.470754720,0,1
19.470807360,0,0
19.471254560,1,0
19.471304320,1,1
19.471754560,0,1
19.471807360,0,0
19.472254560,1,0
19.472304320,1,1
19.472754560,0,1
19.472807520,0,0
19.473254400,1,0
19.473307200,1,1
19.473754400,0,1
19.473807360,0,0
19.474254400,1,0
19.474304160,1,1
19.474754400,0,1
19.474807200,0,0
19.475254400,1,0
19.475304000,1,1
19.475754400,0,1
19.475804480,0,0
19.476254240,1,0
19.476304320,1,1
19.476754240,0,1
19.476804480,0,0
19.477254240,1,0
19.477306720,1,1
19.477754240,0,1
19.477804480,0,0
19.478254240,1,0
19.478306560,1,1
19.478754240,0,1
19.478804320,0,0
19.479254080,1,0
19.479306560,1,1
19.479754080,0,1
19.479804160,0,0
19.480254080,1,0
19.480306560,1,1
19.480754080,0,1
19.480804320,0,0
19.481254080,1,0
19.481306720,1,1
19.481754080,0,1
19.481804160,0,0
19.482253920,1,0
19.482306560,1,1
19.482753920,0,1
19.482803520,0,0
19.483253920,1,0
19.483309280,1,1
19.483753920,0,1
19.483804160,0,0
19.484253760,1,0
19.484306720,1,1
19.484753760,0,1
19.484804000,0,0
19.485253760,1,0
19.485306560,1,1
19.485753760,0,1
19.485803680,0,0
19.486253760,1,0
19.486303520,1,1
19.486753760,0,1
19.486804000,0,0
19.487253600,1,0
19.487303680,1,1
19.487753600,0,1
19.487805760,0,0
19.488253600,1,0
19.488303360,1,1
19.488753600,0,1
19.488806080,0,0
19.489253600,1,0
19.489303840,1,1
19.489753600,0,1
19.489806080,0,0
19.490253440,1,0
19.490303680,1,1
19.490753440,0,1
19.490806560,0,0
19.491253440,1,0
19.491303840,1,1
19.491753440,0,1
19.491806400,0,0
19.492253440,1,0
19.492303200,1,1
19.492753280,0,1
19.492806400,0,0
19.493253280,1,0
19.493305920,1,1
19.493753280,0,1
19.493806080,0,0
19.494253280,1,0
19.494303200,1,1
19.494753280,0,1
19.494806080,0,0
19.495253120,1,0
19.495302880,1,1
19.495753120,0,1
19.495806080,0,0
19.496253120,1,0
19.496303040,1,1
19.496753120,0,1
19.496806400,0,0
19.497253120,1,0
19.497302720,1,1
19.497753120,0,1
19.497803200,0,0
19.498252960,1,0
19.498303200,1,1
19.498752960,0,1
19.498803040,0,0
19.499252960,1,0
19.499305280,1,1
19.499752960,0,1
19.499802720,0,0
19.500252960,1,0
19.500305440,1,1
19.500752960,0,1
19.500802880,0,0
19.501252800,1,0
19.501305280,1,1
19.501752800,0,1
19.501802400,0,0
19.502252800,1,0
19.502305600,1,1
19.502752800,0,1
19.502802880,0,0
19.503252800,1,0
19.503308640,1,1
19.503752640,0,1
19.503802560,0,0
19.504252640,1,0
19.504305440,1,1
19.504752640,0,1
19.504802720,0,0
19.505252640,1,0
19.505305280,1,1
19.505752640,0,1
19.505802400,0,0
19.506252480,1,0
19.506305600,1,1
19.506752480,0,1
19.506802880,0,0
19.507252480,1,0
19.507304800,1,1
19.507752480,0,1
19.507802560,0,0
19.508252480,1,0
19.508302240,1,1
19.508752480,0,1
19.508802720,0,0
19.509252320,1,0
19.509301760,1,1
19.509752320,0,1
19.509805280,0,0
19.510252320,1,0
19.510302080,1,1
19.510752320,0,1
19.510805600,0,0
19.511252320,1,0
19.511302240,1,1
19.511752320,0,1
19.511805280,0,0
19.512252160,1,0
19.512301600,1,1
19.512752160,0,1
19.512804800,0,0
19.513252160,1,0
19.513304640,1,1
19.513752160,0,1
19.513805440,0,0
19.514252160,1,0
19.514302080,1,1
19.514752000,0,1
19.514804480,0,0
19.515252000,1,0
19.515302080,1,1
19.515752000,0,1
19.515804480,0,0
19.516252000,1,0
19.516302400,1,1
19.516752000,0,1
19.516804480,0,0
19.517251840,1,0
19.517302080,1,1
19.517751840,0,1
19.517804800,0,0
19.518251840,1,0
19.518301920,1,1
19.518751840,0,1
19.518802240,0,0
19.519251840,1,0
19.519301920,1,1
19.519751840,0,1
19.519801440,0,0
19.520251680,1,0
19.520304000,1,1
19.520751680,0,1
19.520801760,0,0
19.521251680,1,0
19.521304160,1,1
19.521751680,0,1
19.521801760,0,0
19.522251680,1,0
19.522304160,1,1
19.522751680,0,1
19.522801760,0,0
19.523251520,1,0
19.523308800,1,1
19.523751520,0,1
19.523802400,0,0
19.524251520,1,0
19.524304160,1,1
19.524751520,0,1
19.524801440,0,0
19.525251520,1,0
19.525304160,1,1
19.525751360,0,1
19.525801760,0,0
19.526251360,1,0
19.526303840,1,1
19.526751360,0,1
19.526801440,0,0
19.527251360,1,0
19.527304160,1,1
19.527751360,0,1
19.527801760,0,0
19.528251200,1,0
19.528303840,1,1
19.528751200,0,1
19.528801440,0,0
19.529251200,1,0
19.529304000,1,1
19.529751200,0,1
19.529801280,0,0
19.530251200,1,0
19.530301280,1,1
19.530751200,0,1
19.530801280,0,0
19.531251040,1,0
19.531300800,1,1
19.531751040,0,1
19.531804000,0,0
19.532251040,1,0
19.532300800,1,1
19.532751040,0,1
19.532803520,0,0
19.533251040,1,0
19.533305280,1,1
19.533751040,0,1
19.533803840,0,0
19.534250880,1,0
19.534300800,1,1
19.534750880,0,1
19.534803680,0,0
19.535250880,1,0
19.535301120,1,1
19.535750880,0,1
19.535803680,0,0
19.536250720,1,0
19.536301120,1,1
19.536750720,0,1
19.536803840,0,0
19.537250720,1,0
19.537300800,1,1
19.537750720,0,1
19.537804160,0,0
19.538250720,1,0
19.538300320,1,1
19.538750720,0,1
19.538803680,0,0
19.539250560,1,0
19.539300000,1,1
19.539750560,0,1
19.539804160,0,0
19.540250560,1,0
19.540300960,1,1
19.540750560,0,1
19.540800640,0,0
19.541250560,1,0
19.541300640,1,1
19.541750560,0,1
19.541800160,0,0
19.542250400,1,0
19.542302880,1,1
19.542750400,0,1
19.542800800,0,0
19.543250400,1,0
19.543305920,1,1
19.543750400,0,1
19.543800320,0,0
19.544250400,1,0
19.544302720,1,1
19.544750400,0,1
19.544800480,0,0
19.545250240,1,0
19.545303040,1,1
19.545750240,0,1
19.545800480,0,0
19.546250240,1,0
19.546302880,1,1
19.546750240,0,1
19.546800160,0,0
19.547250080,1,0
19.547302720,1,1
19.547750080,0,1
19.547800640,0,0
19.548250080,1,0
19.548302880,1,1
19.548750080,0,1
19.548800000,0,0
19.549250080,1,0
19.549302400,1,1
19.549750080,0,1
19.549800160,0,0
19.550249920,1,0
19.550303040,1,1
19.550749920,0,1
19.550800160,0,0
19.551249920,1,0
19.551299680,1,1
19.551749920,0,1
19.551799520,0,0
19.552249920,1,0
19.552299520,1,1
19.552749920,0,1
19.552802720,0,0
19.553249760,1,0
19.553302400,1,1
19.553749760,0,1
19.553802240,0,0
19.554249760,1,0
19.554300000,1,1
19.554749760,0,1
19.554802240,0,0
19.555249760,1,0
19.555299680,1,1
19.555749600,0,1
19.555802560,0,0
19.556249600,1,0
19.556299840,1,1
19.556749600,0,1
19.556802400,0,0
19.557249600,1,0
19.557299520,1,1
19.557749600,0,1
19.557802080,0,0
19.558249440,1,0
19.558299360,1,1
19.558749440,0,1
19.558802400,0,0
19.559249440,1,0
19.559299680,1,1
19.559749440,0,1
19.559802400,0,0
19.560249440,1,0
19.560299360,1,1
19.560749440,0,1
19.560802240,0,0
19.561249280,1,0
19.561299200,1,1
19.561749280,0,1
19.561802080,0,0
19.562249280,1,0
19.562299360,1,1
19.562749280,0,1
19.562799040,0,0
19.563249280,1,0
19.563302720,1,1
19.563749280,0,1
19.563798880,0,0
19.564249120,1,0
19.564302080,1,1
19.564749120,0,1
19.564799360,0,0
19.565249120,1,0
19.565301920,1,1
19.565749120,0,1
19.565799200,0,0
19.566249120,1,0
19.566301760,1,1
19.566748960,0,1
19.566799040,0,0
19.567248960,1,0
19.567301440,1,1
19.567748960,0,1
19.567799520,0,0
19.568248960,1,0
19.568301760,1,1
19.568748960,0,1
19.568798720,0,0
19.569248800,1,0
19.569301600,1,1
19.569748800,0,1
19.569799520,0,0
19.570248800,1,0
19.570301760,1,1
19.570748800,0,1
19.570798400,0,0
19.571248800,1,0
19.571301440,1,1
19.571748800,0,1
19.571798720,0,0
19.572248640,1,0
19.572301600,1,1
19.572748640,0,1
19.572798880,0,0
19.573248640,1,0
19.573300960,1,1
19.573748640,0,1
19.573799040,0,0
19.574248640,1,0
19.574298400,1,1
19.574748640,0,1
19.574801280,0,0
19.575248480,1,0
19.575298080,1,1
19.575748480,0,1
19.575801600,0,0
19.576248480,1,0
19.576298720,1,1
19.576748480,0,1
19.576801440,0,0
19.577248480,1,0
19.577298400,1,1
19.577748320,0,1
19.577801440,0,0
19.578248320,1,0
19.578298080,1,1
19.578748320,0,1
19.578801440,0,0
19.579248320,1,0
19.579298240,1,1
19.579748320,0,1
19.579801120,0,0
19.580248160,1,0
19.580298400,1,1
19.580748160,0,1
19.580801280,0,0
19.581248160,1,0
19.581298080,1,1
19.581748160,0,1
19.581800800,0,0
19.582248160,1,0
19.582298240,1,1
19.582748160,0,1
19.582801280,0,0
19.583248000,1,0
19.583300640,1,1
19.583748000,0,1
19.583797920,0,0
19.584248000,1,0
19.584297920,1,1
19.584748000,0,1
19.584798080,0,0
19.585248000,1,0
19.585300640,1,1
19.585748000,0,1
19.585797760,0,0
19.586247840,1,0
19.586300480,1,1
19.586747840,0,1
19.586798400,0,0
19.587247840,1,0
19.587300160,1,1
19.587747840,0,1
19.587798400,0,0
19.588247840,1,0
19.588300480,1,1
19.588747680,0,1
19.588797760,0,0
19.589247680,1,0
19.589300480,1,1
19.589747680,0,1
19.589797920,0,0
19.590247680,1,0
19.590300480,1,1
19.590747680,0,1
19.590797920,0,0
19.591247520,1,0
19.591300160,1,1
19.591747520,0,1
19.591797760,0,0
19.592247520,1,0
19.592300160,1,1
19.592747520,0,1
19.592797440,0,0
19.593247520,1,0
19.593307200,1,1
19.593747520,0,1
19.593797920,0,0
19.594247360,1,0
19.594299840,1,1
19.594747360,0,1
19.594798080,0,0
19.595247360,1,0
19.595297760,1,1
19.595747360,0,1
19.595797440,0,0
19.596247360,1,0
19.596296800,1,1
19.596747360,0,1
19.596800320,0,0
19.597247200,1,0
19.597297120,1,1
19.597747200,0,1
19.597800000,0,0
19.598247200,1,0
19.598297440,1,1
19.598747200,0,1
19.598800160,0,0
19.599247040,1,0
19.599297280,1,1
19.599747040,0,1
19.599799520,0,0
19.600247040,1,0
19.600296960,1,1
19.600747040,0,1
19.600800160,0,0
19.601247040,1,0
19.601296800,1,1
19.601747040,0,1
19.601800160,0,0
19.602246880,1,0
19.602296960,1,1
19.602746880,0,1
19.602800000,0,0
19.603246880,1,0
19.603300480,1,1
19.603746880,0,1
19.603799840,0,0
19.604246880,1,0
19.604296640,1,1
19.604746880,0,1
19.604799840,0,0
19.605246720,1,0
19.605296800,1,1
19.605746720,0,1
19.605796640,0,0
19.606246720,1,0
19.606297120,1,1
19.606746720,0,1
19.606796320,0,0
19.607246720,1,0
19.607299360,1,1
19.607746720,0,1
19.607797120,0,0
19.608246560,1,0
19.608298880,1,1
19.608746560,0,1
19.608796800,0,0
19.609246560,1,0
19.609299040,1,1
19.609746560,0,1
19.609796640,0,0
19.610246400,1,0
19.610299040,1,1
19.610746400,0,1
19.610796480,0,0
19.611246400,1,0
19.611299360,1,1
19.611746400,0,1
19.611796640,0,0
19.612246400,1,0
19.612298880,1,1
19.612746400,0,1
19.612796320,0,0
19.613246240,1,0
19.613301920,1,1
19.613746240,0,1
19.613796480,0,0
19.614246240,1,0
19.614298880,1,1
19.614746240,0,1
19.614795840,0,0
19.615246240,1,0
19.615298880,1,1
19.615746240,0,1
19.615796480,0,0
19.616246080,1,0
19.616296000,1,1
19.616746080,0,1
19.616796000,0,0
19.617246080,1,0
19.617296000,1,1
19.617746080,0,1
19.617798720,0,0
19.618246080,1,0
19.618295840,1,1
19.618745920,0,1
19.618798720,0,0
19.619245920,1,0
19.619295840,1,1
19.619745920,0,1
19.619798400,0,0
19.620245920,1,0
19.620295840,1,1
19.620745920,0,1
19.620798400,0,0
19.621245760,1,0
19.621296000,1,1
19.621745760,0,1
19.621798880,0,0
19.622245760,1,0
19.622295520,1,1
19.622745760,0,1
19.622798720,0,0
19.623245760,1,0
19.623298080,1,1
19.623745760,0,1
19.623798880,0,0
19.624245600,1,0
19.624295520,1,1
19.624745600,0,1
19.624798560,0,0
19.625245600,1,0
19.625295360,1,1
19.625745600,0,1
19.625798400,0,0
19.626245600,1,0
19.626295360,1,1
19.626745600,0,1
19.626798720,0,0
19.627245440,1,0
19.627295680,1,1
19.627745440,0,1
19.627795520,0,0
19.628245440,1,0
19.628296160,1,1
19.628745440,0,1
19.628795680,0,0
19.629245440,1,0
19.629297920,1,1
19.629745280,0,1
19.629795360,0,0
19.630245280,1,0
19.630298080,1,1
19.630745280,0,1
19.630795520,0,0
19.631245280,1,0
19.631298080,1,1
19.631745280,0,1
19.631795200,0,0
19.632245120,1,0
19.632297760,1,1
19.632745120,0,1
19.632795360,0,0
19.633245120,1,0
19.633300960,1,1
19.633745120,0,1
19.633795360,0,0
19.634245120,1,0
19.634297280,1,1
19.634745120,0,1
19.634795360,0,0
19.635244960,1,0
19.635297760,1,1
19.635744960,0,1
19.635794720,0,0
19.636244960,1,0
19.636297280,1,1
19.636744960,0,1
19.636795360,0,0
19.637244960,1,0
19.637297760,1,1
19.637744960,0,1
19.637795040,0,0
19.638244800,1,0
19.638294560,1,1
19.638744800,0,1
19.638794880,0,0
19.639244800,1,0
19.639294560,1,1
19.639744800,0,1
19.639797280,0,0
19.640244800,1,0
19.640294400,1,1
19.640744640,0,1
19.640797120,0,0
19.641244640,1,0
19.641294880,1,1
19.641744640,0,1
19.641797600,0,0
19.642244640,1,0
19.642294560,1,1
19.642744640,0,1
19.642797440,0,0
19.643244480,1,0
19.643296640,1,1
19.643744480,0,1
19.643797760,0,0
19.644244480,1,0
19.644294880,1,1
19.644744480,0,1
19.644797280,0,0
19.645244480,1,0
19.645294720,1,1
19.645744480,0,1
19.645797280,0,0
19.646244320,1,0
19.646294240,1,1
19.646744320,0,1
19.646797600,0,0
19.647244320,1,0
19.647294560,1,1
19.647744320,0,1
19.647797280,0,0
19.648244320,1,0
19.648294240,1,1
19.648744320,0,1
19.648794560,0,0
19.649244160,1,0
19.649294240,1,1
19.649744160,0,1
19.649794400,0,0
19.650244160,1,0
19.650296960,1,1
19.650744160,0,1
19.650794240,0,0
19.651244160,1,0
19.651296640,1,1
19.651744000,0,1
19.651794400,0,0
19.652244000,1,0
19.652296480,1,1
19.652744000,0,1
19.652794400,0,0
19.653244000,1,0
19.653299520,1,1
19.653744000,0,1
19.653794080,0,0
19.654243840,1,0
19.654296320,1,1
19.654743840,0,1
19.654793920,0,0
19.655243840,1,0
19.655296640,1,1
19.655743840,0,1
19.655794560,0,0
19.656243840,1,0
19.656296320,1,1
19.656743840,0,1
19.656794080,0,0
19.657243680,1,0
19.657296480,1,1
19.657743680,0,1
19.657793760,0,0
19.658243680,1,0
19.658296000,1,1
19.658743680,0,1
19.658793760,0,0
19.659243680,1,0
19.659296320,1,1
19.659743680,0,1
19.659793920,0,0
19.660243520,1,0
19.660293120,1,1
19.660743520,0,1
19.660796800,0,0
19.661243520,1,0
19.661293600,1,1
19.661743520,0,1
19.661796000,0,0
19.662243520,1,0
19.662293440,1,1
19.662743360,0,1
19.662796320,0,0
19.663243360,1,0
19.663298560,1,1
19.663743360,0,1
19.663796320,0,0
19.664243360,1,0
19.664293120,1,1
19.664743360,0,1
19.664796160,0,0
19.665243200,1,0
19.665293280,1,1
19.665743200,0,1
19.665796160,0,0
19.666243200,1,0
19.666293600,1,1
19.666743200,0,1
19.666796160,0,0
19.667243200,1,0
19.667293280,1,1
19.667743200,0,1
19.667796000,0,0
19.668243040,1,0
19.668292800,1,1
19.668743040,0,1
19.668796160,0,0
19.669243040,1,0
19.669293280,1,1
19.669743040,0,1
19.669796160,0,0
19.670243040,1,0
19.670293120,1,1
19.670743040,0,1
19.670792960,0,0
19.671242880,1,0
19.671292960,1,1
19.671742880,0,1
19.671792960,0,0
19.672242880,1,0
19.672295360,1,1
19.672742880,0,1
19.672793280,0,0
19.673242720,1,0
19.673300000,1,1
19.673742720,0,1
19.673791840,0,0
19.674242720,1,0
19.674294400,1,1
19.674742720,0,1
19.674791520,0,0
19.675242720,1,0
19.675294880,1,1
19.675742720,0,1
19.675791680,0,0
19.676242560,1,0
19.676294720,1,1
19.676742560,0,1
19.676791680,0,0
19.677242560,1,0
19.677294400,1,1
19.677742560,0,1
19.677791680,0,0
19.678242560,1,0
19.678294400,1,1
19.678742560,0,1
19.678791680,0,0
19.679242400,1,0
19.679294400,1,1
19.679742400,0,1
19.679803200,0,0
19.680242400,1,0
19.680302240,1,1
19.680742400,0,1
19.680792640,0,0
19.681242400,1,0
19.681307680,1,1
19.681742400,0,1
19.681793120,0,0
19.682242240,1,0
19.682292640,1,1
19.682742240,0,1
19.682795040,0,0
19.683242240,1,0
19.683297440,1,1
19.683742240,0,1
19.683793760,0,0
19.684242080,1,0
19.684291680,1,1
19.684742080,0,1
19.684793600,0,0
19.685242080,1,0
19.685291360,1,1
19.685742080,0,1
19.685793760,0,0
19.686242080,1,0
19.686291520,1,1
19.686742080,0,1
19.686793760,0,0
19.687241920,1,0
19.687290720,1,1
19.687741920,0,1
19.687793760,0,0
19.688241920,1,0
19.688290720,1,1
19.688741920,0,1
19.688793920,0,0
19.689241920,1,0
19.689291360,1,1
19.689741920,0,1
19.689793440,0,0
19.690241760,1,0
19.690291200,1,1
19.690741760,0,1
19.690797120,0,0
19.691241760,1,0
19.691292480,1,1
19.691741760,0,1
19.691792000,0,0
19.692241760,1,0
19.692292000,1,1
19.692741760,0,1
19.692791840,0,0
19.693241600,1,0
19.693299680,1,1
19.693741600,0,1
19.693792640,0,0
19.694241600,1,0
19.694294560,1,1
19.694741600,0,1
19.694792320,0,0
19.695241440,1,0
19.695293920,1,1
19.695741440,0,1
19.695792000,0,0
19.696241440,1,0
19.696294240,1,1
19.696741440,0,1
19.696791520,0,0
19.697241440,1,0
19.697293600,1,1
19.697741440,0,1
19.697791200,0,0
19.698241280,1,0
19.698294560,1,1
19.698741280,0,1
19.698791680,0,0
19.699241280,1,0
19.699293920,1,1
19.699741280,0,1
19.699792000,0,0
19.700241280,1,0
19.700293920,1,1
19.700741280,0,1
19.700791680,0,0
19.701241120,1,0
19.701293920,1,1
19.701741120,0,1
19.701792000,0,0
19.702241120,1,0
19.702293920,1,1
19.702741120,0,1
19.702791520,0,0
19.703241120,1,0
19.703296640,1,1
19.703740960,0,1
19.703791360,0,0
19.704240960,1,0
19.704291040,1,1
19.704740960,0,1
19.704793920,0,0
19.705240960,1,0
19.705291040,1,1
19.705740960,0,1
19.705793600,0,0
19.706240800,1,0
19.706291680,1,1
19.706740800,0,1
19.706793600,0,0
19.707240800,1,0
19.707291360,1,1
19.707740800,0,1
19.707793120,0,0
19.708240800,1,0
19.708291040,1,1
19.708740800,0,1
19.708793920,0,0
19.709240640,1,0
19.709290880,1,1
19.709740640,0,1
19.709793920,0,0
19.710240640,1,0
19.710290400,1,1
19.710740640,0,1
19.710793920,0,0
19.711240640,1,0
19.711290880,1,1
19.711740640,0,1
19.711793120,0,0
19.712240480,1,0
19.712291040,1,1
19.712740480,0,1
19.712793760,0,0
19.713240480,1,0
19.713296000,1,1
19.713740480,0,1
19.713790720,0,0
19.714240480,1,0
19.714290880,1,1
19.714740320,0,1
19.714790240,0,0
19.715240320,1,0
19.715292960,1,1
19.715740320,0,1
19.715790880,0,0
19.716240320,1,0
19.716292800,1,1
19.716740320,0,1
19.716790400,0,0
19.717240160,1,0
19.717292800,1,1
19.717740160,0,1
19.717791200,0,0
19.718240160,1,0
19.718292800,1,1
19.718740160,0,1
19.718790400,0,0
19.719240160,1,0
19.719292960,1,1
19.719740160,0,1
19.719790080,0,0
19.720240000,1,0
19.720293120,1,1
19.720740000,0,1
19.720790240,0,0
19.721240000,1,0
19.721292800,1,1
19.721740000,0,1
19.721789600,0,0
19.722240000,1,0
19.722292800,1,1
19.722740000,0,1
19.722790720,0,0
19.723239840,1,0
19.723298400,1,1
19.723739840,0,1
19.723790400,0,0
19.724239840,1,0
19.724289600,1,1
19.724739840,0,1
19.724789920,0,0
19.725239840,1,0
19.725289920,1,1
19.725739680,0,1
19.725792160,0,0
19.726239680,1,0
19.726289920,1,1
19.726739680,0,1
19.726792640,0,0
19.727239680,1,0
19.727290400,1,1
19.727739680,0,1
19.727792960,0,0
19.728239520,1,0
19.728289920,1,1
19.728739520,0,1
19.728792480,0,0
19.729239520,1,0
19.729289760,1,1
19.729739520,0,1
19.729792320,0,0
19.730239520,1,0
19.730290400,1,1
19.730739520,0,1
19.730792480,0,0
19.731239360,1,0
19.731289920,1,1
19.731739360,0,1
19.731792480,0,0
19.732239360,1,0
19.732289760,1,1
19.732739360,0,1
19.732792160,0,0
19.733239360,1,0
19.733294720,1,1
19.733739360,0,1
19.733792000,0,0
19.734239200,1,0
19.734289440,1,1
19.734739200,0,1
19.734792320,0,0
19.735239200,1,0
19.735289280,1,1
19.735739200,0,1
19.735789280,0,0
19.736239200,1,0
19.736289600,1,1
19.736739040,0,1
19.736789280,0,0
19.737239040,1,0
19.737291840,1,1
19.737739040,0,1
19.737789600,0,0
19.738239040,1,0
19.738291520,1,1
19.738739040,0,1
19.738790080,0,0
19.739238880,1,0
19.739291360,1,1
19.739738880,0,1
19.739789440,0,0
19.740238880,1,0
19.740291840,1,1
19.740738880,0,1
19.740789120,0,0
19.741238880,1,0
19.741291360,1,1
19.741738880,0,1
19.741789120,0,0
19.742238720,1,0
19.742291680,1,1
19.742738720,0,1
19.742789120,0,0
19.743238720,1,0
19.743297120,1,1
19.743738720,0,1
19.743788960,0,0
19.744238720,1,0
19.744291680,1,1
19.744738720,0,1
19.744789120,0,0
19.745238560,1,0
19.745291520,1,1
19.745738560,0,1
19.745788320,0,0
19.746238560,1,0
19.746288800,1,1
19.746738560,0,1
19.746789280,0,0
19.747238560,1,0
19.747288480,1,1
19.747738400,0,1
19.747791200,0,0
19.748238400,1,0
19.748289120,1,1
19.748738400,0,1
19.748791200,0,0
19.749238400,1,0
19.749288640,1,1
19.749738400,0,1
19.749791200,0,0
19.750238240,1,0
19.750288800,1,1
19.750738240,0,1
19.750791360,0,0
19.751238240,1,0
19.751288640,1,1
19.751738240,0,1
19.751791360,0,0
19.752238240,1,0
19.752289120,1,1
19.752738240,0,1
19.752791360,0,0
19.753238080,1,0
19.753293760,1,1
19.753738080,0,1
19.753791200,0,0
19.754238080,1,0
19.754288320,1,1
19.754738080,0,1
19.754791200,0,0
19.755238080,1,0
19.755288800,1,1
19.755738080,0,1
19.755790720,0,0
19.756237920,1,0
19.756288160,1,1
19.756737920,0,1
19.756788160,0,0
19.757237920,1,0
19.757288160,1,1
19.757737920,0,1
19.757788320,0,0
19.758237920,1,0
19.758290080,1,1
19.758737760,0,1
19.758788480,0,0
19.759237760,1,0
19.759290400,1,1
19.759737760,0,1
19.759788320,0,0
19.760237760,1,0
19.760290560,1,1
19.760737760,0,1
19.760788320,0,0
19.761237600,1,0
19.761290560,1,1
19.761737600,0,1
19.761788160,0,0
19.762237600,1,0
19.762290240,1,1
19.762737600,0,1
19.762787840,0,0
19.763237600,1,0
19.763295680,1,1
19.763737600,0,1
19.763787840,0,0
19.764237440,1,0
19.764290720,1,1
19.764737440,0,1
19.764787680,0,0
19.765237440,1,0
19.765290240,1,1
19.765737440,0,1
19.765787680,0,0
19.766237440,1,0
19.766290400,1,1
19.766737440,0,1
19.766787840,0,0
19.767237280,1,0
19.767290240,1,1
19.767737280,0,1
19.767787520,0,0
19.768237280,1,0
19.768287360,1,1
19.768737280,0,1
19.768787680,0,0
19.769237280,1,0
19.769287360,1,1
19.769737120,0,1
19.769789280,0,0
19.770237120,1,0
19.770287360,1,1
19.770737120,0,1
19.770790080,0,0
19.771237120,1,0
19.771287200,1,1
19.771737120,0,1
19.771789920,0,0
19.772236960,1,0
19.772287200,1,1
19.772736960,0,1
19.772789600,0,0
19.773236960,1,0
19.773292000,1,1
19.773736960,0,1
19.773790720,0,0
19.774236960,1,0
19.774287200,1,1
19.774736960,0,1
19.774789920,0,0
19.775236800,1,0
19.775287680,1,1
19.775736800,0,1
19.775790240,0,0
19.776236800,1,0
19.776287680,1,1
19.776736800,0,1
19.776789760,0,0
19.777236800,1,0
19.777287040,1,1
19.777736800,0,1
19.777789600,0,0
19.778236640,1,0
19.778286720,1,1
19.778736640,0,1
19.778786400,0,0
19.779236640,1,0
19.779286880,1,1
19.779736640,0,1
19.779786560,0,0
19.780236640,1,0
19.780289280,1,1
19.780736480,0,1
19.780786560,0,0
19.781236480,1,0
19.781289440,1,1
19.781736480,0,1
19.781786880,0,0
19.782236480,1,0
19.782288960,1,1
19.782736480,0,1
19.782786720,0,0
19.783236320,1,0
19.783293760,1,1
19.783736320,0,1
19.783787040,0,0
19.784236320,1,0
19.784289120,1,1
19.784736320,0,1
19.784786400,0,0
19.785236320,1,0
19.785288960,1,1
19.785736320,0,1
19.785787200,0,0
19.786236160,1,0
19.786289280,1,1
19.786736160,0,1
19.786786400,0,0
19.787236160,1,0
19.787288960,1,1
19.787736160,0,1
19.787786400,0,0
19.788236160,1,0
19.788288640,1,1
19.788736160,0,1
19.788786560,0,0
19.789236000,1,0
19.789285600,1,1
19.789736000,0,1
19.789786400,0,0
19.790236000,1,0
19.790285600,1,1
19.790736000,0,1
19.790788640,0,0
19.791236000,1,0
19.791285760,1,1
19.791735840,0,1
19.791788800,0,0
19.792235840,1,0
19.792286400,1,1
19.792735840,0,1
19.792788800,0,0
19.793235840,1,0
19.793291040,1,1
19.793735840,0,1
19.793788640,0,0
19.794235680,1,0
19.794285920,1,1
19.794735680,0,1
19.794788960,0,0
19.795235680,1,0
19.795285600,1,1
19.795735680,0,1
19.795788640,0,0
19.796235680,1,0
19.796285760,1,1
19.796735680,0,1
19.796788800,0,0
19.797235520,1,0
19.797285440,1,1
19.797735520,0,1
19.797788800,0,0
19.798235520,1,0
19.798285600,1,1
19.798735520,0,1
19.798789120,0,0
19.799235520,1,0
19.799285920,1,1
19.799735520,0,1
19.799788960,0,0
19.800235360,1,0
19.800286240,1,1
19.800735360,0,1
19.800785600,0,0
19.801235360,1,0
19.801285440,1,1
19.801735360,0,1
19.801785280,0,0
19.802235360,1,0
19.802287520,1,1
19.802735200,0,1
19.802785280,0,0
19.803235200,1,0
19.803292640,1,1
19.803735200,0,1
19.803785920,0,0
19.804235200,1,0
19.804287680,1,1
19.804735200,0,1
19.804785760,0,0
19.805235040,1,0
19.805287360,1,1
19.805735040,0,1
19.805785440,0,0
19.806235040,1,0
19.806288000,1,1
19.806735040,0,1
19.806785120,0,0
19.807235040,1,0
19.807288000,1,1
19.807735040,0,1
19.807785600,0,0
19.808234880,1,0
19.808287840,1,1
19.808734880,0,1
19.808784960,0,0
19.809234880,1,0
19.809287680,1,1
19.809734880,0,1
19.809784960,0,0
19.810234880,1,0
19.810288000,1,1
19.810734880,0,1
19.810784960,0,0
19.811234720,1,0
19.811284800,1,1
19.811734720,0,1
19.811784960,0,0
19.812234720,1,0
19.812285120,1,1
19.812734720,0,1
19.812787680,0,0
19.813234720,1,0
19.813290080,1,1
19.813734560,0,1
19.813787680,0,0
19.814234560,1,0
19.814284800,1,1
19.814734560,0,1
19.814787680,0,0
19.815234560,1,0
19.815284800,1,1
19.815734560,0,1
19.815787520,0,0
19.816234400,1,0
19.816285120,1,1
19.816734400,0,1
19.816787360,0,0
19.817234400,1,0
19.817284960,1,1
19.817734400,0,1
19.817787520,0,0
19.818234400,1,0
19.818284480,1,1
19.818734400,0,1
19.818787360,0,0
19.819234240,1,0
19.819284640,1,1
19.819734240,0,1
19.819787360,0,0
19.820234240,1,0
19.820284480,1,1
19.820734240,0,1
19.820787520,0,0
19.821234240,1,0
19.821284800,1,1
19.821734240,0,1
19.821784640,0,0
19.822234080,1,0
19.822284160,1,1
19.822734080,0,1
19.822784480,0,0
19.823234080,1,0
19.823290720,1,1
19.823734080,0,1
19.823783520,0,0
19.824233920,1,0
19.824286240,1,1
19.824733920,0,1
19.824783680,0,0
19.825233920,1,0
19.825286080,1,1
19.825733920,0,1
19.825783520,0,0
19.826233920,1,0
19.826287200,1,1
19.826733920,0,1
19.826784800,0,0
19.827233760,1,0
19.827287360,1,1
19.827733760,0,1
19.827784480,0,0
19.828233760,1,0
19.828287520,1,1
19.828733760,0,1
19.828784800,0,0
19.829233760,1,0
19.829287520,1,1
19.829733760,0,1
19.829784800,0,0
19.830233600,1,0
19.830287040,1,1
19.830733600,0,1
19.830784320,0,0
19.831233600,1,0
19.831287360,1,1
19.831733600,0,1
19.831784320,0,0
19.832233600,1,0
19.832287200,1,1
19.832733600,0,1
19.832784800,0,0
19.833233440,1,0
19.833289280,1,1
19.833733440,0,1
19.833784800,0,0
19.834233440,1,0
19.834284480,1,1
19.834733440,0,1
19.834787040,0,0
19.835233280,1,0
19.835284480,1,1
19.835733280,0,1
19.835787200,0,0
19.836233280,1,0
19.836283840,1,1
19.836733280,0,1
19.836786720,0,0
19.837233280,1,0
19.837284000,1,1
19.837733280,0,1
19.837786240,0,0
19.838233120,1,0
19.838284480,1,1
19.838733120,0,1
19.838787040,0,0
19.839233120,1,0
19.839284320,1,1
19.839733120,0,1
19.839786880,0,0
19.840233120,1,0
19.840284320,1,1
19.840733120,0,1
19.840787040,0,0
19.841232960,1,0
19.841283840,1,1
19.841732960,0,1
19.841786720,0,0
19.842232960,1,0
19.842284320,1,1
19.842732960,0,1
19.842786720,0,0
19.843232960,1,0
19.843288320,1,1
19.843732960,0,1
19.843784320,0,0
19.844232800,1,0
19.844283360,1,1
19.844732800,0,1
19.844783680,0,0
19.845232800,1,0
19.845285760,1,1
19.845732800,0,1
19.845784000,0,0
19.846232640,1,0
19.846286560,1,1
19.846732640,0,1
19.846783360,0,0
19.847232640,1,0
19.847285920,1,1
19.847732640,0,1
19.847783360,0,0
19.848232640,1,0
19.848286400,1,1
19.848732640,0,1
19.848783680,0,0
19.849232480,1,0
19.849286400,1,1
19.849732480,0,1
19.849783680,0,0
19.850232480,1,0
19.850286240,1,1
19.850732480,0,1
19.850783360,0,0
19.851232480,1,0
19.851286080,1,1
19.851732480,0,1
19.851783200,0,0
19.852232320,1,0
19.852286080,1,1
19.852732320,0,1
19.852783200,0,0
19.853232320,1,0
19.853287840,1,1
19.853732320,0,1
19.853784800,0,0
19.854232320,1,0
19.854284000,1,1
19.854732160,0,1
19.854783200,0,0
19.855232160,1,0
19.855283040,1,1
19.855732160,0,1
19.855785920,0,0
19.856232160,1,0
19.856283360,1,1
19.856732160,0,1
19.856785920,0,0
19.857232000,1,0
19.857283520,1,1
19.857732000,0,1
19.857786080,0,0
19.858232000,1,0
19.858282720,1,1
19.858732000,0,1
19.858785440,0,0
19.859232000,1,0
19.859282720,1,1
19.859732000,0,1
19.859786080,0,0
19.860231840,1,0
19.860283200,1,1
19.860731840,0,1
19.860785440,0,0
19.861231840,1,0
19.861282880,1,1
19.861731840,0,1
19.861785280,0,0
19.862231840,1,0
19.862282560,1,1
19.862731840,0,1
19.862785440,0,0
19.863231680,1,0
19.863287840,1,1
19.863731680,0,1
19.863785280,0,0
19.864231680,1,0
19.864282880,1,1
19.864731680,0,1
19.864785760,0,0
19.865231680,1,0
19.865282560,1,1
19.865731520,0,1
19.865781920,0,0
19.866231520,1,0
19.866283040,1,1
19.866731520,0,1
19.866782720,0,0
19.867231520,1,0
19.867285120,1,1
19.867731520,0,1
19.867782240,0,0
19.868231360,1,0
19.868284800,1,1
19.868731360,0,1
19.868781760,0,0
19.869231360,1,0
19.869284800,1,1
19.869731360,0,1
19.869782400,0,0
19.870231360,1,0
19.870284800,1,1
19.870731360,0,1
19.870782080,0,0
19.871231200,1,0
19.871285120,1,1
19.871731200,0,1
19.871782240,0,0
19.872231200,1,0
19.872284800,1,1
19.872731200,0,1
19.872781760,0,0
19.873231200,1,0
19.873289760,1,1
19.873731200,0,1
19.873781760,0,0
19.874231040,1,0
19.874284640,1,1
19.874731040,0,1
19.874781600,0,0
19.875231040,1,0
19.875284640,1,1
19.875731040,0,1
19.875781600,0,0
19.876231040,1,0
19.876281600,1,1
19.876730880,0,1
19.876782080,0,0
19.877230880,1,0
19.877281920,1,1
19.877730880,0,1
19.877784320,0,0
19.878230880,1,0
19.878281600,1,1
19.878730880,0,1
19.878784160,0,0
19.879230720,1,0
19.879281760,1,1
19.879730720,0,1
19.879784320,0,0
19.880230720,1,0
19.880281440,1,1
19.880730720,0,1
19.880784160,0,0
19.881230720,1,0
19.881281600,1,1
19.881730720,0,1
19.881784320,0,0
19.882230560,1,0
19.882281280,1,1
19.882730560,0,1
19.882784480,0,0
19.883230560,1,0
19.883286080,1,1
19.883730560,0,1
19.883784480,0,0
19.884230560,1,0
19.884281920,1,1
19.884730560,0,1
19.884784320,0,0
19.885230400,1,0
19.885280960,1,1
19.885730400,0,1
19.885783680,0,0
19.886230400,1,0
19.886281280,1,1
19.886730400,0,1
19.886781120,0,0
19.887230400,1,0
19.887281440,1,1
19.887730240,0,1
19.887780960,0,0
19.888230240,1,0
19.888284160,1,1
19.888730240,0,1
19.888780800,0,0
19.889230240,1,0
19.889283520,1,1
19.889730240,0,1
19.889780960,0,0
19.890230080,1,0
19.890283040,1,1
19.890730080,0,1
19.890780960,0,0
19.891230080,1,0
19.891283360,1,1
19.891730080,0,1
19.891780800,0,0
19.892230080,1,0
19.892283680,1,1
19.892730080,0,1
19.892780800,0,0
19.893229920,1,0
19.893288320,1,1
19.893729920,0,1
19.893781120,0,0
19.894229920,1,0
19.894283680,1,1
19.894729920,0,1
19.894780480,0,0
19.895229920,1,0
19.895283840,1,1
19.895729920,0,1
19.895781120,0,0
19.896229760,1,0
19.896283360,1,1
19.896729760,0,1
19.896780320,0,0
19.897229760,1,0
19.897283200,1,1
19.897729760,0,1
19.897780960,0,0
19.898229760,1,0
19.898280320,1,1
19.898729600,0,1
19.898780960,0,0
19.899229600,1,0
19.899280640,1,1
19.899729600,0,1
19.899783040,0,0
19.900229600,1,0
19.900280320,1,1
19.900729600,0,1
19.900783040,0,0
19.901229440,1,0
19.901280480,1,1
19.901729440,0,1
19.901783040,0,0
19.902229440,1,0
19.902280320,1,1
19.902729440,0,1
19.902783040,0,0
19.903229440,1,0
19.903285120,1,1
19.903729440,0,1
19.903782880,0,0
19.904229280,1,0
19.904280640,1,1
19.904729280,0,1
19.904783200,0,0
19.905229280,1,0
19.905280000,1,1
19.905729280,0,1
19.905783040,0,0
19.906229280,1,0
19.906280320,1,1
19.906729280,0,1
19.906782880,0,0
19.907229120,1,0
19.907280160,1,1
19.907729120,0,1
19.907783200,0,0
19.908229120,1,0
19.908279840,1,1
19.908729120,0,1
19.908780000,0,0
19.909229120,1,0
19.909279840,1,1
19.909728960,0,1
19.909779520,0,0
19.910228960,1,0
19.910282400,1,1
19.910728960,0,1
19.910780000,0,0
19.911228960,1,0
19.911282400,1,1
19.911728960,0,1
19.911779520,0,0
19.912228800,1,0
19.912282080,1,1
19.912728800,0,1
19.912779840,0,0
19.913228800,1,0
19.913317760,1,1
19.913728800,0,1
19.913780160,0,0
19.914228800,1,0
19.914282720,1,1
19.914728800,0,1
19.914779520,0,0
19.915228640,1,0
19.915282080,1,1
19.915728640,0,1
19.915779520,0,0
19.916228640,1,0
19.916282080,1,1
19.916728640,0,1
19.916779520,0,0
19.917228640,1,0
19.917281760,1,1
19.917728640,0,1
19.917779200,0,0
19.918228480,1,0
19.918282400,1,1
19.918728480,0,1
19.918779360,0,0
19.919228480,1,0
19.919279200,1,1
19.919728480,0,1
19.919779040,0,0
19.920228480,1,0
19.920279360,1,1
19.920728320,0,1
19.920781760,0,0
19.921228320,1,0
19.921279360,1,1
19.921728320,0,1
19.921781760,0,0
19.922228320,1,0
19.922279360,1,1
19.922728320,0,1
19.922781760,0,0
19.923228160,1,0
19.923301920,1,1
19.923728160,0,1
19.923782240,0,0
19.924228160,1,0
19.924279040,1,1
19.924728160,0,1
19.924781760,0,0
19.925228160,1,0
19.925278880,1,1
19.925728160,0,1
19.925781920,0,0
19.926228000,1,0
19.926278560,1,1
19.926728000,0,1
19.926781280,0,0
19.927228000,1,0
19.927278880,1,1
19.927728000,0,1
19.927781760,0,0
19.928228000,1,0
19.928278720,1,1
19.928728000,0,1
19.928781440,0,0
19.929227840,1,0
19.929278720,1,1
19.929727840,0,1
19.929781600,0,0
19.930227840,1,0
19.930279040,1,1
19.930727840,0,1
19.930778240,0,0
19.931227840,1,0
19.931279200,1,1
19.931727680,0,1
19.931777920,0,0
19.932227680,1,0
19.932281280,1,1
19.932727680,0,1
19.932778720,0,0
19.933227680,1,0
19.933303840,1,1
19.933727680,0,1
19.933778400,0,0
19.934227520,1,0
19.934281280,1,1
19.934727520,0,1
19.934777920,0,0
19.935227520,1,0
19.935280480,1,1
19.935727520,0,1
19.935778240,0,0
19.936227520,1,0
19.936280640,1,1
19.936727520,0,1
19.936778560,0,0
19.937227360,1,0
19.937280800,1,1
19.937727360,0,1
19.937778560,0,0
19.938227360,1,0
19.938280640,1,1
19.938727360,0,1
19.938778400,0,0
19.939227360,1,0
19.939280800,1,1
19.939727360,0,1
19.939777920,0,0
19.940227200,1,0
19.940281440,1,1
19.940727200,0,1
19.940778400,0,0
19.941227200,1,0
19.941277760,1,1
19.941727200,0,1
19.941778080,0,0
19.942227040,1,0
19.942277600,1,1
19.942727040,0,1
19.942780480,0,0
19.943227040,1,0
19.943299200,1,1
19.943727040,0,1
19.943776320,0,0
19.944227040,1,0
19.944273920,1,1
19.944727040,0,1
19.944775840,0,0
19.945226880,1,0
19.945273440,1,1
19.945726880,0,1
19.945775360,0,0
19.946226880,1,0
19.946273280,1,1
19.946726880,0,1
19.946776000,0,0
19.947226880,1,0
19.947273120,1,1
19.947726880,0,1
19.947775680,0,0
19.948226720,1,0
19.948272960,1,1
19.948726720,0,1
19.948775840,0,0
19.949226720,1,0
19.949272800,1,1
19.949726720,0,1
19.949775360,0,0
19.950226720,1,0
19.950272640,1,1
19.950726720,0,1
19.950775520,0,0
19.951226560,1,0
19.951273120,1,1
19.951726560,0,1
19.951772800,0,0
19.952226560,1,0
19.952272800,1,1
19.952726560,0,1
19.952772480,0,0
19.953226400,1,0
19.953315520,1,1
19.953726400,0,1
19.953776800,0,0
19.954226400,1,0
19.954279040,1,1
19.954726400,0,1
19.954776000,0,0
19.955226400,1,0
19.955278880,1,1
19.955726400,0,1
19.955776160,0,0
19.956226240,1,0
19.956278560,1,1
19.956726240,0,1
19.956776480,0,0
19.957226240,1,0
19.957278880,1,1
19.957726240,0,1
19.957776160,0,0
19.958226240,1,0
19.958278560,1,1
19.958726240,0,1
19.958776160,0,0
19.959226080,1,0
19.959278400,1,1
19.959726080,0,1
19.959776000,0,0
19.960226080,1,0
19.960278400,1,1
19.960726080,0,1
19.960776000,0,0
19.961226080,1,0
19.961278560,1,1
19.961725920,0,1
19.961775680,0,0
19.962225920,1,0
19.962278400,1,1
19.962725920,0,1
19.962775680,0,0
19.963225920,1,0
19.963297920,1,1
19.963725920,0,1
19.963775520,0,0
19.964225760,1,0
19.964275360,1,1
19.964725760,0,1
19.964778400,0,0
19.965225760,1,0
19.965275680,1,1
19.965725760,0,1
19.965778560,0,0
19.966225760,1,0
19.966275520,1,1
19.966725760,0,1
19.966778240,0,0
19.967225600,1,0
19.967275360,1,1
19.967725600,0,1
19.967778560,0,0
19.968225600,1,0
19.968275040,1,1
19.968725600,0,1
19.968778560,0,0
19.969225600,1,0
19.969275680,1,1
19.969725600,0,1
19.969778080,0,0
19.970225440,1,0
19.970275360,1,1
19.970725440,0,1
19.970778240,0,0
19.971225440,1,0
19.971275040,1,1
19.971725440,0,1
19.971778080,0,0
19.972225440,1,0
19.972275200,1,1
19.972725280,0,1
19.972778080,0,0
19.973225280,1,0
19.973299680,1,1
19.973725280,0,1
19.973775200,0,0
19.974225280,1,0
19.974275040,1,1
19.974725280,0,1
19.974774560,0,0
19.975225120,1,0
19.975277920,1,1
19.975725120,0,1
19.975775200,0,0
19.976225120,1,0
19.976277760,1,1
19.976725120,0,1
19.976774880,0,0
19.977225120,1,0
19.977277440,1,1
19.977725120,0,1
19.977775040,0,0
19.978224960,1,0
19.978277600,1,1
19.978724960,0,1
19.978774720,0,0
19.979224960,1,0
19.979277440,1,1
19.979724960,0,1
19.979775200,0,0
19.980224960,1,0
19.980277600,1,1
19.980724960,0,1
19.980774880,0,0
19.981224800,1,0
19.981277600,1,1
19.981724800,0,1
19.981774560,0,0
19.982224800,1,0
19.982277440,1,1
19.982724800,0,1
19.982774560,0,0
19.983224800,1,0
19.983300000,1,1
19.983724640,0,1
19.983774880,0,0
19.984224640,1,0
19.984274080,1,1
19.984724640,0,1
19.984774880,0,0
19.985224640,1,0
19.985274400,1,1
19.985724640,0,1
19.985777280,0,0
19.986224480,1,0
19.986274880,1,1
19.986724480,0,1
19.986776640,0,0
19.987224480,1,0
19.987274240,1,1
19.987724480,0,1
19.987776960,0,0
19.988224480,1,0
19.988274080,1,1
19.988724480,0,1
19.988777120,0,0
19.989224320,1,0
19.989274560,1,1
19.989724320,0,1
19.989777120,0,0
19.990224320,1,0
19.990274560,1,1
19.990724320,0,1
19.990777120,0,0
19.991224320,1,0
19.991273920,1,1
19.991724320,0,1
19.991776960,0,0
19.992224160,1,0
19.992274080,1,1
19.992724160,0,1
19.992776960,0,0
19.993224160,1,0
19.993295200,1,1
19.993724160,0,1
19.993773600,0,0
19.994224160,1,0
19.994270240,1,1
19.994724000,0,1
19.994770080,0,0
19.995224000,1,0
19.995270240,1,1
19.995724000,0,1
19.995781120,0,0
19.996224000,1,0
19.996272160,1,1
19.996724000,0,1
19.996769760,0,0
19.997223840,1,0
19.997272960,1,1
19.997723840,0,1
19.997770240,0,0
19.998223840,1,0
19.998272480,1,1
19.998723840,0,1
19.998770240,0,0
19.999223840,1,0
19.999272480,1,1
19.999723840,0,1
19.999769920,0,0
20.000223680,1,0
20.000272800,1,1
20.000723680,0,1
20.000770560,0,0
20.001223680,1,0
20.001272640,1,1
20.001723680,0,1
20.001770080,0,0
20.002223680,1,0
20.002272000,1,1
20.002723680,0,1
20.002769600,0,0
20.003223520,1,0
20.003307520,1,1
20.003723520,0,1
20.003773120,0,0
20.004223520,1,0
20.004275680,1,1
20.004723520,0,1
20.004772480,0,0
20.005223520,1,0
20.005275680,1,1
20.005723360,0,1
20.005783840,0,0
20.006223360,1,0
20.006275040,1,1
20.006723360,0,1
20.006773760,0,0
20.007223360,1,0
20.007273600,1,1
20.007723360,0,1
20.007776000,0,0
20.008223200,1,0
20.008273280,1,1
20.008723200,0,1
20.008776160,0,0
20.009223200,1,0
20.009273600,1,1
20.009723200,0,1
20.009776000,0,0
20.010223200,1,0
20.010273440,1,1
20.010723200,0,1
20.010776000,0,0
20.011223040,1,0
20.011273280,1,1
20.011723040,0,1
20.011775680,0,0
20.012223040,1,0
20.012273280,1,1
20.012723040,0,1
20.012776160,0,0
20.013223040,1,0
20.013298080,1,1
20.013723040,0,1
20.013775840,0,0
20.014222880,1,0
20.014273120,1,1
20.014722880,0,1
20.014775520,0,0
20.015222880,1,0
20.015272960,1,1
20.015722880,0,1
20.015775840,0,0
20.016222880,1,0
20.016272960,1,1
20.016722720,0,1
20.016772480,0,0
20.017222720,1,0
20.017272640,1,1
20.017722720,0,1
20.017772640,0,0
20.018222720,1,0
20.018275680,1,1
20.018722720,0,1
20.018773120,0,0
20.019222560,1,0
20.019274880,1,1
20.019722560,0,1
20.019772320,0,0
20.020222560,1,0
20.020275040,1,1
20.020722560,0,1
20.020772160,0,0
20.021222560,1,0
20.021275200,1,1
20.021722560,0,1
20.021772480,0,0
20.022222400,1,0
20.022275040,1,1
20.022722400,0,1
20.022772480,0,0
20.023222400,1,0
20.023304000,1,1
20.023722400,0,1
20.023772960,0,0
20.024222400,1,0
20.024275520,1,1
20.024722400,0,1
20.024772320,0,0
20.025222240,1,0
20.025275200,1,1
20.025722240,0,1
20.025772800,0,0
20.026222240,1,0
20.026274720,1,1
20.026722240,0,1
20.026772480,0,0
20.027222080,1,0
20.027272000,1,1
20.027722080,0,1
20.027772320,0,0
20.028222080,1,0
20.028272000,1,1
20.028722080,0,1
20.028774880,0,0
20.029222080,1,0
20.029272000,1,1
20.029722080,0,1
20.029774880,0,0
20.030221920,1,0
20.030272160,1,1
20.030721920,0,1
20.030774560,0,0
20.031221920,1,0
20.031272000,1,1
20.031721920,0,1
20.031774720,0,0
20.032221920,1,0
20.032272160,1,1
20.032721920,0,1
20.032774880,0,0
20.033221760,1,0
20.033297280,1,1
20.033721760,0,1
20.033775040,0,0
20.034221760,1,0
20.034272000,1,1
20.034721760,0,1
20.034774400,0,0
20.035221760,1,0
20.035271520,1,1
20.035721760,0,1
20.035774400,0,0
20.036221600,1,0
20.036271680,1,1
20.036721600,0,1
20.036774080,0,0
20.037221600,1,0
20.037271680,1,1
20.037721600,0,1
20.037774560,0,0
20.038221440,1,0
20.038271840,1,1
20.038721440,0,1
20.038771200,0,0
20.039221440,1,0
20.039271360,1,1
20.039721440,0,1
20.039771200,0,0
20.040221440,1,0
20.040273920,1,1
20.040721440,0,1
20.040771040,0,0
20.041221280,1,0
20.041273920,1,1
20.041721280,0,1
20.041771200,0,0
20.042221280,1,0
20.042273760,1,1
20.042721280,0,1
20.042771520,0,0
20.043221280,1,0
20.043298240,1,1
20.043721280,0,1
20.043771040,0,0
20.044221120,1,0
20.044273760,1,1
20.044721120,0,1
20.044771520,0,0
20.045221120,1,0
20.045273920,1,1
20.045721120,0,1
20.045771200,0,0
20.046221120,1,0
20.046273760,1,1
20.046720960,0,1
20.046771360,0,0
20.047220960,1,0
20.047273280,1,1
20.047720960,0,1
20.047770720,0,0
20.048220960,1,0
20.048273920,1,1
20.048720960,0,1
20.048770560,0,0
20.049220800,1,0
20.049270880,1,1
20.049720800,0,1
20.049770880,0,0
20.050220800,1,0
20.050270560,1,1
20.050720800,0,1
20.050773280,0,0
20.051220800,1,0
20.051270880,1,1
20.051720800,0,1
20.051773440,0,0
20.052220640,1,0
20.052270240,1,1
20.052720640,0,1
20.052772800,0,0
20.053220640,1,0
20.053292640,1,1
20.053720640,0,1
20.053774080,0,0
20.054220640,1,0
20.054270880,1,1
20.054720640,0,1
20.054773600,0,0
20.055220480,1,0
20.055270560,1,1
20.055720480,0,1
20.055773280,0,0
20.056220480,1,0
20.056270400,1,1
20.056720480,0,1
20.056773120,0,0
20.057220480,1,0
20.057270560,1,1
20.057720320,0,1
20.057773280,0,0
20.058220320,1,0
20.058270240,1,1
20.058720320,0,1
20.058772800,0,0
20.059220320,1,0
20.059270240,1,1
20.059720320,0,1
20.059769920,0,0
20.060220160,1,0
20.060270560,1,1
20.060720160,0,1
20.060770080,0,0
20.061220160,1,0
20.061272320,1,1
20.061720160,0,1
20.061770400,0,0
20.062220160,1,0
20.062272480,1,1
20.062720160,0,1
20.062770240,0,0
20.063220000,1,0
20.063296480,1,1
20.063720000,0,1
20.063770400,0,0
20.064220000,1,0
20.064272640,1,1
20.064720000,0,1
20.064770080,0,0
20.065220000,1,0
20.065272480,1,1
20.065720000,0,1
20.065769760,0,0
20.066219840,1,0
20.066272640,1,1
20.066719840,0,1
20.066769600,0,0
20.067219840,1,0
20.067272800,1,1
20.067719840,0,1
20.067769920,0,0
20.068219840,1,0
20.068272640,1,1
20.068719680,0,1
20.068769920,0,0
20.069219680,1,0
20.069272320,1,1
20.069719680,0,1
20.069769600,0,0
20.070219680,1,0
20.070272000,1,1
20.070719680,0,1
20.070769600,0,0
20.071219520,1,0
20.071269600,1,1
20.071719520,0,1
20.071769120,0,0
20.072219520,1,0
20.072268640,1,1
20.072719520,0,1
20.072772320,0,0
20.073219520,1,0
20.073290880,1,1
20.073719520,0,1
20.073772480,0,0
20.074219360,1,0
20.074269440,1,1
20.074719360,0,1
20.074771840,0,0
20.075219360,1,0
20.075269120,1,1
20.075719360,0,1
20.075771840,0,0
20.076219360,1,0
20.076268960,1,1
20.076719360,0,1
20.076772160,0,0
20.077219200,1,0
20.077269760,1,1
20.077719200,0,1
20.077771520,0,0
20.078219200,1,0
20.078269120,1,1
20.078719200,0,1
20.078772160,0,0
20.079219200,1,0
20.079268960,1,1
20.079719040,0,1
20.079772000,0,0
20.080219040,1,0
20.080269440,1,1
20.080719040,0,1
20.080772000,0,0
20.081219040,1,0
20.081269120,1,1
20.081719040,0,1
20.081769120,0,0
20.082218880,1,0
20.082268800,1,1
20.082718880,0,1
20.082768640,0,0
20.083218880,1,0
20.083295680,1,1
20.083718880,0,1
20.083769440,0,0
20.084218880,1,0
20.084271200,1,1
20.084718880,0,1
20.084768640,0,0
20.085218720,1,0
20.085271200,1,1
20.085718720,0,1
20.085769120,0,0
20.086218720,1,0
20.086271360,1,1
20.086718720,0,1
20.086768640,0,0
20.087218720,1,0
20.087271840,1,1
20.087718720,0,1
20.087768800,0,0
20.088218560,1,0
20.088271360,1,1
20.088718560,0,1
20.088768640,0,0
20.089218560,1,0
20.089271040,1,1
20.089718560,0,1
20.089768480,0,0
20.090218560,1,0
20.090271360,1,1
20.090718400,0,1
20.090768320,0,0
20.091218400,1,0
20.091271360,1,1
20.091718400,0,1
20.091768480,0,0
20.092218400,1,0
20.092268320,1,1
20.092718400,0,1
20.092768480,0,0
20.093218240,1,0
20.093292960,1,1
20.093718240,0,1
20.093768640,0,0
20.094218240,1,0
20.094268160,1,1
20.094718240,0,1
20.094770880,0,0
20.095218240,1,0
20.095268160,1,1
20.095718240,0,1
20.095770560,0,0
20.096218080,1,0
20.096268320,1,1
20.096718080,0,1
20.096770240,0,0
20.097218080,1,0
20.097268160,1,1
20.097718080,0,1
20.097770720,0,0
20.098218080,1,0
20.098268000,1,1
20.098718080,0,1
20.098771040,0,0
20.099217920,1,0
20.099267680,1,1
20.099717920,0,1
20.099770720,0,0
20.100217920,1,0
20.100268160,1,1
20.100717920,0,1
20.100770720,0,0
20.101217920,1,0
20.101267840,1,1
20.101717760,0,1
20.101770880,0,0
20.102217760,1,0
20.102267680,1,1
20.102717760,0,1
20.102770240,0,0
20.103217760,1,0
20.103289440,1,1
20.103717760,0,1
20.103768160,0,0
20.104217600,1,0
20.104267840,1,1
20.104717600,0,1
20.104767360,0,0
20.105217600,1,0
20.105269920,1,1
20.105717600,0,1
20.105767520,0,0
20.106217600,1,0
20.106270240,1,1
20.106717600,0,1
20.106767200,0,0
20.107217440,1,0
20.107269920,1,1
20.107717440,0,1
20.107767520,0,0
20.108217440,1,0
20.108269760,1,1
20.108717440,0,1
20.108767520,0,0
20.109217440,1,0
20.109270080,1,1
20.109717440,0,1
20.109767360,0,0
20.110217280,1,0
20.110270080,1,1
20.110717280,0,1
20.110767520,0,0
20.111217280,1,0
20.111270400,1,1
20.111717280,0,1
20.111767360,0,0
20.112217120,1,0
20.112270240,1,1
20.112717120,0,1
20.112767200,0,0
20.113217120,1,0
20.113296960,1,1
20.113717120,0,1
20.113769120,0,0
20.114217120,1,0
20.114267840,1,1
20.114717120,0,1
20.114767520,0,0
20.115216960,1,0
20.115266880,1,1
20.115716960,0,1
20.115770080,0,0
20.116216960,1,0
20.116267360,1,1
20.116716960,0,1
20.116769920,0,0
20.117216960,1,0
20.117266880,1,1
20.117716960,0,1
20.117769440,0,0
20.118216800,1,0
20.118267360,1,1
20.118716800,0,1
20.118769760,0,0
20.119216800,1,0
20.119267200,1,1
20.119716800,0,1
20.119769600,0,0
20.120216800,1,0
20.120267040,1,1
20.120716800,0,1
20.120769760,0,0
20.121216640,1,0
20.121266880,1,1
20.121716640,0,1
20.121769920,0,0
20.122216640,1,0
20.122266560,1,1
20.122716640,0,1
20.122770080,0,0
20.123216480,1,0
20.123289280,1,1
20.123716480,0,1
20.123770400,0,0
20.124216480,1,0
20.124266720,1,1
20.124716480,0,1
20.124766880,0,0
20.125216480,1,0
20.125266880,1,1
20.125716480,0,1
20.125766560,0,0
20.126216320,1,0
20.126269120,1,1
20.126716320,0,1
20.126766560,0,0
20.127216320,1,0
20.127269120,1,1
20.127716320,0,1
20.127766560,0,0
20.128216320,1,0
20.128269280,1,1
20.128716320,0,1
20.128765920,0,0
20.129216160,1,0
20.129269280,1,1
20.129716160,0,1
20.129766400,0,0
20.130216160,1,0
20.130269280,1,1
20.130716160,0,1
20.130766080,0,0
20.131216160,1,0
20.131269280,1,1
20.131716000,0,1
20.131766240,0,0
20.132216000,1,0
20.132269440,1,1
20.132716000,0,1
20.132766400,0,0
20.133216000,1,0
20.133296320,1,1
20.133716000,0,1
20.133766240,0,0
20.134215840,1,0
20.134269600,1,1
20.134715840,0,1
20.134766560,0,0
20.135215840,1,0
20.135268800,1,1
20.135715840,0,1
20.135766080,0,0
20.136215840,1,0
20.136266240,1,1
20.136715840,0,1
20.136766240,0,0
20.137215680,1,0
20.137265760,1,1
20.137715680,0,1
20.137768320,0,0
20.138215680,1,0
20.138265920,1,1
20.138715680,0,1
20.138768480,0,0
20.139215680,1,0
20.139266080,1,1
20.139715680,0,1
20.139768480,0,0
20.140215520,1,0
20.140266080,1,1
20.140715520,0,1
20.140768640,0,0
20.141215520,1,0
20.141265920,1,1
20.141715520,0,1
20.141768960,0,0
20.142215520,1,0
20.142265440,1,1
20.142715360,0,1
20.142769120,0,0
20.143215360,1,0
20.143287040,1,1
20.143715360,0,1
20.143768960,0,0
20.144215360,1,0
20.144265920,1,1
20.144715360,0,1
20.144768640,0,0
20.145215200,1,0
20.145265440,1,1
20.145715200,0,1
20.145768320,0,0
20.146215200,1,0
20.146265600,1,1
20.146715200,0,1
20.146765280,0,0
20.147215200,1,0
20.147265440,1,1
20.147715200,0,1
20.147764960,0,0
20.148215040,1,0
20.148268000,1,1
20.148715040,0,1
20.148765600,0,0
20.149215040,1,0
20.149268000,1,1
20.149715040,0,1
20.149765280,0,0
20.150215040,1,0
20.150267520,1,1
20.150715040,0,1
20.150765120,0,0
20.151214880,1,0
20.151267680,1,1
20.151714880,0,1
20.151765600,0,0
20.152214880,1,0
20.152267840,1,1
20.152714880,0,1
20.152765440,0,0
20.153214880,1,0
20.153294560,1,1
20.153714720,0,1
20.153765120,0,0
20.154214720,1,0
20.154268480,1,1
20.154714720,0,1
20.154764960,0,0
20.155214720,1,0
20.155268000,1,1
20.155714720,0,1
20.155764960,0,0
20.156214560,1,0
20.156267840,1,1
20.156714560,0,1
20.156764960,0,0
20.157214560,1,0
20.157264800,1,1
20.157714560,0,1
20.157765120,0,0
20.158214560,1,0
20.158264960,1,1
20.158714560,0,1
20.158767520,0,0
20.159214400,1,0
20.159264960,1,1
20.159714400,0,1
20.159767360,0,0
20.160214400,1,0
20.160264800,1,1
20.160714400,0,1
20.160767200,0,0
20.161214400,1,0
20.161264800,1,1
20.161714400,0,1
20.161767680,0,0
20.162214240,1,0
20.162264480,1,1
20.162714240,0,1
20.162767360,0,0
20.163214240,1,0
20.163286080,1,1
20.163714240,0,1
20.163767040,0,0
20.164214240,1,0
20.164264000,1,1
20.164714080,0,1
20.164766560,0,0
20.165214080,1,0
20.165263360,1,1
20.165714080,0,1
20.165766240,0,0
20.166214080,1,0
20.166263520,1,1
20.166714080,0,1
20.166766400,0,0
20.167213920,1,0
20.167263360,1,1
20.167713920,0,1
20.167766080,0,0
20.168213920,1,0
20.168263840,1,1
20.168713920,0,1
20.168763840,0,0
20.169213920,1,0
20.169264000,1,1
20.169713920,0,1
20.169763200,0,0
20.170213760,1,0
20.170265760,1,1
20.170713760,0,1
20.170881440,0,0
20.171213760,1,0
20.171268320,1,1
20.171713760,0,1
20.171764960,0,0
20.172213760,1,0
20.172266880,1,1
20.172713760,0,1
20.172763680,0,0
20.173213600,1,0
20.173292320,1,1
20.173713600,0,1
20.173763520,0,0
20.174213600,1,0
20.174266080,1,1
20.174713600,0,1
20.174762880,0,0
20.175213600,1,0
20.175265920,1,1
20.175713440,0,1
20.175763040,0,0
20.176213440,1,0
20.176265760,1,1
20.176713440,0,1
20.176762880,0,0
20.177213440,1,0
20.177265440,1,1
20.177713440,0,1
20.177762720,0,0
20.178213280,1,0
20.178265920,1,1
20.178713280,0,1
20.178762880,0,0
20.179213280,1,0
20.179262720,1,1
20.179713280,0,1
20.179762720,0,0
20.180213280,1,0
20.180262720,1,1
20.180713280,0,1
20.180765280,0,0
20.181213120,1,0
20.181267040,1,1
20.181713120,0,1
20.181766560,0,0
20.182213120,1,0
20.182263040,1,1
20.182713120,0,1
20.182766080,0,0
20.183213120,1,0
20.183285600,1,1
20.183713120,0,1
20.183766080,0,0
20.184212960,1,0
20.184263680,1,1
20.184712960,0,1
20.184766080,0,0
20.185212960,1,0
20.185263200,1,1
20.185712960,0,1
20.185765920,0,0
20.186212960,1,0
20.186263040,1,1
20.186712800,0,1
20.186765600,0,0
20.187212800,1,0
20.187263040,1,1
20.187712800,0,1
20.187766080,0,0
20.188212800,1,0
20.188262880,1,1
20.188712800,0,1
20.188765920,0,0
20.189212640,1,0
20.189262560,1,1
20.189712640,0,1
20.189762720,0,0
20.190212640,1,0
20.190262560,1,1
20.190712640,0,1
20.190762240,0,0
20.191212640,1,0
20.191265280,1,1
20.191712640,0,1
20.191762560,0,0
20.192212480,1,0
20.192265120,1,1
20.192712480,0,1
20.192762400,0,0
20.193212480,1,0
20.193289440,1,1
20.193712480,0,1
20.193762880,0,0
20.194212480,1,0
20.194265280,1,1
20.194712480,0,1
20.194762560,0,0
20.195212320,1,0
20.195265440,1,1
20.195712320,0,1
20.195762880,0,0
20.196212320,1,0
20.196264960,1,1
20.196712320,0,1
20.196762400,0,0
20.197212160,1,0
20.197264960,1,1
20.197712160,0,1
20.197762560,0,0
20.198212160,1,0
20.198264960,1,1
20.198712160,0,1
20.198762240,0,0
20.199212160,1,0
20.199265120,1,1
20.199712160,0,1
20.199761920,0,0
20.200212000,1,0
20.200264640,1,1
20.200712000,0,1
20.200762240,0,0
20.201212000,1,0
20.201262400,1,1
20.201712000,0,1
20.201762560,0,0
20.202212000,1,0
20.202262400,1,1
20.202712000,0,1
20.202764800,0,0
20.203211840,1,0
20.203283840,1,1
20.203711840,0,1
20.203765760,0,0
20.204211840,1,0
20.204261920,1,1
20.204711840,0,1
20.204764960,0,0
20.205211840,1,0
20.205262240,1,1
20.205711840,0,1
20.205764640,0,0
20.206211680,1,0
20.206261760,1,1
20.206711680,0,1
20.206764640,0,0
20.207211680,1,0
20.207261920,1,1
20.207711680,0,1
20.207764960,0,0
20.208211520,1,0
20.208261920,1,1
20.208711520,0,1
20.208764640,0,0
20.209211520,1,0
20.209261600,1,1
20.209711520,0,1
20.209764800,0,0
20.210211520,1,0
20.210261920,1,1
20.210711520,0,1
20.210764800,0,0
20.211211360,1,0
20.211261600,1,1
20.211711360,0,1
20.211761280,0,0
20.212211360,1,0
20.212261920,1,1
20.212711360,0,1
20.212761440,0,0
20.213211360,1,0
20.213291360,1,1
20.213711360,0,1
20.213761920,0,0
20.214211200,1,0
20.214264160,1,1
20.214711200,0,1
20.214760960,0,0
20.215211200,1,0
20.215263840,1,1
20.215711200,0,1
20.215760960,0,0
20.216211200,1,0
20.216264000,1,1
20.216711040,0,1
20.216761440,0,0
20.217211040,1,0
20.217264000,1,1
20.217711040,0,1
20.217761440,0,0
20.218211040,1,0
20.218264320,1,1
20.218711040,0,1
20.218761280,0,0
20.219210880,1,0
20.219263840,1,1
20.219710880,0,1
20.219761120,0,0
20.220210880,1,0
20.220263840,1,1
20.220710880,0,1
20.220760960,0,0
20.221210880,1,0
20.221263680,1,1
20.221710880,0,1
20.221760960,0,0
20.222210720,1,0
20.222260800,1,1
20.222710720,0,1
20.222760800,0,0
20.223210720,1,0
20.223289760,1,1
20.223710720,0,1
20.223761600,0,0
20.224210720,1,0
20.224261120,1,1
20.224710720,0,1
20.224763680,0,0
20.225210560,1,0
20.225260800,1,1
20.225710560,0,1
20.225763360,0,0
20.226210560,1,0
20.226260160,1,1
20.226710560,0,1
20.226763040,0,0
20.227210560,1,0
20.227260480,1,1
20.227710400,0,1
20.227763840,0,0
20.228210400,1,0
20.228260640,1,1
20.228710400,0,1
20.228763200,0,0
20.229210400,1,0
20.229260800,1,1
20.229710400,0,1
20.229763680,0,0
20.230210240,1,0
20.230260640,1,1
20.230710240,0,1
20.230762720,0,0
20.231210240,1,0
20.231260480,1,1
20.231710240,0,1
20.231763520,0,0
20.232210240,1,0
20.232260800,1,1
20.232710240,0,1
20.232763040,0,0
20.233210080,1,0
20.233284320,1,1
20.233710080,0,1
20.233760480,0,0
20.234210080,1,0
20.234260480,1,1
20.234710080,0,1
20.234760480,0,0
20.235210080,1,0
20.235263040,1,1
20.235710080,0,1
20.235760480,0,0
20.236209920,1,0
20.236262560,1,1
20.236709920,0,1
20.236760000,0,0
20.237209920,1,0
20.237262720,1,1
20.237709920,0,1
20.237759840,0,0
20.238209920,1,0
20.238262720,1,1
20.238709760,0,1
20.238759680,0,0
20.239209760,1,0
20.239262560,1,1
20.239709760,0,1
20.239760000,0,0
20.240209760,1,0
20.240262560,1,1
20.240709760,0,1
20.240759200,0,0
20.241209600,1,0
20.241262880,1,1
20.241709600,0,1
20.241759680,0,0
20.242209600,1,0
20.242262560,1,1
20.242709600,0,1
20.242759840,0,0
20.243209600,1,0
20.243290080,1,1
20.243709600,0,1
20.243759840,0,0
20.244209440,1,0
20.244259840,1,1
20.244709440,0,1
20.244759840,0,0
20.245209440,1,0
20.245260000,1,1
20.245709440,0,1
20.245762400,0,0
20.246209440,1,0
20.246259840,1,1
20.246709440,0,1
20.246762080,0,0
20.247209280,1,0
20.247259360,1,1
20.247709280,0,1
20.247762400,0,0
20.248209280,1,0
20.248259040,1,1
20.248709280,0,1
20.248762240,0,0
20.249209280,1,0
20.249259680,1,1
20.249709120,0,1
20.249762240,0,0
20.250209120,1,0
20.250259520,1,1
20.250709120,0,1
20.250762080,0,0
20.251209120,1,0
20.251259360,1,1
20.251709120,0,1
20.251761760,0,0
20.252208960,1,0
20.252259360,1,1
20.252708960,0,1
20.252762560,0,0
20.253208960,1,0
20.253282560,1,1
20.253708960,0,1
20.253762560,0,0
20.254208960,1,0
20.254259040,1,1
20.254708960,0,1
20.254758400,0,0
20.255208800,1,0
20.255258880,1,1
20.255708800,0,1
20.255759040,0,0
20.256208800,1,0
20.256261760,1,1
20.256708800,0,1
20.256758880,0,0
20.257208800,1,0
20.257261120,1,1
20.257708800,0,1
20.257758880,0,0
20.258208640,1,0
20.258261440,1,1
20.258708640,0,1
20.258758720,0,0
20.259208640,1,0
20.259261600,1,1
20.259708640,0,1
20.259758880,0,0
20.260208640,1,0
20.260261280,1,1
20.260708480,0,1
20.260758720,0,0
20.261208480,1,0
20.261261760,1,1
20.261708480,0,1
20.261758880,0,0
20.262208480,1,0
20.262261280,1,1
20.262708480,0,1
20.262758560,0,0
20.263208320,1,0
20.263285120,1,1
20.263708320,0,1
20.263759360,0,0
20.264208320,1,0
20.264261440,1,1
20.264708320,0,1
20.264758400,0,0
20.265208320,1,0
20.265261600,1,1
20.265708320,0,1
20.265758720,0,0
20.266208160,1,0
20.266258240,1,1
20.266708160,0,1
20.266761120,0,0
20.267208160,1,0
20.267258560,1,1
20.267708160,0,1
20.267760800,0,0
20.268208160,1,0
20.268258720,1,1
20.268708160,0,1
20.268760960,0,0
20.269208000,1,0
20.269258560,1,1
20.269708000,0,1
20.269760640,0,0
20.270208000,1,0
20.270258080,1,1
20.270708000,0,1
20.270760640,0,0
20.271208000,1,0
20.271258080,1,1
20.271707840,0,1
20.271760800,0,0
20.272207840,1,0
20.272257920,1,1
20.272707840,0,1
20.272760800,0,0
20.273207840,1,0
20.273284640,1,1
20.273707840,0,1
20.273761280,0,0
20.274207680,1,0
20.274257920,1,1
20.274707680,0,1
20.274760640,0,0
20.275207680,1,0
20.275258080,1,1
20.275707680,0,1
20.275760960,0,0
20.276207680,1,0
20.276257600,1,1
20.276707680,0,1
20.276757440,0,0
20.277207520,1,0
20.277257760,1,1
20.277707520,0,1
20.277757440,0,0
20.278207520,1,0
20.278260320,1,1
20.278707520,0,1
20.278757600,0,0
20.279207520,1,0
20.279260160,1,1
20.279707520,0,1
20.279757600,0,0
20.280207360,1,0
20.280260320,1,1
20.280707360,0,1
20.280757280,0,0
20.281207360,1,0
20.281260320,1,1
20.281707360,0,1
20.281757440,0,0
20.282207200,1,0
20.282260480,1,1
20.282707200,0,1
20.282757760,0,0
20.283207200,1,0
20.283285600,1,1
20.283707200,0,1
20.283757920,0,0
20.284207200,1,0
20.284260320,1,1
20.284707200,0,1
20.284757600,0,0
20.285207040,1,0
20.285260000,1,1
20.285707040,0,1
20.285756960,0,0
20.286207040,1,0
20.286259680,1,1
20.286707040,0,1
20.286757440,0,0
20.287207040,1,0
20.287256960,1,1
20.287707040,0,1
20.287757280,0,0
20.288206880,1,0
20.288256480,1,1
20.288706880,0,1
20.288760320,0,0
20.289206880,1,0
20.289256960,1,1
20.289706880,0,1
20.289759520,0,0
20.290206880,1,0
20.290256960,1,1
20.290706720,0,1
20.290759360,0,0
20.291206720,1,0
20.291257280,1,1
20.291706720,0,1
20.291759520,0,0
20.292206720,1,0
20.292256800,1,1
20.292706720,0,1
20.292759520,0,0
20.293206560,1,0
20.293280480,1,1
20.293706560,0,1
20.293759520,0,0
20.294206560,1,0
20.294255840,1,1
20.294706560,0,1
20.294758560,0,0
20.295206560,1,0
20.295255840,1,1
20.295706560,0,1
20.295758720,0,0
20.296206400,1,0
20.296255840,1,1
20.296706400,0,1
20.296758560,0,0
20.297206400,1,0
20.297256000,1,1
20.297706400,0,1
20.297755520,0,0
20.298206400,1,0
20.298255680,1,1
20.298706400,0,1
20.298755840,0,0
20.299206240,1,0
20.299258240,1,1
20.299706240,0,1
20.299755200,0,0
20.300206240,1,0
20.300258400,1,1
20.300706240,0,1
20.300755520,0,0
20.301206240,1,0
20.301257760,1,1
20.301706080,0,1
20.301755520,0,0
20.302206080,1,0
20.302262240,1,1
20.302706080,0,1
20.302758720,0,0
20.303206080,1,0
20.303360000,1,1
20.303706080,0,1
20.303758400,0,0
20.304205920,1,0
20.304259200,1,1
20.304705920,0,1
20.304756000,0,0
20.305205920,1,0
20.305258560,1,1
20.305705920,0,1
20.305755200,0,0
20.306205920,1,0
20.306258240,1,1
20.306705920,0,1
20.306755840,0,0
20.307205760,1,0
20.307258080,1,1
20.307705760,0,1
20.307755360,0,0
20.308205760,1,0
20.308257920,1,1
20.308705760,0,1
20.308755040,0,0
20.309205760,1,0
20.309254880,1,1
20.309705760,0,1
20.309755040,0,0
20.310205600,1,0
20.310255200,1,1
20.310705600,0,1
20.310757760,0,0
20.311205600,1,0
20.311255200,1,1
20.311705600,0,1
20.311757440,0,0
20.312205600,1,0
20.312255200,1,1
20.312705440,0,1
20.312768640,0,0
20.313205440,1,0
20.313282240,1,1
20.313705440,0,1
20.313754880,0,0
20.314205440,1,0
20.314252000,1,1
20.314705440,0,1
20.314754240,0,0
20.315205280,1,0
20.315251680,1,1
20.315705280,0,1
20.315754560,0,0
20.316205280,1,0
20.316251520,1,1
20.316705280,0,1
20.316754240,0,0
20.317205280,1,0
20.317251680,1,1
20.317705280,0,1
20.317753920,0,0
20.318205120,1,0
20.318251040,1,1
20.318705120,0,1
20.318754080,0,0
20.319205120,1,0
20.319251360,1,1
20.319705120,0,1
20.319751040,0,0
20.320205120,1,0
20.320251520,1,1
20.320705120,0,1
20.320750880,0,0
20.321204960,1,0
20.321253600,1,1
20.321704960,0,1
20.321750720,0,0
20.322204960,1,0
20.322254240,1,1
20.322704960,0,1
20.322751360,0,0
20.323204960,1,0
20.323287520,1,1
20.323704800,0,1
20.323756000,0,0
20.324204800,1,0
20.324257920,1,1
20.324704800,0,1
20.324755520,0,0
20.325204800,1,0
20.325257440,1,1
20.325704800,0,1
20.325754880,0,0
20.326204640,1,0
20.326257440,1,1
20.326704640,0,1
20.326754720,0,0
20.327204640,1,0
20.327256800,1,1
20.327704640,0,1
20.327754560,0,0
20.328204640,1,0
20.328257440,1,1
20.328704640,0,1
20.328754400,0,0
20.329204480,1,0
20.329257600,1,1
20.329704480,0,1
20.329754560,0,0
20.330204480,1,0
20.330254560,1,1
20.330704480,0,1
20.330754720,0,0
20.331204480,1,0
20.331254240,1,1
20.331704480,0,1
20.331756960,0,0
20.332204320,1,0
20.332254720,1,1
20.332704320,0,1
20.332756640,0,0
20.333204320,1,0
20.333282240,1,1
20.333704320,0,1
20.333757600,0,0
20.334204160,1,0
20.334255040,1,1
20.334704160,0,1
20.334757600,0,0
20.335204160,1,0
20.335254400,1,1
20.335704160,0,1
20.335756640,0,0
20.336204160,1,0
20.336254560,1,1
20.336704160,0,1
20.336756640,0,0
20.337204000,1,0
20.337254400,1,1
20.337704000,0,1
20.337757120,0,0
20.338204000,1,0
20.338254080,1,1
20.338704000,0,1
20.338756960,0,0
20.339204000,1,0
20.339254080,1,1
20.339704000,0,1
20.339756800,0,0
20.340203840,1,0
20.340254400,1,1
20.340703840,0,1
20.340756480,0,0
20.341203840,1,0
20.341253760,1,1
20.341703840,0,1
20.341753760,0,0
20.342203840,1,0
20.342253920,1,1
20.342703680,0,1
20.342753920,0,0
20.343203680,1,0
20.343283040,1,1
20.343703680,0,1
20.343753600,0,0
20.344203680,1,0
20.344255520,1,1
20.344703680,0,1
20.344753280,0,0
20.345203520,1,0
20.345255520,1,1
20.345703520,0,1
20.345752800,0,0
20.346203520,1,0
20.346255680,1,1
20.346703520,0,1
20.346752960,0,0
20.347203520,1,0
20.347255360,1,1
20.347703520,0,1
20.347752640,0,0
20.348203360,1,0
20.348330400,1,1
20.348703360,0,1
20.348776800,0,0
20.349203360,1,0
20.349259200,1,1
20.349703360,0,1
20.349757440,0,0
20.350203360,1,0
20.350257440,1,1
20.350703360,0,1
20.350754400,0,0
20.351203200,1,0
20.351256640,1,1
20.351703200,0,1
20.351754080,0,0
20.352203200,1,0
20.352253600,1,1
20.352703200,0,1
20.352753760,0,0
20.353203200,1,0
20.353291680,1,1
20.353703040,0,1
20.353754080,0,0
20.354203040,1,0
20.354254080,1,1
20.354703040,0,1
20.354756000,0,0
20.355203040,1,0
20.355253440,1,1
20.355703040,0,1
20.355755680,0,0
20.356202880,1,0
20.356253760,1,1
20.356702880,0,1
20.356756320,0,0
20.357202880,1,0
20.357253760,1,1
20.357702880,0,1
20.357756160,0,0
20.358202880,1,0
20.358253440,1,1
20.358702880,0,1
20.358755840,0,0
20.359202720,1,0
20.359253440,1,1
20.359702720,0,1
20.359756000,0,0
20.360202720,1,0
20.360253120,1,1
20.360702720,0,1
20.360756320,0,0
20.361202720,1,0
20.361252960,1,1
20.361702720,0,1
20.361756160,0,0
20.362202560,1,0
20.362253280,1,1
20.362702560,0,1
20.362752800,0,0
20.363202560,1,0
20.363278400,1,1
20.363702560,0,1
20.363752960,0,0
20.364202560,1,0
20.364255520,1,1
20.364702400,0,1
20.364753280,0,0
20.365202400,1,0
20.365255360,1,1
20.365702400,0,1
20.365753280,0,0
20.366202400,1,0
20.366255680,1,1
20.366702400,0,1
20.366753280,0,0
20.367202240,1,0
20.367255200,1,1
20.367702240,0,1
20.367752960,0,0
20.368202240,1,0
20.368255520,1,1
20.368702240,0,1
20.368753280,0,0
20.369202240,1,0
20.369255520,1,1
20.369702240,0,1
20.369752960,0,0
20.370202080,1,0
20.370255360,1,1
20.370702080,0,1
20.370752640,0,0
20.371202080,1,0
20.371256000,1,1
20.371702080,0,1
20.371752480,0,0
20.372202080,1,0
20.372255680,1,1
20.372702080,0,1
20.372752640,0,0
20.373201920,1,0
20.373278880,1,1
20.373701920,0,1
20.373752640,0,0
20.374201920,1,0
20.374252640,1,1
20.374701920,0,1
20.374752320,0,0
20.375201920,1,0
20.375252000,1,1
20.375701760,0,1
20.375755040,0,0
20.376201760,1,0
20.376252160,1,1
20.376701760,0,1
20.376754720,0,0
20.377201760,1,0
20.377252480,1,1
20.377701760,0,1
20.377754560,0,0
20.378201600,1,0
20.378252320,1,1
20.378701600,0,1
20.378755200,0,0
20.379201600,1,0
20.379252480,1,1
20.379701600,0,1
20.379755040,0,0
20.380201600,1,0
20.380252000,1,1
20.380701600,0,1
20.380755360,0,0
20.381201440,1,0
20.381252160,1,1
20.381701440,0,1
20.381755040,0,0
20.382201440,1,0
20.382251840,1,1
20.382701440,0,1
20.382754240,0,0
20.383201440,1,0
20.383277280,1,1
20.383701440,0,1
20.383755200,0,0
20.384201280,1,0
20.384251840,1,1
20.384701280,0,1
20.384752160,0,0
20.385201280,1,0
20.385252000,1,1
20.385701280,0,1
20.385752000,0,0
20.386201120,1,0
20.386254240,1,1
20.386701120,0,1
20.386751840,0,0
20.387201120,1,0
20.387254400,1,1
20.387701120,0,1
20.387751680,0,0
20.388201120,1,0
20.388253920,1,1
20.388701120,0,1
20.388752160,0,0
20.389200960,1,0
20.389254240,1,1
20.389700960,0,1
20.389751520,0,0
20.390200960,1,0
20.390254080,1,1
20.390700960,0,1
20.390751680,0,0
20.391200960,1,0
20.391254400,1,1
20.391700960,0,1
20.391751200,0,0
20.392200800,1,0
20.392253920,1,1
20.392700800,0,1
20.392751200,0,0
20.393200800,1,0
20.393284000,1,1
20.393700800,0,1
20.393752800,0,0
20.394200800,1,0
20.394256800,1,1
20.394700800,0,1
20.394753280,0,0
20.395200640,1,0
20.395257120,1,1
20.395700640,0,1
20.395752000,0,0
20.396200640,1,0
20.396251040,1,1
20.396700640,0,1
20.396756800,0,0
20.397200480,1,0
20.397253440,1,1
20.397700480,0,1
20.397755520,0,0
20.398200480,1,0
20.398253280,1,1
20.398700480,0,1
20.398755840,0,0
20.399200480,1,0
20.399252640,1,1
20.399700480,0,1
20.399754720,0,0
20.400200320,1,0
20.400252320,1,1
20.400700320,0,1
20.400754880,0,0
20.401200320,1,0
20.401252640,1,1
20.401700320,0,1
20.401755360,0,0
20.402200320,1,0
20.402252480,1,1
20.402700320,0,1
20.402754880,0,0
20.403200160,1,0
20.403279840,1,1
20.403700160,0,1
20.403755360,0,0
20.404200160,1,0
20.404252000,1,1
20.404700160,0,1
20.404755040,0,0
20.405200160,1,0
20.405252000,1,1
20.405700000,0,1
20.405755200,0,0
20.406200000,1,0
20.406252000,1,1
20.406700000,0,1
20.406751520,0,0
20.407200000,1,0
20.407252320,1,1
20.407700000,0,1
20.407751840,0,0
20.408199840,1,0
20.408254720,1,1
20.408699840,0,1
20.408752000,0,0
20.409199840,1,0
20.409254400,1,1
20.409699840,0,1
20.409752160,0,0
20.410199840,1,0
20.410254400,1,1
20.410699840,0,1
20.410751840,0,0
20.411199680,1,0
20.411254880,1,1
20.411699680,0,1
20.411751360,0,0
20.412199680,1,0
20.412254880,1,1
20.412699680,0,1
20.412752000,0,0
20.413199680,1,0
20.413280960,1,1
20.413699680,0,1
20.413752480,0,0
20.414199520,1,0
20.414254400,1,1
20.414699520,0,1
20.414751200,0,0
20.415199520,1,0
20.415254720,1,1
20.415699520,0,1
20.415751680,0,0
20.416199520,1,0
20.416254080,1,1
20.416699360,0,1
20.416751360,0,0
20.417199360,1,0
20.417251040,1,1
20.417699360,0,1
20.417751520,0,0
20.418199360,1,0
20.418251680,1,1
20.418699360,0,1
20.418754240,0,0
20.419199200,1,0
20.419251680,1,1
20.419699200,0,1
20.419753920,0,0
20.420199200,1,0
20.420251840,1,1
20.420699200,0,1
20.420754240,0,0
20.421199200,1,0
20.421251360,1,1
20.421699200,0,1
20.421754240,0,0
20.422199040,1,0
20.422250880,1,1
20.422699040,0,1
20.422754240,0,0
20.423199040,1,0
20.423280480,1,1
20.423699040,0,1
20.423754240,0,0
20.424199040,1,0
20.424251200,1,1
20.424699040,0,1
20.424753920,0,0
20.425198880,1,0
20.425251520,1,1
20.425698880,0,1
20.425753600,0,0
20.426198880,1,0
20.426251040,1,1
20.426698880,0,1
20.426754080,0,0
20.427198880,1,0
20.427251360,1,1
20.427698720,0,1
20.427750880,0,0
20.428198720,1,0
20.428250880,1,1
20.428698720,0,1
20.428750720,0,0
20.429198720,1,0
20.429253600,1,1
20.429698720,0,1
20.429750720,0,0
20.430198560,1,0
20.430253440,1,1
20.430698560,0,1
20.430750560,0,0
20.431198560,1,0
20.431253120,1,1
20.431698560,0,1
20.431750560,0,0
20.432198560,1,0
20.432253280,1,1
20.432698560,0,1
20.432750400,0,0
20.433198400,1,0
20.433279200,1,1
20.433698400,0,1
20.433750560,0,0
20.434198400,1,0
20.434253120,1,1
20.434698400,0,1
20.434750560,0,0
20.435198400,1,0
20.435253280,1,1
20.435698240,0,1
20.435750240,0,0
20.436198240,1,0
20.436252960,1,1
20.436698240,0,1
20.436750240,0,0
20.437198240,1,0
20.437253120,1,1
20.437698240,0,1
20.437750240,0,0
20.438198080,1,0
20.438253120,1,1
20.438698080,0,1
20.438750560,0,0
20.439198080,1,0
20.439250080,1,1
20.439698080,0,1
20.439750240,0,0
20.440198080,1,0
20.440249920,1,1
20.440698080,0,1
20.440752800,0,0
20.441197920,1,0
20.441250400,1,1
20.441697920,0,1
20.441752800,0,0
20.442197920,1,0
20.442249920,1,1
20.442697920,0,1
20.442752800,0,0
20.443197920,1,0
20.443274080,1,1
20.443697920,0,1
20.443751520,0,0
20.444197760,1,0
20.444249440,1,1
20.444697760,0,1
20.444751680,0,0
20.445197760,1,0
20.445248960,1,1
20.445697760,0,1
20.445752000,0,0
20.446197760,1,0
20.446248800,1,1
20.446697600,0,1
20.446751680,0,0
20.447197600,1,0
20.447248480,1,1
20.447697600,0,1
20.447751360,0,0
20.448197600,1,0
20.448248800,1,1
20.448697600,0,1
20.448751680,0,0
20.449197440,1,0
20.449248640,1,1
20.449697440,0,1
20.449748640,0,0
20.450197440,1,0
20.450248800,1,1
20.450697440,0,1
20.450748480,0,0
20.451197440,1,0
20.451251040,1,1
20.451697440,0,1
20.451748320,0,0
20.452197280,1,0
20.452250880,1,1
20.452697280,0,1
20.452748800,0,0
20.453197280,1,0
20.453276480,1,1
20.453697280,0,1
20.453744000,0,0
20.454197280,1,0
20.454245760,1,1
20.454697280,0,1
20.454743520,0,0
20.455197120,1,0
20.455245920,1,1
20.455697120,0,1
20.455743360,0,0
20.456197120,1,0
20.456245760,1,1
20.456697120,0,1
20.456743200,0,0
20.457197120,1,0
20.457246080,1,1
20.457696960,0,1
20.457743040,0,0
20.458196960,1,0
20.458245440,1,1
20.458696960,0,1
20.458743040,0,0
20.459196960,1,0
20.459245600,1,1
20.459696960,0,1
20.459742720,0,0
20.460196800,1,0
20.460243040,1,1
20.460696800,0,1
20.460743200,0,0
20.461196800,1,0
20.461243200,1,1
20.461696800,0,1
20.461745920,0,0
20.462196800,1,0
20.462243200,1,1
20.462696800,0,1
20.462745600,0,0
20.463196640,1,0
20.463279360,1,1
20.463696640,0,1
20.463750880,0,0
20.464196640,1,0
20.464246560,1,1
20.464696640,0,1
20.464749440,0,0
20.465196640,1,0
20.465246720,1,1
20.465696640,0,1
20.465749120,0,0
20.466196480,1,0
20.466246560,1,1
20.466696480,0,1
20.466749280,0,0
20.467196480,1,0
20.467246560,1,1
20.467696480,0,1
20.467749280,0,0
20.468196320,1,0
20.468246720,1,1
20.468696320,0,1
20.468749120,0,0
20.469196320,1,0
20.469246880,1,1
20.469696320,0,1
20.469749760,0,0
20.470196320,1,0
20.470246880,1,1
20.470696320,0,1
20.470748800,0,0
20.471196160,1,0
20.471246400,1,1
20.471696160,0,1
20.471746080,0,0
20.472196160,1,0
20.472246560,1,1
20.472696160,0,1
20.472746080,0,0
20.473196160,1,0
20.473276480,1,1
20.473696160,0,1
20.473746560,0,0
20.474196000,1,0
20.474248960,1,1
20.474696000,0,1
20.474745280,0,0
20.475196000,1,0
20.475248960,1,1
20.475696000,0,1
20.475746240,0,0
20.476196000,1,0
20.476248320,1,1
20.476695840,0,1
20.476746080,0,0
20.477195840,1,0
20.477248640,1,1
20.477695840,0,1
20.477746240,0,0
20.478195840,1,0
20.478248640,1,1
20.478695840,0,1
20.478745760,0,0
20.479195680,1,0
20.479248480,1,1
20.479695680,0,1
20.479745760,0,0
20.480195680,1,0
20.480248800,1,1
20.480695680,0,1
20.480746080,0,0
20.481195680,1,0
20.481248480,1,1
20.481695680,0,1
20.481746080,0,0
20.482195520,1,0
20.482246080,1,1
20.482695520,0,1
20.482745440,0,0
20.483195520,1,0
20.483272160,1,1
20.483695520,0,1
20.483748480,0,0
20.484195520,1,0
20.484245920,1,1
20.484695520,0,1
20.484748320,0,0
20.485195360,1,0
20.485245600,1,1
20.485695360,0,1
20.485748480,0,0
20.486195360,1,0
20.486245280,1,1
20.486695360,0,1
20.486748320,0,0
20.487195360,1,0
20.487245600,1,1
20.487695200,0,1
20.487748320,0,0
20.488195200,1,0
20.488245120,1,1
20.488695200,0,1
20.488748480,0,0
20.489195200,1,0
20.489245280,1,1
20.489695200,0,1
20.489748160,0,0
20.490195040,1,0
20.490245440,1,1
20.490695040,0,1
20.490748160,0,0
20.491195040,1,0
20.491245120,1,1
20.491695040,0,1
20.491747840,0,0
20.492195040,1,0
20.492245120,1,1
20.492695040,0,1
20.492744800,0,0
20.493194880,1,0
20.493268640,1,1
20.493694880,0,1
20.493745920,0,0
20.494194880,1,0
20.494247680,1,1
20.494694880,0,1
20.494745120,0,0
20.495194880,1,0
20.495247680,1,1
20.495694880,0,1
20.495744960,0,0
20.496194720,1,0
20.496247200,1,1
20.496694720,0,1
20.496744640,0,0
20.497194720,1,0
20.497247200,1,1
20.497694720,0,1
20.497744960,0,0
20.498194720,1,0
20.498247200,1,1
20.498694560,0,1
20.498744640,0,0
20.499194560,1,0
20.499247680,1,1
20.499694560,0,1
20.499744160,0,0
20.500194560,1,0
20.500247200,1,1
20.500694560,0,1
20.500744800,0,0
20.501194400,1,0
20.501247200,1,1
20.501694400,0,1
20.501744480,0,0
20.502194400,1,0
20.502246880,1,1
20.502694400,0,1
20.502744160,0,0
20.503194400,1,0
20.503272320,1,1
20.503694400,0,1
20.503744640,0,0
20.504194240,1,0
20.504244160,1,1
20.504694240,0,1
20.504744800,0,0
20.505194240,1,0
20.505244160,1,1
20.505694240,0,1
20.505747520,0,0
20.506194240,1,0
20.506244320,1,1
20.506694240,0,1
20.506747040,0,0
20.507194080,1,0
20.507244000,1,1
20.507694080,0,1
20.507746880,0,0
20.508194080,1,0
20.508244320,1,1
20.508694080,0,1
20.508746880,0,0
20.509193920,1,0
20.509244000,1,1
20.509693920,0,1
20.509747040,0,0
20.510193920,1,0
20.510244160,1,1
20.510693920,0,1
20.510747680,0,0
20.511193920,1,0
20.511243840,1,1
20.511693920,0,1
20.511746720,0,0
20.512193760,1,0
20.512243680,1,1
20.512693760,0,1
20.512746880,0,0
20.513193760,1,0
20.513267360,1,1
20.513693760,0,1
20.513747840,0,0
20.514193760,1,0
20.514244000,1,1
20.514693760,0,1
20.514743840,0,0
20.515193600,1,0
20.515243680,1,1
20.515693600,0,1
20.515743520,0,0
20.516193600,1,0
20.516246400,1,1
20.516693600,0,1
20.516743840,0,0
20.517193600,1,0
20.517245920,1,1
20.517693440,0,1
20.517743520,0,0
20.518193440,1,0
20.518246560,1,1
20.518693440,0,1
20.518743200,0,0
20.519193440,1,0
20.519246720,1,1
20.519693440,0,1
20.519743680,0,0
20.520193280,1,0
20.520246240,1,1
20.520693280,0,1
20.520743200,0,0
20.521193280,1,0
20.521245920,1,1
20.521693280,0,1
20.521743040,0,0
20.522193280,1,0
20.522246080,1,1
20.522693280,0,1
20.522743360,0,0
20.523193120,1,0
20.523272960,1,1
20.523693120,0,1
20.523743520,0,0
20.524193120,1,0
20.524246240,1,1
20.524693120,0,1
20.524742880,0,0
20.525193120,1,0
20.525243040,1,1
20.525693120,0,1
20.525743040,0,0
20.526192960,1,0
20.526242720,1,1
20.526692960,0,1
20.526745760,0,0
20.527192960,1,0
20.527243040,1,1
20.527692960,0,1
20.527745920,0,0
20.528192960,1,0
20.528243680,1,1
20.528692800,0,1
20.528745280,0,0
20.529192800,1,0
20.529242560,1,1
20.529692800,0,1
20.529745600,0,0
20.530192800,1,0
20.530243040,1,1
20.530692800,0,1
20.530746240,0,0
20.531192640,1,0
20.531243520,1,1
20.531692640,0,1
20.531745600,0,0
20.532192640,1,0
20.532242560,1,1
20.532692640,0,1
20.532745440,0,0
20.533192640,1,0
20.533267040,1,1
20.533692640,0,1
20.533745920,0,0
20.534192480,1,0
20.534242560,1,1
20.534692480,0,1
20.534745280,0,0
20.535192480,1,0
20.535242560,1,1
20.535692480,0,1
20.535744960,0,0
20.536192480,1,0
20.536242560,1,1
20.536692480,0,1
20.536742080,0,0
20.537192320,1,0
20.537242560,1,1
20.537692320,0,1
20.537742400,0,0
20.538192320,1,0
20.538245280,1,1
20.538692320,0,1
20.538742240,0,0
20.539192320,1,0
20.539244800,1,1
20.539692160,0,1
20.539742560,0,0
20.540192160,1,0
20.540245280,1,1
20.540692160,0,1
20.540742240,0,0
20.541192160,1,0
20.541245280,1,1
20.541692160,0,1
20.541742240,0,0
20.542192000,1,0
20.542244800,1,1
20.542692000,0,1
20.542742080,0,0
20.543192000,1,0
20.543272960,1,1
20.543692000,0,1
20.543742560,0,0
20.544192000,1,0
20.544244960,1,1
20.544692000,0,1
20.544742080,0,0
20.545191840,1,0
20.545244800,1,1
20.545691840,0,1
20.545742080,0,0
20.546191840,1,0
20.546244800,1,1
20.546691840,0,1
20.546741760,0,0
20.547191840,1,0
20.547242080,1,1
20.547691840,0,1
20.547741920,0,0
20.548191680,1,0
20.548241600,1,1
20.548691680,0,1
20.548744640,0,0
20.549191680,1,0
20.549241920,1,1
20.549691680,0,1
20.549744320,0,0
20.550191680,1,0
20.550241760,1,1
20.550691520,0,1
20.550744000,0,0
20.551191520,1,0
20.551241440,1,1
20.551691520,0,1
20.551744480,0,0
20.552191520,1,0
20.552241280,1,1
20.552691520,0,1
20.552744000,0,0
20.553191360,1,0
20.553265760,1,1
20.553691360,0,1
20.553744800,0,0
20.554191360,1,0
20.554241600,1,1
20.554691360,0,1
20.554744640,0,0
20.555191360,1,0
20.555241440,1,1
20.555691360,0,1
20.555744480,0,0
20.556191200,1,0
20.556241440,1,1
20.556691200,0,1
20.556744000,0,0
20.557191200,1,0
20.557241760,1,1
20.557691200,0,1
20.557741440,0,0
20.558191200,1,0
20.558241600,1,1
20.558691200,0,1
20.558741120,0,0
20.559191040,1,0
20.559243520,1,1
20.559691040,0,1
20.559740800,0,0
20.560191040,1,0
20.560243520,1,1
20.560691040,0,1
20.560740960,0,0
20.561190880,1,0
20.561243520,1,1
20.561690880,0,1
20.561741280,0,0
20.562190880,1,0
20.562243680,1,1
20.562690880,0,1
20.562740800,0,0
20.563190880,1,0
20.563269120,1,1
20.563690880,0,1
20.563741280,0,0
20.564190720,1,0
20.564243840,1,1
20.564690720,0,1
20.564741120,0,0
20.565190720,1,0
20.565243200,1,1
20.565690720,0,1
20.565740800,0,0
20.566190720,1,0
20.566243680,1,1
20.566690720,0,1
20.566740640,0,0
20.567190560,1,0
20.567243520,1,1
20.567690560,0,1
20.567740960,0,0
20.568190560,1,0
20.568243680,1,1
20.568690560,0,1
20.568740640,0,0
20.569190560,1,0
20.569240480,1,1
20.569690400,0,1
20.569743200,0,0
20.570190400,1,0
20.570240800,1,1
20.570690400,0,1
20.570743680,0,0
20.571190400,1,0
20.571240480,1,1
20.571690400,0,1
20.571743680,0,0
20.572190240,1,0
20.572240320,1,1
20.572690240,0,1
20.572743040,0,0
20.573190240,1,0
20.573267200,1,1
20.573690240,0,1
20.573743680,0,0
20.574190240,1,0
20.574240320,1,1
20.574690240,0,1
20.574743200,0,0
20.575190080,1,0
20.575240000,1,1
20.575690080,0,1
20.575743200,0,0
20.576190080,1,0
20.576240480,1,1
20.576690080,0,1
20.576743040,0,0
20.577190080,1,0
20.577240320,1,1
20.577690080,0,1
20.577743360,0,0
20.578189920,1,0
20.578240000,1,1
20.578689920,0,1
20.578742880,0,0
20.579189920,1,0
20.579240160,1,1
20.579689920,0,1
20.579740160,0,0
20.580189920,1,0
20.580239680,1,1
20.580689760,0,1
20.580739680,0,0
20.581189760,1,0
20.581242400,1,1
20.581689760,0,1
20.581740320,0,0
20.582189760,1,0
20.582242400,1,1
20.582689760,0,1
20.582739840,0,0
20.583189600,1,0
20.583268320,1,1
20.583689600,0,1
20.583739840,0,0
20.584189600,1,0
20.584242560,1,1
20.584689600,0,1
20.584739360,0,0
20.585189600,1,0
20.585242560,1,1
20.585689600,0,1
20.585739520,0,0
20.586189440,1,0
20.586242240,1,1
20.586689440,0,1
20.586739680,0,0
20.587189440,1,0
20.587242400,1,1
20.587689440,0,1
20.587739840,0,0
20.588189440,1,0
20.588241920,1,1
20.588689440,0,1
20.588739360,0,0
20.589189280,1,0
20.589241920,1,1
20.589689280,0,1
20.589739200,0,0
20.590189280,1,0
20.590239360,1,1
20.590689280,0,1
20.590740000,0,0
20.591189280,1,0
20.591238880,1,1
20.591689120,0,1
20.591741760,0,0
20.592189120,1,0
20.592239040,1,1
20.592689120,0,1
20.592742400,0,0
20.593189120,1,0
20.593263040,1,1
20.593689120,0,1
20.593742080,0,0
20.594188960,1,0
20.594239360,1,1
20.594688960,0,1
20.594742080,0,0
20.595188960,1,0
20.595239200,1,1
20.595688960,0,1
20.595741920,0,0
20.596188960,1,0
20.596239200,1,1
20.596688960,0,1
20.596741920,0,0
20.597188800,1,0
20.597239200,1,1
20.597688800,0,1
20.597741760,0,0
20.598188800,1,0
20.598238880,1,1
20.598688800,0,1
20.598741760,0,0
20.599188800,1,0
20.599238720,1,1
20.599688800,0,1
20.599741760,0,0
20.600188640,1,0
20.600238560,1,1
20.600688640,0,1
20.600738720,0,0
20.601188640,1,0
20.601238560,1,1
20.601688640,0,1
20.601738240,0,0
20.602188480,1,0
20.602241440,1,1
20.602688480,0,1
20.602738400,0,0
20.603188480,1,0
20.603269280,1,1
20.603688480,0,1
20.603738560,0,0
20.604188480,1,0
20.604241280,1,1
20.604688480,0,1
20.604738560,0,0
20.605188320,1,0
20.605241280,1,1
20.605688320,0,1
20.605738560,0,0
20.606188320,1,0
20.606241120,1,1
20.606688320,0,1
20.606738240,0,0
20.607188320,1,0
20.607241280,1,1
20.607688320,0,1
20.607738560,0,0
20.608188160,1,0
20.608240800,1,1
20.608688160,0,1
20.608738720,0,0
20.609188160,1,0
20.609241120,1,1
20.609688160,0,1
20.609738240,0,0
20.610188160,1,0
20.610241280,1,1
20.610688000,0,1
20.610738400,0,0
20.611188000,1,0
20.611240960,1,1
20.611688000,0,1
20.611738080,0,0
20.612188000,1,0
20.612238080,1,1
20.612688000,0,1
20.612738240,0,0
20.613187840,1,0
20.613261920,1,1
20.613687840,0,1
20.613741280,0,0
20.614187840,1,0
20.614238080,1,1
20.614687840,0,1
20.614740320,0,0
20.615187840,1,0
20.615238240,1,1
20.615687840,0,1
20.615740800,0,0
20.616187680,1,0
20.616237920,1,1
20.616687680,0,1
20.616740640,0,0
20.617187680,1,0
20.617237600,1,1
20.617687680,0,1
20.617740640,0,0
20.618187680,1,0
20.618238560,1,1
20.618687680,0,1
20.618740640,0,0
20.619187520,1,0
20.619238080,1,1
20.619687520,0,1
20.619740480,0,0
20.620187520,1,0
20.620237920,1,1
20.620687520,0,1
20.620740480,0,0
20.621187520,1,0
20.621237920,1,1
20.621687360,0,1
20.621740800,0,0
20.622187360,1,0
20.622237760,1,1
20.622687360,0,1
20.622736960,0,0
20.623187360,1,0
20.623264960,1,1
20.623687360,0,1
20.623737920,0,0
20.624187200,1,0
20.624240320,1,1
20.624687200,0,1
20.624737920,0,0
20.625187200,1,0
20.625240000,1,1
20.625687200,0,1
20.625737440,0,0
20.626187200,1,0
20.626240160,1,1
20.626687200,0,1
20.626737280,0,0
20.627187040,1,0
20.627239680,1,1
20.627687040,0,1
20.627737120,0,0
20.628187040,1,0
20.628239840,1,1
20.628687040,0,1
20.628737280,0,0
20.629187040,1,0
20.629239680,1,1
20.629687040,0,1
20.629737440,0,0
20.630186880,1,0
20.630240000,1,1
20.630686880,0,1
20.630737120,0,0
20.631186880,1,0
20.631239840,1,1
20.631686880,0,1
20.631737440,0,0
20.632186880,1,0
20.632239520,1,1
20.632686720,0,1
20.632736960,0,0
20.633186720,1,0
20.633262240,1,1
20.633686720,0,1
20.633736800,0,0
20.634186720,1,0
20.634236480,1,1
20.634686720,0,1
20.634739360,0,0
20.635186560,1,0
20.635237120,1,1
20.635686560,0,1
20.635739360,0,0
20.636186560,1,0
20.636236960,1,1
20.636686560,0,1
20.636739360,0,0
20.637186560,1,0
20.637236960,1,1
20.637686560,0,1
20.637739360,0,0
20.638186400,1,0
20.638236640,1,1
20.638686400,0,1
20.638739360,0,0
20.639186400,1,0
20.639236800,1,1
20.639686400,0,1
20.639739200,0,0
20.640186400,1,0
20.640236640,1,1
20.640686400,0,1
20.640739360,0,0
20.641186240,1,0
20.641236480,1,1
20.641686240,0,1
20.641739040,0,0
20.642186240,1,0
20.642236480,1,1
20.642686240,0,1
20.642739200,0,0
20.643186240,1,0
20.643260320,1,1
20.643686080,0,1
20.643740160,0,0
20.644186080,1,0
20.644236480,1,1
20.644686080,0,1
20.644736320,0,0
20.645186080,1,0
20.645235840,1,1
20.645686080,0,1
20.645735520,0,0
20.646185920,1,0
20.646238880,1,1
20.646685920,0,1
20.646736000,0,0
20.647185920,1,0
20.647238560,1,1
20.647685920,0,1
20.647735680,0,0
20.648185920,1,0
20.648238240,1,1
20.648685920,0,1
20.648735680,0,0
20.649185760,1,0
20.649238560,1,1
20.649685760,0,1
20.649735840,0,0
20.650185760,1,0
20.650238400,1,1
20.650685760,0,1
20.650736320,0,0
20.651185760,1,0
20.651238560,1,1
20.651685760,0,1
20.651736160,0,0
20.652185600,1,0
20.652238400,1,1
20.652685600,0,1
20.652735680,0,0
20.653185600,1,0
20.653263840,1,1
20.653685600,0,1
20.653735840,0,0
20.654185440,1,0
20.654238560,1,1
20.654685440,0,1
20.654735840,0,0
20.655185440,1,0
20.655235200,1,1
20.655685440,0,1
20.655735520,0,0
20.656185440,1,0
20.656235520,1,1
20.656685440,0,1
20.656738240,0,0
20.657185280,1,0
20.657235840,1,1
20.657685280,0,1
20.657737920,0,0
20.658185280,1,0
20.658235360,1,1
20.658685280,0,1
20.658738080,0,0
20.659185280,1,0
20.659235840,1,1
20.659685280,0,1
20.659738240,0,0
20.660185120,1,0
20.660235040,1,1
20.660685120,0,1
20.660738400,0,0
20.661185120,1,0
20.661235200,1,1
20.661685120,0,1
20.661738400,0,0
20.662185120,1,0
20.662235200,1,1
20.662684960,0,1
20.662738080,0,0
20.663184960,1,0
20.663261280,1,1
20.663684960,0,1
20.663738400,0,0
20.664184960,1,0
20.664235040,1,1
20.664684960,0,1
20.664738400,0,0
20.665184800,1,0
20.665234720,1,1
20.665684800,0,1
20.665734240,0,0
20.666184800,1,0
20.666235360,1,1
20.666684800,0,1
20.666734560,0,0
20.667184800,1,0
20.667238080,1,1
20.667684800,0,1
20.667735040,0,0
20.668184640,1,0
20.668237440,1,1
20.668684640,0,1
20.668735360,0,0
20.669184640,1,0
20.669237760,1,1
20.669684640,0,1
20.669734880,0,0
20.670184640,1,0
20.670237120,1,1
20.670684640,0,1
20.670734720,0,0
20.671184480,1,0
20.671237280,1,1
20.671684480,0,1
20.671734560,0,0
20.672184480,1,0
20.672236960,1,1
20.672684480,0,1
20.672735040,0,0
20.673184480,1,0
20.673263840,1,1
20.673684320,0,1
20.673734880,0,0
20.674184320,1,0
20.674237280,1,1
20.674684320,0,1
20.674734720,0,0
20.675184320,1,0
20.675237280,1,1
20.675684320,0,1
20.675734240,0,0
20.676184160,1,0
20.676237280,1,1
20.676684160,0,1
20.676734080,0,0
20.677184160,1,0
20.677234240,1,1
20.677684160,0,1
20.677734240,0,0
20.678184160,1,0
20.678233920,1,1
20.678684160,0,1
20.678737280,0,0
20.679184000,1,0
20.679234240,1,1
20.679684000,0,1
20.679736960,0,0
20.680184000,1,0
20.680234560,1,1
20.680684000,0,1
20.680737280,0,0
20.681184000,1,0
20.681234080,1,1
20.681684000,0,1
20.681736800,0,0
20.682183840,1,0
20.682234240,1,1
20.682683840,0,1
20.682737120,0,0
20.683183840,1,0
20.683260800,1,1
20.683683840,0,1
20.683737440,0,0
20.684183840,1,0
20.684233760,1,1
20.684683680,0,1
20.684736640,0,0
20.685183680,1,0
20.685233920,1,1
20.685683680,0,1
20.685737280,0,0
20.686183680,1,0
20.686234080,1,1
20.686683680,0,1
20.686737120,0,0
20.687183520,1,0
20.687233760,1,1
20.687683520,0,1
20.687733600,0,0
20.688183520,1,0
20.688233920,1,1
20.688683520,0,1
20.688733440,0,0
20.689183520,1,0
20.689236320,1,1
20.689683520,0,1
20.689733440,0,0
20.690183360,1,0
20.690236160,1,1
20.690683360,0,1
20.690733280,0,0
20.691183360,1,0
20.691236160,1,1
20.691683360,0,1
20.691733600,0,0
20.692183360,1,0
20.692236000,1,1
20.692683360,0,1
20.692733120,0,0
20.693183200,1,0
20.693261760,1,1
20.693683200,0,1
20.693733600,0,0
20.694183200,1,0
20.694235840,1,1
20.694683200,0,1
20.694733280,0,0
20.695183200,1,0
20.695236320,1,1
20.695683040,0,1
20.695733440,0,0
20.696183040,1,0
20.696235840,1,1
20.696683040,0,1
20.696732640,0,0
20.697183040,1,0
20.697235680,1,1
20.697683040,0,1
20.697733280,0,0
20.698182880,1,0
20.698232960,1,1
20.698682880,0,1
20.698733440,0,0
20.699182880,1,0
20.699232800,1,1
20.699682880,0,1
20.699735840,0,0
20.700182880,1,0
20.700232960,1,1
20.700682880,0,1
20.700735840,0,0
20.701182720,1,0
20.701233280,1,1
20.701682720,0,1
20.701735360,0,0
20.702182720,1,0
20.702232960,1,1
20.702682720,0,1
20.702735360,0,0
20.703182720,1,0
20.703256480,1,1
20.703682720,0,1
20.703736480,0,0
20.704182560,1,0
20.704233280,1,1
20.704682560,0,1
20.704735520,0,0
20.705182560,1,0
20.705233440,1,1
20.705682560,0,1
20.705735040,0,0
20.706182560,1,0
20.706232800,1,1
20.706682400,0,1
20.706735360,0,0
20.707182400,1,0
20.707232480,1,1
20.707682400,0,1
20.707735680,0,0
20.708182400,1,0
20.708232960,1,1
20.708682400,0,1
20.708735680,0,0
20.709182240,1,0
20.709232160,1,1
20.709682240,0,1
20.709732000,0,0
20.710182240,1,0
20.710232800,1,1
20.710682240,0,1
20.710732000,0,0
20.711182240,1,0
20.711235040,1,1
20.711682240,0,1
20.711732000,0,0
20.712182080,1,0
20.712234560,1,1
20.712682080,0,1
20.712732480,0,0
20.713182080,1,0
20.713260320,1,1
20.713682080,0,1
20.713732800,0,0
20.714182080,1,0
20.714235200,1,1
20.714682080,0,1
20.714731840,0,0
20.715181920,1,0
20.715235040,1,1
20.715681920,0,1
20.715732160,0,0
20.716181920,1,0
20.716234880,1,1
20.716681920,0,1
20.716732320,0,0
20.717181760,1,0
20.717234720,1,1
20.717681760,0,1
20.717732320,0,0
20.718181760,1,0
20.718234880,1,1
20.718681760,0,1
20.718732320,0,0
20.719181760,1,0
20.719234720,1,1
20.719681760,0,1
20.719732320,0,0
20.720181600,1,0
20.720231520,1,1
20.720681600,0,1
20.720731840,0,0
20.721181600,1,0
20.721231680,1,1
20.721681600,0,1
20.721734240,0,0
20.722181600,1,0
20.722231520,1,1
20.722681600,0,1
20.722734720,0,0
20.723181440,1,0
20.723231680,1,1
20.723681440,0,1
20.723734720,0,0
20.724181440,1,0
20.724231520,1,1
20.724681440,0,1
20.724734240,0,0
20.725181440,1,0
20.725231360,1,1
20.725681280,0,1
20.725734240,0,0
20.726181280,1,0
20.726231680,1,1
20.726681280,0,1
20.726734240,0,0
20.727181280,1,0
20.727231680,1,1
20.727681280,0,1
20.727733920,0,0
20.728181120,1,0
20.728231200,1,1
20.728681120,0,1
20.728734080,0,0
20.729181120,1,0
20.729231200,1,1
20.729681120,0,1
20.729734240,0,0
20.730181120,1,0
20.730231200,1,1
20.730681120,0,1
20.730731200,0,0
20.731180960,1,0
20.731231360,1,1
20.731680960,0,1
20.731731040,0,0
20.732180960,1,0
20.732233600,1,1
20.732680960,0,1
20.732731040,0,0
20.733180960,1,0
20.733259040,1,1
20.733680960,0,1
20.733731520,0,0
20.734180800,1,0
20.734233760,1,1
20.734680800,0,1
20.734730880,0,0
20.735180800,1,0
20.735233920,1,1
20.735680800,0,1
20.735731040,0,0
20.736180800,1,0
20.736233760,1,1
20.736680640,0,1
20.736730240,0,0
20.737180640,1,0
20.737233600,1,1
20.737680640,0,1
20.737730560,0,0
20.738180640,1,0
20.738233120,1,1
20.738680640,0,1
20.738730240,0,0
20.739180480,1,0
20.739232960,1,1
20.739680480,0,1
20.739730720,0,0
20.740180480,1,0
20.740233120,1,1
20.740680480,0,1
20.740730720,0,0
20.741180480,1,0
20.741233600,1,1
20.741680480,0,1
20.741730880,0,0
20.742180320,1,0
20.742230560,1,1
20.742680320,0,1
20.742730560,0,0
20.743180320,1,0
20.743230400,1,1
20.743680320,0,1
20.743733600,0,0
20.744180320,1,0
20.744230720,1,1
20.744680320,0,1
20.744732640,0,0
20.745180160,1,0
20.745230240,1,1
20.745680160,0,1
20.745732800,0,0
20.746180160,1,0
20.746230560,1,1
20.746680160,0,1
20.746733280,0,0
20.747180160,1,0
20.747230400,1,1
20.747680000,0,1
20.747732960,0,0
20.748180000,1,0
20.748230240,1,1
20.748680000,0,1
20.748733120,0,0
20.749180000,1,0
20.749230240,1,1
20.749680000,0,1
20.749732960,0,0
20.750179840,1,0
20.750230080,1,1
20.750679840,0,1
20.750732960,0,0
20.751179840,1,0
20.751229760,1,1
20.751679840,0,1
20.751732320,0,0
20.752179840,1,0
20.752230080,1,1
20.752679840,0,1
20.752729440,0,0
20.753179680,1,0
20.753230400,1,1
20.753679680,0,1
20.753730720,0,0
20.754179680,1,0
20.754232960,1,1
20.754679680,0,1
20.754730080,0,0
20.755179680,1,0
20.755232320,1,1
20.755679680,0,1
20.755729920,0,0
20.756179520,1,0
20.756232000,1,1
20.756679520,0,1
20.756729600,0,0
20.757179520,1,0
20.757232640,1,1
20.757679520,0,1
20.757730080,0,0
20.758179520,1,0
20.758232160,1,1
20.758679360,0,1
20.758729600,0,0
20.759179360,1,0
20.759232320,1,1
20.759679360,0,1
20.759729600,0,0
20.760179360,1,0
20.760232000,1,1
20.760679360,0,1
20.760729120,0,0
20.761179200,1,0
20.761232160,1,1
20.761679200,0,1
20.761729760,0,0
20.762179200,1,0
20.762232000,1,1
20.762679200,0,1
20.762729280,0,0
20.763179200,1,0
20.763229440,1,1
20.763679200,0,1
20.763730080,0,0
20.764179040,1,0
20.764228960,1,1
20.764679040,0,1
20.764731680,0,0
20.765179040,1,0
20.765228960,1,1
20.765679040,0,1
20.765731840,0,0
20.766179040,1,0
20.766229280,1,1
20.766678880,0,1
20.766731520,0,0
20.767178880,1,0
20.767228640,1,1
20.767678880,0,1
20.767731840,0,0
20.768178880,1,0
20.768229280,1,1
20.768678880,0,1
20.768731520,0,0
20.769178720,1,0
20.769229120,1,1
20.769678720,0,1
20.769731680,0,0
20.770178720,1,0
20.770228800,1,1
20.770678720,0,1
20.770731680,0,0
20.771178720,1,0
20.771229120,1,1
20.771678720,0,1
20.771731520,0,0
20.772178560,1,0
20.772228800,1,1
20.772678560,0,1
20.772731360,0,0
20.773178560,1,0
20.773228960,1,1
20.773678560,0,1
20.773731680,0,0
20.774178560,1,0
20.774228480,1,1
20.774678560,0,1
20.774728480,0,0
20.775178400,1,0
20.775228800,1,1
20.775678400,0,1
20.775728640,0,0
20.776178400,1,0
20.776231680,1,1
20.776678400,0,1
20.776728800,0,0
20.777178400,1,0
20.777231040,1,1
20.777678240,0,1
20.777728320,0,0
20.778178240,1,0
20.778231200,1,1
20.778678240,0,1
20.778728160,0,0
20.779178240,1,0
20.779231040,1,1
20.779678240,0,1
20.779728160,0,0
20.780178080,1,0
20.780231040,1,1
20.780678080,0,1
20.780728160,0,0
20.781178080,1,0
20.781230720,1,1
20.781678080,0,1
20.781728160,0,0
20.782178080,1,0
20.782230880,1,1
20.782678080,0,1
20.782728320,0,0
20.783177920,1,0
20.783230720,1,1
20.783677920,0,1
20.783728480,0,0
20.784177920,1,0
20.784230720,1,1
20.784677920,0,1
20.784728000,0,0
20.785177920,1,0
20.785228000,1,1
20.785677920,0,1
20.785728000,0,0
20.786177760,1,0
20.786227680,1,1
20.786677760,0,1
20.786730080,0,0
20.787177760,1,0
20.787227840,1,1
20.787677760,0,1
20.787730400,0,0
20.788177760,1,0
20.788227680,1,1
20.788677600,0,1
20.788730880,0,0
20.789177600,1,0
20.789227840,1,1
20.789677600,0,1
20.789730560,0,0
20.790177600,1,0
20.790227680,1,1
20.790677600,0,1
20.790729920,0,0
20.791177440,1,0
20.791227520,1,1
20.791677440,0,1
20.791730720,0,0
20.792177440,1,0
20.792227680,1,1
20.792677440,0,1
20.792730240,0,0
20.793177440,1,0
20.793227360,1,1
20.793677440,0,1
20.793730880,0,0
20.794177280,1,0
20.794227520,1,1
20.794677280,0,1
20.794730240,0,0
20.795177280,1,0
20.795227360,1,1
20.795677280,0,1
20.795727360,0,0
20.796177280,1,0
20.796226880,1,1
20.796677280,0,1
20.796727680,0,0
20.797177120,1,0
20.797229760,1,1
20.797677120,0,1
20.797727200,0,0
20.798177120,1,0
20.798229920,1,1
20.798677120,0,1
20.798727360,0,0
20.799176960,1,0
20.799230080,1,1
20.799676960,0,1
20.799726720,0,0
20.800176960,1,0
20.800230240,1,1
20.800676960,0,1
20.800727040,0,0
20.801176960,1,0
20.801229760,1,1
20.801676960,0,1
20.801726880,0,0
20.802176800,1,0
20.802229600,1,1
20.802676800,0,1
20.802727040,0,0
20.803176800,1,0
20.803229760,1,1
20.803676800,0,1
20.803727520,0,0
20.804176800,1,0
20.804229600,1,1
20.804676800,0,1
20.804726560,0,0
20.805176640,1,0
20.805229760,1,1
20.805676640,0,1
20.805726880,0,0
20.806176640,1,0
20.806229440,1,1
20.806676640,0,1
20.806726560,0,0
20.807176640,1,0
20.807226880,1,1
20.807676480,0,1
20.807726720,0,0
20.808176480,1,0
20.808226720,1,1
20.808676480,0,1
20.808729600,0,0
20.809176480,1,0
20.809226240,1,1
20.809676480,0,1
20.809729600,0,0
20.810176320,1,0
20.810226240,1,1
20.810676320,0,1
20.810728960,0,0
20.811176320,1,0
20.811226720,1,1
20.811676320,0,1
20.811728960,0,0
20.812176320,1,0
20.812226240,1,1
20.812676320,0,1
20.812728960,0,0
20.813176160,1,0
20.813226400,1,1
20.813676160,0,1
20.813729600,0,0
20.814176160,1,0
20.814226240,1,1
20.814676160,0,1
20.814728960,0,0
20.815176160,1,0
20.815225920,1,1
20.815676160,0,1
20.815728480,0,0
20.816176000,1,0
20.816226080,1,1
20.816676000,0,1
20.816729120,0,0
20.817176000,1,0
20.817225920,1,1
20.817676000,0,1
20.817725760,0,0
20.818176000,1,0
20.818226080,1,1
20.818675840,0,1
20.818725920,0,0
20.819175840,1,0
20.819228640,1,1
20.819675840,0,1
20.819725760,0,0
20.820175840,1,0
20.820228640,1,1
20.820675840,0,1
20.820725760,0,0
20.821175680,1,0
20.821228480,1,1
20.821675680,0,1
20.821725440,0,0
20.822175680,1,0
20.822228160,1,1
20.822675680,0,1
20.822725600,0,0
20.823175680,1,0
20.823228160,1,1
20.823675680,0,1
20.823725600,0,0
20.824175520,1,0
20.824228000,1,1
20.824675520,0,1
20.824725120,0,0
20.825228160,0,1
23.823646720,0,1
